STRUCTURE,STRUCTURE_ID,STRUCTURE_NAME,ACTION,FREQ,Frequency of observation,ADJUSTMENT,Adjustment,REF_AREA,Reference area,SECTOR,Institutional sector,COUNTERPART_SECTOR,Counterpart institutional sector,TRANSACTION,Transaction,INSTR_ASSET,Financial instruments and non-financial assets,ACTIVITY,Economic activity,EXPENDITURE,Expenditure,UNIT_MEASURE,Unit of measure,PRICE_BASE,Price base,TRANSFORMATION,Transformation,TABLE_IDENTIFIER,Table identifier,TIME_PERIOD,Time period,OBS_VALUE,Observation value,REF_YEAR_PRICE,Price reference year,BASE_PER,Base period,CONF_STATUS,Confidentiality status,DECIMALS,Decimals,OBS_STATUS,Observation status,UNIT_MULT,Unit multiplier,CURRENCY,Currency
DATAFLOW,OECD.SDD.NAD:DSD_NAMAIN1@DF_QNA_EXPENDITURE_CAPITA(1.1),Quarterly GDP per capita,I,Q,Quarterly,Y,Calendar and seasonally adjusted,HRV,Croatia,S1,Total economy,S1,Total economy,B1GQ_POP,"Gross domestic product, per capita",_Z,Not applicable,_Z,Not applicable,_Z,Not applicable,USD_PPP_PS,"US dollars per person, PPP converted",V,Current prices,LA,Annual levels,T0102,Table 0102 - GDP identity from the expenditure side,2024-Q2,,49346.322160184,,,,,,F,Free (free for publication),1,One,P,Provisional value,0,Units,USD,US dollar
DATAFLOW,OECD.SDD.NAD:DSD_NAMAIN1@DF_QNA_EXPENDITURE_CAPITA(1.1),Quarterly GDP per capita,I,Q,Quarterly,Y,Calendar and seasonally adjusted,AUS,Australia,S1,Total economy,S1,Total economy,B1GQ_POP,"Gross domestic product, per capita",_Z,Not applicable,_Z,Not applicable,_Z,Not applicable,USD_PPP_PS,"US dollars per person, PPP converted",LR,Chain linked volume (rebased),LA,Annual levels,T0102,Table 0102 - GDP identity from the expenditure side,2025-Q2,,57827.2,,2020,,,,F,Free (free for publication),1,One,A,Normal value,0,Units,USD,US dollar
DATAFLOW,OECD.SDD.NAD:DSD_NAMAIN1@DF_QNA_EXPENDITURE_CAPITA(1.1),Quarterly GDP per capita,I,Q,Quarterly,Y,Calendar and seasonally adjusted,AUS,Australia,S1,Total economy,S1,Total economy,B1GQ_POP,"Gross domestic product, per capita",_Z,Not applicable,_Z,Not applicable,_Z,Not applicable,USD_PPP_PS,"US dollars per person, PPP converted",LR,Chain linked volume (rebased),LA,Annual levels,T0102,Table 0102 - GDP identity from the expenditure side,2025-Q1,,57443.6,,2020,,,,F,Free (free for publication),1,One,A,Normal value,0,Units,USD,US dollar
DATAFLOW,OECD.SDD.NAD:DSD_NAMAIN1@DF_QNA_EXPENDITURE_CAPITA(1.1),Quarterly GDP per capita,I,Q,Quarterly,Y,Calendar and seasonally adjusted,MEX,Mexico,S1,Total economy,S1,Total economy,B1GQ_POP,"Gross domestic product, per capita",_Z,Not applicable,_Z,Not applicable,_Z,Not applicable,USD_PPP_PS,"US dollars per person, PPP converted",LR,Chain linked volume (rebased),LA,Annual levels,T0102,Table 0102 - GDP identity from the expenditure side,2023-Q4,,21608,,2020,,,,F,Free (free for publication),1,One,P,Provisional value,0,Units,USD,US dollar
DATAFLOW,OECD.SDD.NAD:DSD_NAMAIN1@DF_QNA_EXPENDITURE_CAPITA(1.1),Quarterly GDP per capita,I,Q,Quarterly,Y,Calendar and seasonally adjusted,AUS,Australia,S1,Total economy,S1,Total economy,B1GQ_POP,"Gross domestic product, per capita",_Z,Not applicable,_Z,Not applicable,_Z,Not applicable,USD_PPP_PS,"US dollars per person, PPP converted",LR,Chain linked volume (rebased),LA,Annual levels,T0102,Table 0102 - GDP identity from the expenditure side,2024-Q3,,57526.3,,2020,,,,F,Free (free for publication),1,One,A,Normal value,0,Units,USD,US dollar
DATAFLOW,OECD.SDD.NAD:DSD_NAMAIN1@DF_QNA_EXPENDITURE_CAPITA(1.1),Quarterly GDP per capita,I,Q,Quarterly,Y,Calendar and seasonally adjusted,AUS,Australia,S1,Total economy,S1,Total economy,B1GQ_POP,"Gross domestic product, per capita",_Z,Not applicable,_Z,Not applicable,_Z,Not applicable,USD_PPP_PS,"US dollars per person, PPP converted",LR,Chain linked volume (rebased),LA,Annual levels,T0102,Table 0102 - GDP identity from the expenditure side,2024-Q2,,57576.3,,2020,,,,F,Free (free for publication),1,One,A,Normal value,0,Units,USD,US dollar
DATAFLOW,OECD.SDD.NAD:DSD_NAMAIN1@DF_QNA_EXPENDITURE_CAPITA(1.1),Quarterly GDP per capita,I,Q,Quarterly,Y,Calendar and seasonally adjusted,AUS,Australia,S1,Total economy,S1,Total economy,B1GQ_POP,"Gross domestic product, per capita",_Z,Not applicable,_Z,Not applicable,_Z,Not applicable,USD_PPP_PS,"US dollars per person, PPP converted",LR,Chain linked volume (rebased),LA,Annual levels,T0102,Table 0102 - GDP identity from the expenditure side,2024-Q1,,57602.8,,2020,,,,F,Free (free for publication),1,One,A,Normal value,0,Units,USD,US dollar
DATAFLOW,OECD.SDD.NAD:DSD_NAMAIN1@DF_QNA_EXPENDITURE_CAPITA(1.1),Quarterly GDP per capita,I,Q,Quarterly,Y,Calendar and seasonally adjusted,AUS,Australia,S1,Total economy,S1,Total economy,B1GQ_POP,"Gross domestic product, per capita",_Z,Not applicable,_Z,Not applicable,_Z,Not applicable,USD_PPP_PS,"US dollars per person, PPP converted",LR,Chain linked volume (rebased),LA,Annual levels,T0102,Table 0102 - GDP identity from the expenditure side,2023-Q4,,57796.6,,2020,,,,F,Free (free for publication),1,One,A,Normal value,0,Units,USD,US dollar
DATAFLOW,OECD.SDD.NAD:DSD_NAMAIN1@DF_QNA_EXPENDITURE_CAPITA(1.1),Quarterly GDP per capita,I,Q,Quarterly,Y,Calendar and seasonally adjusted,AUS,Australia,S1,Total economy,S1,Total economy,B1GQ_POP,"Gross domestic product, per capita",_Z,Not applicable,_Z,Not applicable,_Z,Not applicable,USD_PPP_PS,"US dollars per person, PPP converted",LR,Chain linked volume (rebased),LA,Annual levels,T0102,Table 0102 - GDP identity from the expenditure side,2023-Q3,,58071.7,,2020,,,,F,Free (free for publication),1,One,A,Normal value,0,Units,USD,US dollar
DATAFLOW,OECD.SDD.NAD:DSD_NAMAIN1@DF_QNA_EXPENDITURE_CAPITA(1.1),Quarterly GDP per capita,I,Q,Quarterly,Y,Calendar and seasonally adjusted,AUS,Australia,S1,Total economy,S1,Total economy,B1GQ_POP,"Gross domestic product, per capita",_Z,Not applicable,_Z,Not applicable,_Z,Not applicable,USD_PPP_PS,"US dollars per person, PPP converted",LR,Chain linked volume (rebased),LA,Annual levels,T0102,Table 0102 - GDP identity from the expenditure side,2023-Q2,,58209.9,,2020,,,,F,Free (free for publication),1,One,A,Normal value,0,Units,USD,US dollar
DATAFLOW,OECD.SDD.NAD:DSD_NAMAIN1@DF_QNA_EXPENDITURE_CAPITA(1.1),Quarterly GDP per capita,I,Q,Quarterly,Y,Calendar and seasonally adjusted,AUS,Australia,S1,Total economy,S1,Total economy,B1GQ_POP,"Gross domestic product, per capita",_Z,Not applicable,_Z,Not applicable,_Z,Not applicable,USD_PPP_PS,"US dollars per person, PPP converted",LR,Chain linked volume (rebased),LA,Annual levels,T0102,Table 0102 - GDP identity from the expenditure side,2023-Q1,,58264.4,,2020,,,,F,Free (free for publication),1,One,A,Normal value,0,Units,USD,US dollar
DATAFLOW,OECD.SDD.NAD:DSD_NAMAIN1@DF_QNA_EXPENDITURE_CAPITA(1.1),Quarterly GDP per capita,I,Q,Quarterly,Y,Calendar and seasonally adjusted,OECDE,OECD Europe,S1,Total economy,S1,Total economy,B1GQ_POP,"Gross domestic product, per capita",_Z,Not applicable,_Z,Not applicable,_Z,Not applicable,USD_PPP_PS,"US dollars per person, PPP converted",LR,Chain linked volume (rebased),LA,Annual levels,T0102,Table 0102 - GDP identity from the expenditure side,2024-Q1,,51563.8,,2020,,,,F,Free (free for publication),1,One,A,Normal value,0,Units,USD,US dollar
DATAFLOW,OECD.SDD.NAD:DSD_NAMAIN1@DF_QNA_EXPENDITURE_CAPITA(1.1),Quarterly GDP per capita,I,Q,Quarterly,Y,Calendar and seasonally adjusted,AUS,Australia,S1,Total economy,S1,Total economy,B1GQ_POP,"Gross domestic product, per capita",_Z,Not applicable,_Z,Not applicable,_Z,Not applicable,USD_PPP_PS,"US dollars per person, PPP converted",LR,Chain linked volume (rebased),LA,Annual levels,T0102,Table 0102 - GDP identity from the expenditure side,2025-Q3,,57815.7,,2020,,,,F,Free (free for publication),1,One,A,Normal value,0,Units,USD,US dollar
DATAFLOW,OECD.SDD.NAD:DSD_NAMAIN1@DF_QNA_EXPENDITURE_CAPITA(1.1),Quarterly GDP per capita,I,Q,Quarterly,Y,Calendar and seasonally adjusted,AUT,Austria,S1,Total economy,S1,Total economy,B1GQ_POP,"Gross domestic product, per capita",_Z,Not applicable,_Z,Not applicable,_Z,Not applicable,USD_PPP_PS,"US dollars per person, PPP converted",LR,Chain linked volume (rebased),LA,Annual levels,T0102,Table 0102 - GDP identity from the expenditure side,2023-Q2,,62879,,2020,,,,F,Free (free for publication),1,One,A,Normal value,0,Units,USD,US dollar
DATAFLOW,OECD.SDD.NAD:DSD_NAMAIN1@DF_QNA_EXPENDITURE_CAPITA(1.1),Quarterly GDP per capita,I,Q,Quarterly,Y,Calendar and seasonally adjusted,AUT,Austria,S1,Total economy,S1,Total economy,B1GQ_POP,"Gross domestic product, per capita",_Z,Not applicable,_Z,Not applicable,_Z,Not applicable,USD_PPP_PS,"US dollars per person, PPP converted",LR,Chain linked volume (rebased),LA,Annual levels,T0102,Table 0102 - GDP identity from the expenditure side,2023-Q1,,63727.8,,2020,,,,F,Free (free for publication),1,One,A,Normal value,0,Units,USD,US dollar
DATAFLOW,OECD.SDD.NAD:DSD_NAMAIN1@DF_QNA_EXPENDITURE_CAPITA(1.1),Quarterly GDP per capita,I,Q,Quarterly,Y,Calendar and seasonally adjusted,AUT,Austria,S1,Total economy,S1,Total economy,B1GQ_POP,"Gross domestic product, per capita",_Z,Not applicable,_Z,Not applicable,_Z,Not applicable,USD_PPP_PS,"US dollars per person, PPP converted",V,Current prices,LA,Annual levels,T0102,Table 0102 - GDP identity from the expenditure side,2023-Q2,,74078.4,,,,,,F,Free (free for publication),1,One,A,Normal value,0,Units,USD,US dollar
DATAFLOW,OECD.SDD.NAD:DSD_NAMAIN1@DF_QNA_EXPENDITURE_CAPITA(1.1),Quarterly GDP per capita,I,Q,Quarterly,Y,Calendar and seasonally adjusted,AUT,Austria,S1,Total economy,S1,Total economy,B1GQ_POP,"Gross domestic product, per capita",_Z,Not applicable,_Z,Not applicable,_Z,Not applicable,USD_PPP_PS,"US dollars per person, PPP converted",V,Current prices,LA,Annual levels,T0102,Table 0102 - GDP identity from the expenditure side,2023-Q1,,74674.2,,,,,,F,Free (free for publication),1,One,A,Normal value,0,Units,USD,US dollar
DATAFLOW,OECD.SDD.NAD:DSD_NAMAIN1@DF_QNA_EXPENDITURE_CAPITA(1.1),Quarterly GDP per capita,I,Q,Quarterly,Y,Calendar and seasonally adjusted,AUT,Austria,S1,Total economy,S1,Total economy,B1GQ_POP,"Gross domestic product, per capita",_Z,Not applicable,_Z,Not applicable,_Z,Not applicable,USD_PPP_PS,"US dollars per person, PPP converted",V,Current prices,LA,Annual levels,T0102,Table 0102 - GDP identity from the expenditure side,2024-Q1,,75264.3,,,,,,F,Free (free for publication),1,One,A,Normal value,0,Units,USD,US dollar
DATAFLOW,OECD.SDD.NAD:DSD_NAMAIN1@DF_QNA_EXPENDITURE_CAPITA(1.1),Quarterly GDP per capita,I,Q,Quarterly,Y,Calendar and seasonally adjusted,AUT,Austria,S1,Total economy,S1,Total economy,B1GQ_POP,"Gross domestic product, per capita",_Z,Not applicable,_Z,Not applicable,_Z,Not applicable,USD_PPP_PS,"US dollars per person, PPP converted",V,Current prices,LA,Annual levels,T0102,Table 0102 - GDP identity from the expenditure side,2025-Q4,,78883.1,,,,,,F,Free (free for publication),1,One,A,Normal value,0,Units,USD,US dollar
DATAFLOW,OECD.SDD.NAD:DSD_NAMAIN1@DF_QNA_EXPENDITURE_CAPITA(1.1),Quarterly GDP per capita,I,Q,Quarterly,Y,Calendar and seasonally adjusted,AUT,Austria,S1,Total economy,S1,Total economy,B1GQ_POP,"Gross domestic product, per capita",_Z,Not applicable,_Z,Not applicable,_Z,Not applicable,USD_PPP_PS,"US dollars per person, PPP converted",V,Current prices,LA,Annual levels,T0102,Table 0102 - GDP identity from the expenditure side,2025-Q3,,77799,,,,,,F,Free (free for publication),1,One,A,Normal value,0,Units,USD,US dollar
DATAFLOW,OECD.SDD.NAD:DSD_NAMAIN1@DF_QNA_EXPENDITURE_CAPITA(1.1),Quarterly GDP per capita,I,Q,Quarterly,Y,Calendar and seasonally adjusted,AUT,Austria,S1,Total economy,S1,Total economy,B1GQ_POP,"Gross domestic product, per capita",_Z,Not applicable,_Z,Not applicable,_Z,Not applicable,USD_PPP_PS,"US dollars per person, PPP converted",V,Current prices,LA,Annual levels,T0102,Table 0102 - GDP identity from the expenditure side,2025-Q1,,76910,,,,,,F,Free (free for publication),1,One,A,Normal value,0,Units,USD,US dollar
DATAFLOW,OECD.SDD.NAD:DSD_NAMAIN1@DF_QNA_EXPENDITURE_CAPITA(1.1),Quarterly GDP per capita,I,Q,Quarterly,Y,Calendar and seasonally adjusted,AUT,Austria,S1,Total economy,S1,Total economy,B1GQ_POP,"Gross domestic product, per capita",_Z,Not applicable,_Z,Not applicable,_Z,Not applicable,USD_PPP_PS,"US dollars per person, PPP converted",V,Current prices,LA,Annual levels,T0102,Table 0102 - GDP identity from the expenditure side,2024-Q4,,76289.6,,,,,,F,Free (free for publication),1,One,A,Normal value,0,Units,USD,US dollar
DATAFLOW,OECD.SDD.NAD:DSD_NAMAIN1@DF_QNA_EXPENDITURE_CAPITA(1.1),Quarterly GDP per capita,I,Q,Quarterly,Y,Calendar and seasonally adjusted,AUT,Austria,S1,Total economy,S1,Total economy,B1GQ_POP,"Gross domestic product, per capita",_Z,Not applicable,_Z,Not applicable,_Z,Not applicable,USD_PPP_PS,"US dollars per person, PPP converted",V,Current prices,LA,Annual levels,T0102,Table 0102 - GDP identity from the expenditure side,2023-Q4,,74350.7,,,,,,F,Free (free for publication),1,One,A,Normal value,0,Units,USD,US dollar
DATAFLOW,OECD.SDD.NAD:DSD_NAMAIN1@DF_QNA_EXPENDITURE_CAPITA(1.1),Quarterly GDP per capita,I,Q,Quarterly,Y,Calendar and seasonally adjusted,AUT,Austria,S1,Total economy,S1,Total economy,B1GQ_POP,"Gross domestic product, per capita",_Z,Not applicable,_Z,Not applicable,_Z,Not applicable,USD_PPP_PS,"US dollars per person, PPP converted",V,Current prices,LA,Annual levels,T0102,Table 0102 - GDP identity from the expenditure side,2025-Q2,,77038.9,,,,,,F,Free (free for publication),1,One,A,Normal value,0,Units,USD,US dollar
DATAFLOW,OECD.SDD.NAD:DSD_NAMAIN1@DF_QNA_EXPENDITURE_CAPITA(1.1),Quarterly GDP per capita,I,Q,Quarterly,Y,Calendar and seasonally adjusted,AUS,Australia,S1,Total economy,S1,Total economy,B1GQ_POP,"Gross domestic product, per capita",_Z,Not applicable,_Z,Not applicable,_Z,Not applicable,USD_PPP_PS,"US dollars per person, PPP converted",V,Current prices,LA,Annual levels,T0102,Table 0102 - GDP identity from the expenditure side,2023-Q4,,73401.9,,,,,,F,Free (free for publication),1,One,A,Normal value,0,Units,USD,US dollar
DATAFLOW,OECD.SDD.NAD:DSD_NAMAIN1@DF_QNA_EXPENDITURE_CAPITA(1.1),Quarterly GDP per capita,I,Q,Quarterly,Y,Calendar and seasonally adjusted,AUS,Australia,S1,Total economy,S1,Total economy,B1GQ_POP,"Gross domestic product, per capita",_Z,Not applicable,_Z,Not applicable,_Z,Not applicable,USD_PPP_PS,"US dollars per person, PPP converted",V,Current prices,LA,Annual levels,T0102,Table 0102 - GDP identity from the expenditure side,2023-Q3,,73835.2,,,,,,F,Free (free for publication),1,One,A,Normal value,0,Units,USD,US dollar
DATAFLOW,OECD.SDD.NAD:DSD_NAMAIN1@DF_QNA_EXPENDITURE_CAPITA(1.1),Quarterly GDP per capita,I,Q,Quarterly,Y,Calendar and seasonally adjusted,AUS,Australia,S1,Total economy,S1,Total economy,B1GQ_POP,"Gross domestic product, per capita",_Z,Not applicable,_Z,Not applicable,_Z,Not applicable,USD_PPP_PS,"US dollars per person, PPP converted",V,Current prices,LA,Annual levels,T0102,Table 0102 - GDP identity from the expenditure side,2024-Q2,,73091.3,,,,,,F,Free (free for publication),1,One,A,Normal value,0,Units,USD,US dollar
DATAFLOW,OECD.SDD.NAD:DSD_NAMAIN1@DF_QNA_EXPENDITURE_CAPITA(1.1),Quarterly GDP per capita,I,Q,Quarterly,Y,Calendar and seasonally adjusted,AUS,Australia,S1,Total economy,S1,Total economy,B1GQ_POP,"Gross domestic product, per capita",_Z,Not applicable,_Z,Not applicable,_Z,Not applicable,USD_PPP_PS,"US dollars per person, PPP converted",V,Current prices,LA,Annual levels,T0102,Table 0102 - GDP identity from the expenditure side,2025-Q3,,75920.1,,,,,,F,Free (free for publication),1,One,A,Normal value,0,Units,USD,US dollar
DATAFLOW,OECD.SDD.NAD:DSD_NAMAIN1@DF_QNA_EXPENDITURE_CAPITA(1.1),Quarterly GDP per capita,I,Q,Quarterly,Y,Calendar and seasonally adjusted,AUS,Australia,S1,Total economy,S1,Total economy,B1GQ_POP,"Gross domestic product, per capita",_Z,Not applicable,_Z,Not applicable,_Z,Not applicable,USD_PPP_PS,"US dollars per person, PPP converted",V,Current prices,LA,Annual levels,T0102,Table 0102 - GDP identity from the expenditure side,2024-Q4,,73527.6,,,,,,F,Free (free for publication),1,One,A,Normal value,0,Units,USD,US dollar
DATAFLOW,OECD.SDD.NAD:DSD_NAMAIN1@DF_QNA_EXPENDITURE_CAPITA(1.1),Quarterly GDP per capita,I,Q,Quarterly,Y,Calendar and seasonally adjusted,USMCA,United States - Mexico - Canada Agreement (USMCA),S1,Total economy,S1,Total economy,B1GQ_POP,"Gross domestic product, per capita",_Z,Not applicable,_Z,Not applicable,_Z,Not applicable,USD_PPP_PS,"US dollars per person, PPP converted",LR,Chain linked volume (rebased),LA,Annual levels,T0102,Table 0102 - GDP identity from the expenditure side,2025-Q2,,58470.6,,2020,,,,F,Free (free for publication),1,One,A,Normal value,0,Units,USD,US dollar
DATAFLOW,OECD.SDD.NAD:DSD_NAMAIN1@DF_QNA_EXPENDITURE_CAPITA(1.1),Quarterly GDP per capita,I,Q,Quarterly,Y,Calendar and seasonally adjusted,CHL,Chile,S1,Total economy,S1,Total economy,B1GQ_POP,"Gross domestic product, per capita",_Z,Not applicable,_Z,Not applicable,_Z,Not applicable,USD_PPP_PS,"US dollars per person, PPP converted",LR,Chain linked volume (rebased),LA,Annual levels,T0102,Table 0102 - GDP identity from the expenditure side,2025-Q3,,29215.2,,2020,,,,F,Free (free for publication),1,One,A,Normal value,0,Units,USD,US dollar
DATAFLOW,OECD.SDD.NAD:DSD_NAMAIN1@DF_QNA_EXPENDITURE_CAPITA(1.1),Quarterly GDP per capita,I,Q,Quarterly,Y,Calendar and seasonally adjusted,CHL,Chile,S1,Total economy,S1,Total economy,B1GQ_POP,"Gross domestic product, per capita",_Z,Not applicable,_Z,Not applicable,_Z,Not applicable,USD_PPP_PS,"US dollars per person, PPP converted",LR,Chain linked volume (rebased),LA,Annual levels,T0102,Table 0102 - GDP identity from the expenditure side,2025-Q2,,29355.4,,2020,,,,F,Free (free for publication),1,One,A,Normal value,0,Units,USD,US dollar
DATAFLOW,OECD.SDD.NAD:DSD_NAMAIN1@DF_QNA_EXPENDITURE_CAPITA(1.1),Quarterly GDP per capita,I,Q,Quarterly,Y,Calendar and seasonally adjusted,CHL,Chile,S1,Total economy,S1,Total economy,B1GQ_POP,"Gross domestic product, per capita",_Z,Not applicable,_Z,Not applicable,_Z,Not applicable,USD_PPP_PS,"US dollars per person, PPP converted",LR,Chain linked volume (rebased),LA,Annual levels,T0102,Table 0102 - GDP identity from the expenditure side,2025-Q1,,29312.8,,2020,,,,F,Free (free for publication),1,One,A,Normal value,0,Units,USD,US dollar
DATAFLOW,OECD.SDD.NAD:DSD_NAMAIN1@DF_QNA_EXPENDITURE_CAPITA(1.1),Quarterly GDP per capita,I,Q,Quarterly,Y,Calendar and seasonally adjusted,CHL,Chile,S1,Total economy,S1,Total economy,B1GQ_POP,"Gross domestic product, per capita",_Z,Not applicable,_Z,Not applicable,_Z,Not applicable,USD_PPP_PS,"US dollars per person, PPP converted",LR,Chain linked volume (rebased),LA,Annual levels,T0102,Table 0102 - GDP identity from the expenditure side,2024-Q4,,29051,,2020,,,,F,Free (free for publication),1,One,A,Normal value,0,Units,USD,US dollar
DATAFLOW,OECD.SDD.NAD:DSD_NAMAIN1@DF_QNA_EXPENDITURE_CAPITA(1.1),Quarterly GDP per capita,I,Q,Quarterly,Y,Calendar and seasonally adjusted,CHL,Chile,S1,Total economy,S1,Total economy,B1GQ_POP,"Gross domestic product, per capita",_Z,Not applicable,_Z,Not applicable,_Z,Not applicable,USD_PPP_PS,"US dollars per person, PPP converted",V,Current prices,LA,Annual levels,T0102,Table 0102 - GDP identity from the expenditure side,2025-Q4,,37777.7,,,,,,F,Free (free for publication),1,One,A,Normal value,0,Units,USD,US dollar
DATAFLOW,OECD.SDD.NAD:DSD_NAMAIN1@DF_QNA_EXPENDITURE_CAPITA(1.1),Quarterly GDP per capita,I,Q,Quarterly,Y,Calendar and seasonally adjusted,CAN,Canada,S1,Total economy,S1,Total economy,B1GQ_POP,"Gross domestic product, per capita",_Z,Not applicable,_Z,Not applicable,_Z,Not applicable,USD_PPP_PS,"US dollars per person, PPP converted",V,Current prices,LA,Annual levels,T0102,Table 0102 - GDP identity from the expenditure side,2023-Q2,,65257.3,,,,,,F,Free (free for publication),1,One,A,Normal value,0,Units,USD,US dollar
DATAFLOW,OECD.SDD.NAD:DSD_NAMAIN1@DF_QNA_EXPENDITURE_CAPITA(1.1),Quarterly GDP per capita,I,Q,Quarterly,Y,Calendar and seasonally adjusted,CAN,Canada,S1,Total economy,S1,Total economy,B1GQ_POP,"Gross domestic product, per capita",_Z,Not applicable,_Z,Not applicable,_Z,Not applicable,USD_PPP_PS,"US dollars per person, PPP converted",V,Current prices,LA,Annual levels,T0102,Table 0102 - GDP identity from the expenditure side,2023-Q1,,65478.2,,,,,,F,Free (free for publication),1,One,A,Normal value,0,Units,USD,US dollar
DATAFLOW,OECD.SDD.NAD:DSD_NAMAIN1@DF_QNA_EXPENDITURE_CAPITA(1.1),Quarterly GDP per capita,I,Q,Quarterly,Y,Calendar and seasonally adjusted,CAN,Canada,S1,Total economy,S1,Total economy,B1GQ_POP,"Gross domestic product, per capita",_Z,Not applicable,_Z,Not applicable,_Z,Not applicable,USD_PPP_PS,"US dollars per person, PPP converted",LR,Chain linked volume (rebased),LA,Annual levels,T0102,Table 0102 - GDP identity from the expenditure side,2025-Q3,,52271.1,,2020,,,,F,Free (free for publication),1,One,A,Normal value,0,Units,USD,US dollar
DATAFLOW,OECD.SDD.NAD:DSD_NAMAIN1@DF_QNA_EXPENDITURE_CAPITA(1.1),Quarterly GDP per capita,I,Q,Quarterly,Y,Calendar and seasonally adjusted,CAN,Canada,S1,Total economy,S1,Total economy,B1GQ_POP,"Gross domestic product, per capita",_Z,Not applicable,_Z,Not applicable,_Z,Not applicable,USD_PPP_PS,"US dollars per person, PPP converted",LR,Chain linked volume (rebased),LA,Annual levels,T0102,Table 0102 - GDP identity from the expenditure side,2025-Q2,,52084.5,,2020,,,,F,Free (free for publication),1,One,A,Normal value,0,Units,USD,US dollar
DATAFLOW,OECD.SDD.NAD:DSD_NAMAIN1@DF_QNA_EXPENDITURE_CAPITA(1.1),Quarterly GDP per capita,I,Q,Quarterly,Y,Calendar and seasonally adjusted,CAN,Canada,S1,Total economy,S1,Total economy,B1GQ_POP,"Gross domestic product, per capita",_Z,Not applicable,_Z,Not applicable,_Z,Not applicable,USD_PPP_PS,"US dollars per person, PPP converted",LR,Chain linked volume (rebased),LA,Annual levels,T0102,Table 0102 - GDP identity from the expenditure side,2024-Q4,,51978,,2020,,,,F,Free (free for publication),1,One,A,Normal value,0,Units,USD,US dollar
DATAFLOW,OECD.SDD.NAD:DSD_NAMAIN1@DF_QNA_EXPENDITURE_CAPITA(1.1),Quarterly GDP per capita,I,Q,Quarterly,Y,Calendar and seasonally adjusted,CAN,Canada,S1,Total economy,S1,Total economy,B1GQ_POP,"Gross domestic product, per capita",_Z,Not applicable,_Z,Not applicable,_Z,Not applicable,USD_PPP_PS,"US dollars per person, PPP converted",V,Current prices,LA,Annual levels,T0102,Table 0102 - GDP identity from the expenditure side,2025-Q3,,68317.6,,,,,,F,Free (free for publication),1,One,A,Normal value,0,Units,USD,US dollar
DATAFLOW,OECD.SDD.NAD:DSD_NAMAIN1@DF_QNA_EXPENDITURE_CAPITA(1.1),Quarterly GDP per capita,I,Q,Quarterly,Y,Calendar and seasonally adjusted,CAN,Canada,S1,Total economy,S1,Total economy,B1GQ_POP,"Gross domestic product, per capita",_Z,Not applicable,_Z,Not applicable,_Z,Not applicable,USD_PPP_PS,"US dollars per person, PPP converted",LR,Chain linked volume (rebased),LA,Annual levels,T0102,Table 0102 - GDP identity from the expenditure side,2025-Q1,,52248.8,,2020,,,,F,Free (free for publication),1,One,A,Normal value,0,Units,USD,US dollar
DATAFLOW,OECD.SDD.NAD:DSD_NAMAIN1@DF_QNA_EXPENDITURE_CAPITA(1.1),Quarterly GDP per capita,I,Q,Quarterly,Y,Calendar and seasonally adjusted,CAN,Canada,S1,Total economy,S1,Total economy,B1GQ_POP,"Gross domestic product, per capita",_Z,Not applicable,_Z,Not applicable,_Z,Not applicable,USD_PPP_PS,"US dollars per person, PPP converted",V,Current prices,LA,Annual levels,T0102,Table 0102 - GDP identity from the expenditure side,2025-Q4,,69086.5,,,,,,F,Free (free for publication),1,One,A,Normal value,0,Units,USD,US dollar
DATAFLOW,OECD.SDD.NAD:DSD_NAMAIN1@DF_QNA_EXPENDITURE_CAPITA(1.1),Quarterly GDP per capita,I,Q,Quarterly,Y,Calendar and seasonally adjusted,AUS,Australia,S1,Total economy,S1,Total economy,B1GQ_POP,"Gross domestic product, per capita",_Z,Not applicable,_Z,Not applicable,_Z,Not applicable,USD_PPP_PS,"US dollars per person, PPP converted",V,Current prices,LA,Annual levels,T0102,Table 0102 - GDP identity from the expenditure side,2025-Q2,,75134.5,,,,,,F,Free (free for publication),1,One,A,Normal value,0,Units,USD,US dollar
DATAFLOW,OECD.SDD.NAD:DSD_NAMAIN1@DF_QNA_EXPENDITURE_CAPITA(1.1),Quarterly GDP per capita,I,Q,Quarterly,Y,Calendar and seasonally adjusted,AUS,Australia,S1,Total economy,S1,Total economy,B1GQ_POP,"Gross domestic product, per capita",_Z,Not applicable,_Z,Not applicable,_Z,Not applicable,USD_PPP_PS,"US dollars per person, PPP converted",V,Current prices,LA,Annual levels,T0102,Table 0102 - GDP identity from the expenditure side,2025-Q1,,74193.3,,,,,,F,Free (free for publication),1,One,A,Normal value,0,Units,USD,US dollar
DATAFLOW,OECD.SDD.NAD:DSD_NAMAIN1@DF_QNA_EXPENDITURE_CAPITA(1.1),Quarterly GDP per capita,I,Q,Quarterly,Y,Calendar and seasonally adjusted,AUS,Australia,S1,Total economy,S1,Total economy,B1GQ_POP,"Gross domestic product, per capita",_Z,Not applicable,_Z,Not applicable,_Z,Not applicable,USD_PPP_PS,"US dollars per person, PPP converted",LR,Chain linked volume (rebased),LA,Annual levels,T0102,Table 0102 - GDP identity from the expenditure side,2024-Q4,,57594.2,,2020,,,,F,Free (free for publication),1,One,A,Normal value,0,Units,USD,US dollar
DATAFLOW,OECD.SDD.NAD:DSD_NAMAIN1@DF_QNA_EXPENDITURE_CAPITA(1.1),Quarterly GDP per capita,I,Q,Quarterly,Y,Calendar and seasonally adjusted,CAN,Canada,S1,Total economy,S1,Total economy,B1GQ_POP,"Gross domestic product, per capita",_Z,Not applicable,_Z,Not applicable,_Z,Not applicable,USD_PPP_PS,"US dollars per person, PPP converted",V,Current prices,LA,Annual levels,T0102,Table 0102 - GDP identity from the expenditure side,2024-Q3,,65883.6,,,,,,F,Free (free for publication),1,One,A,Normal value,0,Units,USD,US dollar
DATAFLOW,OECD.SDD.NAD:DSD_NAMAIN1@DF_QNA_EXPENDITURE_CAPITA(1.1),Quarterly GDP per capita,I,Q,Quarterly,Y,Calendar and seasonally adjusted,CAN,Canada,S1,Total economy,S1,Total economy,B1GQ_POP,"Gross domestic product, per capita",_Z,Not applicable,_Z,Not applicable,_Z,Not applicable,USD_PPP_PS,"US dollars per person, PPP converted",V,Current prices,LA,Annual levels,T0102,Table 0102 - GDP identity from the expenditure side,2024-Q2,,65522.4,,,,,,F,Free (free for publication),1,One,A,Normal value,0,Units,USD,US dollar
DATAFLOW,OECD.SDD.NAD:DSD_NAMAIN1@DF_QNA_EXPENDITURE_CAPITA(1.1),Quarterly GDP per capita,I,Q,Quarterly,Y,Calendar and seasonally adjusted,CAN,Canada,S1,Total economy,S1,Total economy,B1GQ_POP,"Gross domestic product, per capita",_Z,Not applicable,_Z,Not applicable,_Z,Not applicable,USD_PPP_PS,"US dollars per person, PPP converted",V,Current prices,LA,Annual levels,T0102,Table 0102 - GDP identity from the expenditure side,2024-Q1,,65039.5,,,,,,F,Free (free for publication),1,One,A,Normal value,0,Units,USD,US dollar
DATAFLOW,OECD.SDD.NAD:DSD_NAMAIN1@DF_QNA_EXPENDITURE_CAPITA(1.1),Quarterly GDP per capita,I,Q,Quarterly,Y,Calendar and seasonally adjusted,CAN,Canada,S1,Total economy,S1,Total economy,B1GQ_POP,"Gross domestic product, per capita",_Z,Not applicable,_Z,Not applicable,_Z,Not applicable,USD_PPP_PS,"US dollars per person, PPP converted",LR,Chain linked volume (rebased),LA,Annual levels,T0102,Table 0102 - GDP identity from the expenditure side,2023-Q3,,52206.9,,2020,,,,F,Free (free for publication),1,One,A,Normal value,0,Units,USD,US dollar
DATAFLOW,OECD.SDD.NAD:DSD_NAMAIN1@DF_QNA_EXPENDITURE_CAPITA(1.1),Quarterly GDP per capita,I,Q,Quarterly,Y,Calendar and seasonally adjusted,CAN,Canada,S1,Total economy,S1,Total economy,B1GQ_POP,"Gross domestic product, per capita",_Z,Not applicable,_Z,Not applicable,_Z,Not applicable,USD_PPP_PS,"US dollars per person, PPP converted",LR,Chain linked volume (rebased),LA,Annual levels,T0102,Table 0102 - GDP identity from the expenditure side,2023-Q2,,52603.4,,2020,,,,F,Free (free for publication),1,One,A,Normal value,0,Units,USD,US dollar
DATAFLOW,OECD.SDD.NAD:DSD_NAMAIN1@DF_QNA_EXPENDITURE_CAPITA(1.1),Quarterly GDP per capita,I,Q,Quarterly,Y,Calendar and seasonally adjusted,CAN,Canada,S1,Total economy,S1,Total economy,B1GQ_POP,"Gross domestic product, per capita",_Z,Not applicable,_Z,Not applicable,_Z,Not applicable,USD_PPP_PS,"US dollars per person, PPP converted",LR,Chain linked volume (rebased),LA,Annual levels,T0102,Table 0102 - GDP identity from the expenditure side,2023-Q1,,52820.1,,2020,,,,F,Free (free for publication),1,One,A,Normal value,0,Units,USD,US dollar
DATAFLOW,OECD.SDD.NAD:DSD_NAMAIN1@DF_QNA_EXPENDITURE_CAPITA(1.1),Quarterly GDP per capita,I,Q,Quarterly,Y,Calendar and seasonally adjusted,CAN,Canada,S1,Total economy,S1,Total economy,B1GQ_POP,"Gross domestic product, per capita",_Z,Not applicable,_Z,Not applicable,_Z,Not applicable,USD_PPP_PS,"US dollars per person, PPP converted",V,Current prices,LA,Annual levels,T0102,Table 0102 - GDP identity from the expenditure side,2023-Q4,,64656.4,,,,,,F,Free (free for publication),1,One,A,Normal value,0,Units,USD,US dollar
DATAFLOW,OECD.SDD.NAD:DSD_NAMAIN1@DF_QNA_EXPENDITURE_CAPITA(1.1),Quarterly GDP per capita,I,Q,Quarterly,Y,Calendar and seasonally adjusted,BEL,Belgium,S1,Total economy,S1,Total economy,B1GQ_POP,"Gross domestic product, per capita",_Z,Not applicable,_Z,Not applicable,_Z,Not applicable,USD_PPP_PS,"US dollars per person, PPP converted",V,Current prices,LA,Annual levels,T0102,Table 0102 - GDP identity from the expenditure side,2023-Q4,,73400.5,,,,,,F,Free (free for publication),1,One,A,Normal value,0,Units,USD,US dollar
DATAFLOW,OECD.SDD.NAD:DSD_NAMAIN1@DF_QNA_EXPENDITURE_CAPITA(1.1),Quarterly GDP per capita,I,Q,Quarterly,Y,Calendar and seasonally adjusted,BEL,Belgium,S1,Total economy,S1,Total economy,B1GQ_POP,"Gross domestic product, per capita",_Z,Not applicable,_Z,Not applicable,_Z,Not applicable,USD_PPP_PS,"US dollars per person, PPP converted",V,Current prices,LA,Annual levels,T0102,Table 0102 - GDP identity from the expenditure side,2023-Q1,,71649.3,,,,,,F,Free (free for publication),1,One,A,Normal value,0,Units,USD,US dollar
DATAFLOW,OECD.SDD.NAD:DSD_NAMAIN1@DF_QNA_EXPENDITURE_CAPITA(1.1),Quarterly GDP per capita,I,Q,Quarterly,Y,Calendar and seasonally adjusted,BEL,Belgium,S1,Total economy,S1,Total economy,B1GQ_POP,"Gross domestic product, per capita",_Z,Not applicable,_Z,Not applicable,_Z,Not applicable,USD_PPP_PS,"US dollars per person, PPP converted",LR,Chain linked volume (rebased),LA,Annual levels,T0102,Table 0102 - GDP identity from the expenditure side,2023-Q4,,61811.3,,2020,,,,F,Free (free for publication),1,One,A,Normal value,0,Units,USD,US dollar
DATAFLOW,OECD.SDD.NAD:DSD_NAMAIN1@DF_QNA_EXPENDITURE_CAPITA(1.1),Quarterly GDP per capita,I,Q,Quarterly,Y,Calendar and seasonally adjusted,BEL,Belgium,S1,Total economy,S1,Total economy,B1GQ_POP,"Gross domestic product, per capita",_Z,Not applicable,_Z,Not applicable,_Z,Not applicable,USD_PPP_PS,"US dollars per person, PPP converted",LR,Chain linked volume (rebased),LA,Annual levels,T0102,Table 0102 - GDP identity from the expenditure side,2023-Q1,,61630,,2020,,,,F,Free (free for publication),1,One,A,Normal value,0,Units,USD,US dollar
DATAFLOW,OECD.SDD.NAD:DSD_NAMAIN1@DF_QNA_EXPENDITURE_CAPITA(1.1),Quarterly GDP per capita,I,Q,Quarterly,Y,Calendar and seasonally adjusted,BEL,Belgium,S1,Total economy,S1,Total economy,B1GQ_POP,"Gross domestic product, per capita",_Z,Not applicable,_Z,Not applicable,_Z,Not applicable,USD_PPP_PS,"US dollars per person, PPP converted",V,Current prices,LA,Annual levels,T0102,Table 0102 - GDP identity from the expenditure side,2023-Q3,,72910.7,,,,,,F,Free (free for publication),1,One,A,Normal value,0,Units,USD,US dollar
DATAFLOW,OECD.SDD.NAD:DSD_NAMAIN1@DF_QNA_EXPENDITURE_CAPITA(1.1),Quarterly GDP per capita,I,Q,Quarterly,Y,Calendar and seasonally adjusted,BEL,Belgium,S1,Total economy,S1,Total economy,B1GQ_POP,"Gross domestic product, per capita",_Z,Not applicable,_Z,Not applicable,_Z,Not applicable,USD_PPP_PS,"US dollars per person, PPP converted",V,Current prices,LA,Annual levels,T0102,Table 0102 - GDP identity from the expenditure side,2023-Q2,,72562.7,,,,,,F,Free (free for publication),1,One,A,Normal value,0,Units,USD,US dollar
DATAFLOW,OECD.SDD.NAD:DSD_NAMAIN1@DF_QNA_EXPENDITURE_CAPITA(1.1),Quarterly GDP per capita,I,Q,Quarterly,Y,Calendar and seasonally adjusted,BEL,Belgium,S1,Total economy,S1,Total economy,B1GQ_POP,"Gross domestic product, per capita",_Z,Not applicable,_Z,Not applicable,_Z,Not applicable,USD_PPP_PS,"US dollars per person, PPP converted",LR,Chain linked volume (rebased),LA,Annual levels,T0102,Table 0102 - GDP identity from the expenditure side,2023-Q3,,61695.2,,2020,,,,F,Free (free for publication),1,One,A,Normal value,0,Units,USD,US dollar
DATAFLOW,OECD.SDD.NAD:DSD_NAMAIN1@DF_QNA_EXPENDITURE_CAPITA(1.1),Quarterly GDP per capita,I,Q,Quarterly,Y,Calendar and seasonally adjusted,BEL,Belgium,S1,Total economy,S1,Total economy,B1GQ_POP,"Gross domestic product, per capita",_Z,Not applicable,_Z,Not applicable,_Z,Not applicable,USD_PPP_PS,"US dollars per person, PPP converted",LR,Chain linked volume (rebased),LA,Annual levels,T0102,Table 0102 - GDP identity from the expenditure side,2023-Q2,,61693.8,,2020,,,,F,Free (free for publication),1,One,A,Normal value,0,Units,USD,US dollar
DATAFLOW,OECD.SDD.NAD:DSD_NAMAIN1@DF_QNA_EXPENDITURE_CAPITA(1.1),Quarterly GDP per capita,I,Q,Quarterly,Y,Calendar and seasonally adjusted,AUT,Austria,S1,Total economy,S1,Total economy,B1GQ_POP,"Gross domestic product, per capita",_Z,Not applicable,_Z,Not applicable,_Z,Not applicable,USD_PPP_PS,"US dollars per person, PPP converted",LR,Chain linked volume (rebased),LA,Annual levels,T0102,Table 0102 - GDP identity from the expenditure side,2025-Q3,,62429,,2020,,,,F,Free (free for publication),1,One,A,Normal value,0,Units,USD,US dollar
DATAFLOW,OECD.SDD.NAD:DSD_NAMAIN1@DF_QNA_EXPENDITURE_CAPITA(1.1),Quarterly GDP per capita,I,Q,Quarterly,Y,Calendar and seasonally adjusted,AUT,Austria,S1,Total economy,S1,Total economy,B1GQ_POP,"Gross domestic product, per capita",_Z,Not applicable,_Z,Not applicable,_Z,Not applicable,USD_PPP_PS,"US dollars per person, PPP converted",LR,Chain linked volume (rebased),LA,Annual levels,T0102,Table 0102 - GDP identity from the expenditure side,2025-Q2,,62258.9,,2020,,,,F,Free (free for publication),1,One,A,Normal value,0,Units,USD,US dollar
DATAFLOW,OECD.SDD.NAD:DSD_NAMAIN1@DF_QNA_EXPENDITURE_CAPITA(1.1),Quarterly GDP per capita,I,Q,Quarterly,Y,Calendar and seasonally adjusted,AUT,Austria,S1,Total economy,S1,Total economy,B1GQ_POP,"Gross domestic product, per capita",_Z,Not applicable,_Z,Not applicable,_Z,Not applicable,USD_PPP_PS,"US dollars per person, PPP converted",LR,Chain linked volume (rebased),LA,Annual levels,T0102,Table 0102 - GDP identity from the expenditure side,2025-Q1,,62196.3,,2020,,,,F,Free (free for publication),1,One,A,Normal value,0,Units,USD,US dollar
DATAFLOW,OECD.SDD.NAD:DSD_NAMAIN1@DF_QNA_EXPENDITURE_CAPITA(1.1),Quarterly GDP per capita,I,Q,Quarterly,Y,Calendar and seasonally adjusted,AUT,Austria,S1,Total economy,S1,Total economy,B1GQ_POP,"Gross domestic product, per capita",_Z,Not applicable,_Z,Not applicable,_Z,Not applicable,USD_PPP_PS,"US dollars per person, PPP converted",LR,Chain linked volume (rebased),LA,Annual levels,T0102,Table 0102 - GDP identity from the expenditure side,2024-Q4,,62004.5,,2020,,,,F,Free (free for publication),1,One,A,Normal value,0,Units,USD,US dollar
DATAFLOW,OECD.SDD.NAD:DSD_NAMAIN1@DF_QNA_EXPENDITURE_CAPITA(1.1),Quarterly GDP per capita,I,Q,Quarterly,Y,Calendar and seasonally adjusted,AUT,Austria,S1,Total economy,S1,Total economy,B1GQ_POP,"Gross domestic product, per capita",_Z,Not applicable,_Z,Not applicable,_Z,Not applicable,USD_PPP_PS,"US dollars per person, PPP converted",LR,Chain linked volume (rebased),LA,Annual levels,T0102,Table 0102 - GDP identity from the expenditure side,2024-Q3,,61800,,2020,,,,F,Free (free for publication),1,One,A,Normal value,0,Units,USD,US dollar
DATAFLOW,OECD.SDD.NAD:DSD_NAMAIN1@DF_QNA_EXPENDITURE_CAPITA(1.1),Quarterly GDP per capita,I,Q,Quarterly,Y,Calendar and seasonally adjusted,ZAF,South Africa,S1,Total economy,S1,Total economy,B1GQ_POP,"Gross domestic product, per capita",_Z,Not applicable,_Z,Not applicable,_Z,Not applicable,USD_PPP_PS,"US dollars per person, PPP converted",V,Current prices,LA,Annual levels,T0102,Table 0102 - GDP identity from the expenditure side,2025-Q4,,16964.3,,,,,,F,Free (free for publication),1,One,A,Normal value,0,Units,USD,US dollar
DATAFLOW,OECD.SDD.NAD:DSD_NAMAIN1@DF_QNA_EXPENDITURE_CAPITA(1.1),Quarterly GDP per capita,I,Q,Quarterly,Y,Calendar and seasonally adjusted,CZE,Czechia,S1,Total economy,S1,Total economy,B1GQ_POP,"Gross domestic product, per capita",_Z,Not applicable,_Z,Not applicable,_Z,Not applicable,USD_PPP_PS,"US dollars per person, PPP converted",LR,Chain linked volume (rebased),LA,Annual levels,T0102,Table 0102 - GDP identity from the expenditure side,2025-Q4,,49562.6,,2020,,,,F,Free (free for publication),1,One,A,Normal value,0,Units,USD,US dollar
DATAFLOW,OECD.SDD.NAD:DSD_NAMAIN1@DF_QNA_EXPENDITURE_CAPITA(1.1),Quarterly GDP per capita,I,Q,Quarterly,Y,Calendar and seasonally adjusted,CZE,Czechia,S1,Total economy,S1,Total economy,B1GQ_POP,"Gross domestic product, per capita",_Z,Not applicable,_Z,Not applicable,_Z,Not applicable,USD_PPP_PS,"US dollars per person, PPP converted",LR,Chain linked volume (rebased),LA,Annual levels,T0102,Table 0102 - GDP identity from the expenditure side,2023-Q2,,47381.4,,2020,,,,F,Free (free for publication),1,One,A,Normal value,0,Units,USD,US dollar
DATAFLOW,OECD.SDD.NAD:DSD_NAMAIN1@DF_QNA_EXPENDITURE_CAPITA(1.1),Quarterly GDP per capita,I,Q,Quarterly,Y,Calendar and seasonally adjusted,CZE,Czechia,S1,Total economy,S1,Total economy,B1GQ_POP,"Gross domestic product, per capita",_Z,Not applicable,_Z,Not applicable,_Z,Not applicable,USD_PPP_PS,"US dollars per person, PPP converted",LR,Chain linked volume (rebased),LA,Annual levels,T0102,Table 0102 - GDP identity from the expenditure side,2025-Q1,,48472.5,,2020,,,,F,Free (free for publication),1,One,A,Normal value,0,Units,USD,US dollar
DATAFLOW,OECD.SDD.NAD:DSD_NAMAIN1@DF_QNA_EXPENDITURE_CAPITA(1.1),Quarterly GDP per capita,I,Q,Quarterly,Y,Calendar and seasonally adjusted,CZE,Czechia,S1,Total economy,S1,Total economy,B1GQ_POP,"Gross domestic product, per capita",_Z,Not applicable,_Z,Not applicable,_Z,Not applicable,USD_PPP_PS,"US dollars per person, PPP converted",LR,Chain linked volume (rebased),LA,Annual levels,T0102,Table 0102 - GDP identity from the expenditure side,2024-Q4,,48133.8,,2020,,,,F,Free (free for publication),1,One,A,Normal value,0,Units,USD,US dollar
DATAFLOW,OECD.SDD.NAD:DSD_NAMAIN1@DF_QNA_EXPENDITURE_CAPITA(1.1),Quarterly GDP per capita,I,Q,Quarterly,Y,Calendar and seasonally adjusted,CZE,Czechia,S1,Total economy,S1,Total economy,B1GQ_POP,"Gross domestic product, per capita",_Z,Not applicable,_Z,Not applicable,_Z,Not applicable,USD_PPP_PS,"US dollars per person, PPP converted",LR,Chain linked volume (rebased),LA,Annual levels,T0102,Table 0102 - GDP identity from the expenditure side,2024-Q3,,47774.6,,2020,,,,F,Free (free for publication),1,One,A,Normal value,0,Units,USD,US dollar
DATAFLOW,OECD.SDD.NAD:DSD_NAMAIN1@DF_QNA_EXPENDITURE_CAPITA(1.1),Quarterly GDP per capita,I,Q,Quarterly,Y,Calendar and seasonally adjusted,CZE,Czechia,S1,Total economy,S1,Total economy,B1GQ_POP,"Gross domestic product, per capita",_Z,Not applicable,_Z,Not applicable,_Z,Not applicable,USD_PPP_PS,"US dollars per person, PPP converted",LR,Chain linked volume (rebased),LA,Annual levels,T0102,Table 0102 - GDP identity from the expenditure side,2024-Q2,,47575,,2020,,,,F,Free (free for publication),1,One,A,Normal value,0,Units,USD,US dollar
DATAFLOW,OECD.SDD.NAD:DSD_NAMAIN1@DF_QNA_EXPENDITURE_CAPITA(1.1),Quarterly GDP per capita,I,Q,Quarterly,Y,Calendar and seasonally adjusted,CZE,Czechia,S1,Total economy,S1,Total economy,B1GQ_POP,"Gross domestic product, per capita",_Z,Not applicable,_Z,Not applicable,_Z,Not applicable,USD_PPP_PS,"US dollars per person, PPP converted",LR,Chain linked volume (rebased),LA,Annual levels,T0102,Table 0102 - GDP identity from the expenditure side,2024-Q1,,47339.5,,2020,,,,F,Free (free for publication),1,One,A,Normal value,0,Units,USD,US dollar
DATAFLOW,OECD.SDD.NAD:DSD_NAMAIN1@DF_QNA_EXPENDITURE_CAPITA(1.1),Quarterly GDP per capita,I,Q,Quarterly,Y,Calendar and seasonally adjusted,CZE,Czechia,S1,Total economy,S1,Total economy,B1GQ_POP,"Gross domestic product, per capita",_Z,Not applicable,_Z,Not applicable,_Z,Not applicable,USD_PPP_PS,"US dollars per person, PPP converted",LR,Chain linked volume (rebased),LA,Annual levels,T0102,Table 0102 - GDP identity from the expenditure side,2023-Q4,,47250.3,,2020,,,,F,Free (free for publication),1,One,A,Normal value,0,Units,USD,US dollar
DATAFLOW,OECD.SDD.NAD:DSD_NAMAIN1@DF_QNA_EXPENDITURE_CAPITA(1.1),Quarterly GDP per capita,I,Q,Quarterly,Y,Calendar and seasonally adjusted,AUT,Austria,S1,Total economy,S1,Total economy,B1GQ_POP,"Gross domestic product, per capita",_Z,Not applicable,_Z,Not applicable,_Z,Not applicable,USD_PPP_PS,"US dollars per person, PPP converted",LR,Chain linked volume (rebased),LA,Annual levels,T0102,Table 0102 - GDP identity from the expenditure side,2023-Q4,,62068.1,,2020,,,,F,Free (free for publication),1,One,A,Normal value,0,Units,USD,US dollar
DATAFLOW,OECD.SDD.NAD:DSD_NAMAIN1@DF_QNA_EXPENDITURE_CAPITA(1.1),Quarterly GDP per capita,I,Q,Quarterly,Y,Calendar and seasonally adjusted,AUT,Austria,S1,Total economy,S1,Total economy,B1GQ_POP,"Gross domestic product, per capita",_Z,Not applicable,_Z,Not applicable,_Z,Not applicable,USD_PPP_PS,"US dollars per person, PPP converted",V,Current prices,LA,Annual levels,T0102,Table 0102 - GDP identity from the expenditure side,2024-Q2,,75616.2,,,,,,F,Free (free for publication),1,One,A,Normal value,0,Units,USD,US dollar
DATAFLOW,OECD.SDD.NAD:DSD_NAMAIN1@DF_QNA_EXPENDITURE_CAPITA(1.1),Quarterly GDP per capita,I,Q,Quarterly,Y,Calendar and seasonally adjusted,AUT,Austria,S1,Total economy,S1,Total economy,B1GQ_POP,"Gross domestic product, per capita",_Z,Not applicable,_Z,Not applicable,_Z,Not applicable,USD_PPP_PS,"US dollars per person, PPP converted",V,Current prices,LA,Annual levels,T0102,Table 0102 - GDP identity from the expenditure side,2024-Q3,,75762.2,,,,,,F,Free (free for publication),1,One,A,Normal value,0,Units,USD,US dollar
DATAFLOW,OECD.SDD.NAD:DSD_NAMAIN1@DF_QNA_EXPENDITURE_CAPITA(1.1),Quarterly GDP per capita,I,Q,Quarterly,Y,Calendar and seasonally adjusted,AUT,Austria,S1,Total economy,S1,Total economy,B1GQ_POP,"Gross domestic product, per capita",_Z,Not applicable,_Z,Not applicable,_Z,Not applicable,USD_PPP_PS,"US dollars per person, PPP converted",V,Current prices,LA,Annual levels,T0102,Table 0102 - GDP identity from the expenditure side,2023-Q3,,74359.7,,,,,,F,Free (free for publication),1,One,A,Normal value,0,Units,USD,US dollar
DATAFLOW,OECD.SDD.NAD:DSD_NAMAIN1@DF_QNA_EXPENDITURE_CAPITA(1.1),Quarterly GDP per capita,I,Q,Quarterly,Y,Calendar and seasonally adjusted,AUT,Austria,S1,Total economy,S1,Total economy,B1GQ_POP,"Gross domestic product, per capita",_Z,Not applicable,_Z,Not applicable,_Z,Not applicable,USD_PPP_PS,"US dollars per person, PPP converted",LR,Chain linked volume (rebased),LA,Annual levels,T0102,Table 0102 - GDP identity from the expenditure side,2023-Q3,,62472,,2020,,,,F,Free (free for publication),1,One,A,Normal value,0,Units,USD,US dollar
DATAFLOW,OECD.SDD.NAD:DSD_NAMAIN1@DF_QNA_EXPENDITURE_CAPITA(1.1),Quarterly GDP per capita,I,Q,Quarterly,Y,Calendar and seasonally adjusted,CZE,Czechia,S1,Total economy,S1,Total economy,B1GQ_POP,"Gross domestic product, per capita",_Z,Not applicable,_Z,Not applicable,_Z,Not applicable,USD_PPP_PS,"US dollars per person, PPP converted",V,Current prices,LA,Annual levels,T0102,Table 0102 - GDP identity from the expenditure side,2024-Q4,,58495,,,,,,F,Free (free for publication),1,One,A,Normal value,0,Units,USD,US dollar
DATAFLOW,OECD.SDD.NAD:DSD_NAMAIN1@DF_QNA_EXPENDITURE_CAPITA(1.1),Quarterly GDP per capita,I,Q,Quarterly,Y,Calendar and seasonally adjusted,CZE,Czechia,S1,Total economy,S1,Total economy,B1GQ_POP,"Gross domestic product, per capita",_Z,Not applicable,_Z,Not applicable,_Z,Not applicable,USD_PPP_PS,"US dollars per person, PPP converted",V,Current prices,LA,Annual levels,T0102,Table 0102 - GDP identity from the expenditure side,2024-Q3,,57787.4,,,,,,F,Free (free for publication),1,One,A,Normal value,0,Units,USD,US dollar
DATAFLOW,OECD.SDD.NAD:DSD_NAMAIN1@DF_QNA_EXPENDITURE_CAPITA(1.1),Quarterly GDP per capita,I,Q,Quarterly,Y,Calendar and seasonally adjusted,CZE,Czechia,S1,Total economy,S1,Total economy,B1GQ_POP,"Gross domestic product, per capita",_Z,Not applicable,_Z,Not applicable,_Z,Not applicable,USD_PPP_PS,"US dollars per person, PPP converted",V,Current prices,LA,Annual levels,T0102,Table 0102 - GDP identity from the expenditure side,2025-Q3,,61330.2,,,,,,F,Free (free for publication),1,One,A,Normal value,0,Units,USD,US dollar
DATAFLOW,OECD.SDD.NAD:DSD_NAMAIN1@DF_QNA_EXPENDITURE_CAPITA(1.1),Quarterly GDP per capita,I,Q,Quarterly,Y,Calendar and seasonally adjusted,CRI,Costa Rica,S1,Total economy,S1,Total economy,B1GQ_POP,"Gross domestic product, per capita",_Z,Not applicable,_Z,Not applicable,_Z,Not applicable,USD_PPP_PS,"US dollars per person, PPP converted",V,Current prices,LA,Annual levels,T0102,Table 0102 - GDP identity from the expenditure side,2023-Q3,,28718.8,,,,,,F,Free (free for publication),1,One,A,Normal value,0,Units,USD,US dollar
DATAFLOW,OECD.SDD.NAD:DSD_NAMAIN1@DF_QNA_EXPENDITURE_CAPITA(1.1),Quarterly GDP per capita,I,Q,Quarterly,Y,Calendar and seasonally adjusted,CRI,Costa Rica,S1,Total economy,S1,Total economy,B1GQ_POP,"Gross domestic product, per capita",_Z,Not applicable,_Z,Not applicable,_Z,Not applicable,USD_PPP_PS,"US dollars per person, PPP converted",V,Current prices,LA,Annual levels,T0102,Table 0102 - GDP identity from the expenditure side,2023-Q2,,28182.5,,,,,,F,Free (free for publication),1,One,A,Normal value,0,Units,USD,US dollar
DATAFLOW,OECD.SDD.NAD:DSD_NAMAIN1@DF_QNA_EXPENDITURE_CAPITA(1.1),Quarterly GDP per capita,I,Q,Quarterly,Y,Calendar and seasonally adjusted,CRI,Costa Rica,S1,Total economy,S1,Total economy,B1GQ_POP,"Gross domestic product, per capita",_Z,Not applicable,_Z,Not applicable,_Z,Not applicable,USD_PPP_PS,"US dollars per person, PPP converted",V,Current prices,LA,Annual levels,T0102,Table 0102 - GDP identity from the expenditure side,2024-Q2,,30331.6,,,,,,F,Free (free for publication),1,One,A,Normal value,0,Units,USD,US dollar
DATAFLOW,OECD.SDD.NAD:DSD_NAMAIN1@DF_QNA_EXPENDITURE_CAPITA(1.1),Quarterly GDP per capita,I,Q,Quarterly,Y,Calendar and seasonally adjusted,CRI,Costa Rica,S1,Total economy,S1,Total economy,B1GQ_POP,"Gross domestic product, per capita",_Z,Not applicable,_Z,Not applicable,_Z,Not applicable,USD_PPP_PS,"US dollars per person, PPP converted",V,Current prices,LA,Annual levels,T0102,Table 0102 - GDP identity from the expenditure side,2025-Q3,,32835.1,,,,,,F,Free (free for publication),1,One,A,Normal value,0,Units,USD,US dollar
DATAFLOW,OECD.SDD.NAD:DSD_NAMAIN1@DF_QNA_EXPENDITURE_CAPITA(1.1),Quarterly GDP per capita,I,Q,Quarterly,Y,Calendar and seasonally adjusted,CRI,Costa Rica,S1,Total economy,S1,Total economy,B1GQ_POP,"Gross domestic product, per capita",_Z,Not applicable,_Z,Not applicable,_Z,Not applicable,USD_PPP_PS,"US dollars per person, PPP converted",LR,Chain linked volume (rebased),LA,Annual levels,T0102,Table 0102 - GDP identity from the expenditure side,2024-Q4,,26586.5,,2020,,,,F,Free (free for publication),1,One,A,Normal value,0,Units,USD,US dollar
DATAFLOW,OECD.SDD.NAD:DSD_NAMAIN1@DF_QNA_EXPENDITURE_CAPITA(1.1),Quarterly GDP per capita,I,Q,Quarterly,Y,Calendar and seasonally adjusted,CRI,Costa Rica,S1,Total economy,S1,Total economy,B1GQ_POP,"Gross domestic product, per capita",_Z,Not applicable,_Z,Not applicable,_Z,Not applicable,USD_PPP_PS,"US dollars per person, PPP converted",V,Current prices,LA,Annual levels,T0102,Table 0102 - GDP identity from the expenditure side,2024-Q4,,31197.9,,,,,,F,Free (free for publication),1,One,A,Normal value,0,Units,USD,US dollar
DATAFLOW,OECD.SDD.NAD:DSD_NAMAIN1@DF_QNA_EXPENDITURE_CAPITA(1.1),Quarterly GDP per capita,I,Q,Quarterly,Y,Calendar and seasonally adjusted,CRI,Costa Rica,S1,Total economy,S1,Total economy,B1GQ_POP,"Gross domestic product, per capita",_Z,Not applicable,_Z,Not applicable,_Z,Not applicable,USD_PPP_PS,"US dollars per person, PPP converted",V,Current prices,LA,Annual levels,T0102,Table 0102 - GDP identity from the expenditure side,2024-Q3,,30667.6,,,,,,F,Free (free for publication),1,One,A,Normal value,0,Units,USD,US dollar
DATAFLOW,OECD.SDD.NAD:DSD_NAMAIN1@DF_QNA_EXPENDITURE_CAPITA(1.1),Quarterly GDP per capita,I,Q,Quarterly,Y,Calendar and seasonally adjusted,CRI,Costa Rica,S1,Total economy,S1,Total economy,B1GQ_POP,"Gross domestic product, per capita",_Z,Not applicable,_Z,Not applicable,_Z,Not applicable,USD_PPP_PS,"US dollars per person, PPP converted",V,Current prices,LA,Annual levels,T0102,Table 0102 - GDP identity from the expenditure side,2025-Q4,,33260.9,,,,,,F,Free (free for publication),1,One,A,Normal value,0,Units,USD,US dollar
DATAFLOW,OECD.SDD.NAD:DSD_NAMAIN1@DF_QNA_EXPENDITURE_CAPITA(1.1),Quarterly GDP per capita,I,Q,Quarterly,Y,Calendar and seasonally adjusted,CRI,Costa Rica,S1,Total economy,S1,Total economy,B1GQ_POP,"Gross domestic product, per capita",_Z,Not applicable,_Z,Not applicable,_Z,Not applicable,USD_PPP_PS,"US dollars per person, PPP converted",V,Current prices,LA,Annual levels,T0102,Table 0102 - GDP identity from the expenditure side,2025-Q2,,32394.5,,,,,,F,Free (free for publication),1,One,A,Normal value,0,Units,USD,US dollar
DATAFLOW,OECD.SDD.NAD:DSD_NAMAIN1@DF_QNA_EXPENDITURE_CAPITA(1.1),Quarterly GDP per capita,I,Q,Quarterly,Y,Calendar and seasonally adjusted,CRI,Costa Rica,S1,Total economy,S1,Total economy,B1GQ_POP,"Gross domestic product, per capita",_Z,Not applicable,_Z,Not applicable,_Z,Not applicable,USD_PPP_PS,"US dollars per person, PPP converted",V,Current prices,LA,Annual levels,T0102,Table 0102 - GDP identity from the expenditure side,2025-Q1,,31570.2,,,,,,F,Free (free for publication),1,One,A,Normal value,0,Units,USD,US dollar
DATAFLOW,OECD.SDD.NAD:DSD_NAMAIN1@DF_QNA_EXPENDITURE_CAPITA(1.1),Quarterly GDP per capita,I,Q,Quarterly,Y,Calendar and seasonally adjusted,CRI,Costa Rica,S1,Total economy,S1,Total economy,B1GQ_POP,"Gross domestic product, per capita",_Z,Not applicable,_Z,Not applicable,_Z,Not applicable,USD_PPP_PS,"US dollars per person, PPP converted",LR,Chain linked volume (rebased),LA,Annual levels,T0102,Table 0102 - GDP identity from the expenditure side,2023-Q4,,25757.6,,2020,,,,F,Free (free for publication),1,One,A,Normal value,0,Units,USD,US dollar
DATAFLOW,OECD.SDD.NAD:DSD_NAMAIN1@DF_QNA_EXPENDITURE_CAPITA(1.1),Quarterly GDP per capita,I,Q,Quarterly,Y,Calendar and seasonally adjusted,CRI,Costa Rica,S1,Total economy,S1,Total economy,B1GQ_POP,"Gross domestic product, per capita",_Z,Not applicable,_Z,Not applicable,_Z,Not applicable,USD_PPP_PS,"US dollars per person, PPP converted",LR,Chain linked volume (rebased),LA,Annual levels,T0102,Table 0102 - GDP identity from the expenditure side,2025-Q4,,27564.5,,2020,,,,F,Free (free for publication),1,One,A,Normal value,0,Units,USD,US dollar
DATAFLOW,OECD.SDD.NAD:DSD_NAMAIN1@DF_QNA_EXPENDITURE_CAPITA(1.1),Quarterly GDP per capita,I,Q,Quarterly,Y,Calendar and seasonally adjusted,CRI,Costa Rica,S1,Total economy,S1,Total economy,B1GQ_POP,"Gross domestic product, per capita",_Z,Not applicable,_Z,Not applicable,_Z,Not applicable,USD_PPP_PS,"US dollars per person, PPP converted",LR,Chain linked volume (rebased),LA,Annual levels,T0102,Table 0102 - GDP identity from the expenditure side,2025-Q3,,27408.5,,2020,,,,F,Free (free for publication),1,One,A,Normal value,0,Units,USD,US dollar
DATAFLOW,OECD.SDD.NAD:DSD_NAMAIN1@DF_QNA_EXPENDITURE_CAPITA(1.1),Quarterly GDP per capita,I,Q,Quarterly,Y,Calendar and seasonally adjusted,CRI,Costa Rica,S1,Total economy,S1,Total economy,B1GQ_POP,"Gross domestic product, per capita",_Z,Not applicable,_Z,Not applicable,_Z,Not applicable,USD_PPP_PS,"US dollars per person, PPP converted",LR,Chain linked volume (rebased),LA,Annual levels,T0102,Table 0102 - GDP identity from the expenditure side,2024-Q1,,25967.2,,2020,,,,F,Free (free for publication),1,One,A,Normal value,0,Units,USD,US dollar
DATAFLOW,OECD.SDD.NAD:DSD_NAMAIN1@DF_QNA_EXPENDITURE_CAPITA(1.1),Quarterly GDP per capita,I,Q,Quarterly,Y,Calendar and seasonally adjusted,CRI,Costa Rica,S1,Total economy,S1,Total economy,B1GQ_POP,"Gross domestic product, per capita",_Z,Not applicable,_Z,Not applicable,_Z,Not applicable,USD_PPP_PS,"US dollars per person, PPP converted",LR,Chain linked volume (rebased),LA,Annual levels,T0102,Table 0102 - GDP identity from the expenditure side,2024-Q2,,26207.3,,2020,,,,F,Free (free for publication),1,One,A,Normal value,0,Units,USD,US dollar
DATAFLOW,OECD.SDD.NAD:DSD_NAMAIN1@DF_QNA_EXPENDITURE_CAPITA(1.1),Quarterly GDP per capita,I,Q,Quarterly,Y,Calendar and seasonally adjusted,CRI,Costa Rica,S1,Total economy,S1,Total economy,B1GQ_POP,"Gross domestic product, per capita",_Z,Not applicable,_Z,Not applicable,_Z,Not applicable,USD_PPP_PS,"US dollars per person, PPP converted",V,Current prices,LA,Annual levels,T0102,Table 0102 - GDP identity from the expenditure side,2023-Q1,,27589.8,,,,,,F,Free (free for publication),1,One,A,Normal value,0,Units,USD,US dollar
DATAFLOW,OECD.SDD.NAD:DSD_NAMAIN1@DF_QNA_EXPENDITURE_CAPITA(1.1),Quarterly GDP per capita,I,Q,Quarterly,Y,Calendar and seasonally adjusted,CRI,Costa Rica,S1,Total economy,S1,Total economy,B1GQ_POP,"Gross domestic product, per capita",_Z,Not applicable,_Z,Not applicable,_Z,Not applicable,USD_PPP_PS,"US dollars per person, PPP converted",LR,Chain linked volume (rebased),LA,Annual levels,T0102,Table 0102 - GDP identity from the expenditure side,2025-Q2,,27252.2,,2020,,,,F,Free (free for publication),1,One,A,Normal value,0,Units,USD,US dollar
DATAFLOW,OECD.SDD.NAD:DSD_NAMAIN1@DF_QNA_EXPENDITURE_CAPITA(1.1),Quarterly GDP per capita,I,Q,Quarterly,Y,Calendar and seasonally adjusted,CRI,Costa Rica,S1,Total economy,S1,Total economy,B1GQ_POP,"Gross domestic product, per capita",_Z,Not applicable,_Z,Not applicable,_Z,Not applicable,USD_PPP_PS,"US dollars per person, PPP converted",LR,Chain linked volume (rebased),LA,Annual levels,T0102,Table 0102 - GDP identity from the expenditure side,2025-Q1,,26713,,2020,,,,F,Free (free for publication),1,One,A,Normal value,0,Units,USD,US dollar
DATAFLOW,OECD.SDD.NAD:DSD_NAMAIN1@DF_QNA_EXPENDITURE_CAPITA(1.1),Quarterly GDP per capita,I,Q,Quarterly,Y,Calendar and seasonally adjusted,CRI,Costa Rica,S1,Total economy,S1,Total economy,B1GQ_POP,"Gross domestic product, per capita",_Z,Not applicable,_Z,Not applicable,_Z,Not applicable,USD_PPP_PS,"US dollars per person, PPP converted",LR,Chain linked volume (rebased),LA,Annual levels,T0102,Table 0102 - GDP identity from the expenditure side,2024-Q3,,26297.5,,2020,,,,F,Free (free for publication),1,One,A,Normal value,0,Units,USD,US dollar
DATAFLOW,OECD.SDD.NAD:DSD_NAMAIN1@DF_QNA_EXPENDITURE_CAPITA(1.1),Quarterly GDP per capita,I,Q,Quarterly,Y,Calendar and seasonally adjusted,CRI,Costa Rica,S1,Total economy,S1,Total economy,B1GQ_POP,"Gross domestic product, per capita",_Z,Not applicable,_Z,Not applicable,_Z,Not applicable,USD_PPP_PS,"US dollars per person, PPP converted",LR,Chain linked volume (rebased),LA,Annual levels,T0102,Table 0102 - GDP identity from the expenditure side,2023-Q3,,25601.9,,2020,,,,F,Free (free for publication),1,One,A,Normal value,0,Units,USD,US dollar
DATAFLOW,OECD.SDD.NAD:DSD_NAMAIN1@DF_QNA_EXPENDITURE_CAPITA(1.1),Quarterly GDP per capita,I,Q,Quarterly,Y,Calendar and seasonally adjusted,CRI,Costa Rica,S1,Total economy,S1,Total economy,B1GQ_POP,"Gross domestic product, per capita",_Z,Not applicable,_Z,Not applicable,_Z,Not applicable,USD_PPP_PS,"US dollars per person, PPP converted",LR,Chain linked volume (rebased),LA,Annual levels,T0102,Table 0102 - GDP identity from the expenditure side,2023-Q2,,25420.9,,2020,,,,F,Free (free for publication),1,One,A,Normal value,0,Units,USD,US dollar
DATAFLOW,OECD.SDD.NAD:DSD_NAMAIN1@DF_QNA_EXPENDITURE_CAPITA(1.1),Quarterly GDP per capita,I,Q,Quarterly,Y,Calendar and seasonally adjusted,CRI,Costa Rica,S1,Total economy,S1,Total economy,B1GQ_POP,"Gross domestic product, per capita",_Z,Not applicable,_Z,Not applicable,_Z,Not applicable,USD_PPP_PS,"US dollars per person, PPP converted",LR,Chain linked volume (rebased),LA,Annual levels,T0102,Table 0102 - GDP identity from the expenditure side,2023-Q1,,25073.3,,2020,,,,F,Free (free for publication),1,One,A,Normal value,0,Units,USD,US dollar
DATAFLOW,OECD.SDD.NAD:DSD_NAMAIN1@DF_QNA_EXPENDITURE_CAPITA(1.1),Quarterly GDP per capita,I,Q,Quarterly,Y,Calendar and seasonally adjusted,CRI,Costa Rica,S1,Total economy,S1,Total economy,B1GQ_POP,"Gross domestic product, per capita",_Z,Not applicable,_Z,Not applicable,_Z,Not applicable,USD_PPP_PS,"US dollars per person, PPP converted",V,Current prices,LA,Annual levels,T0102,Table 0102 - GDP identity from the expenditure side,2024-Q1,,29785.9,,,,,,F,Free (free for publication),1,One,A,Normal value,0,Units,USD,US dollar
DATAFLOW,OECD.SDD.NAD:DSD_NAMAIN1@DF_QNA_EXPENDITURE_CAPITA(1.1),Quarterly GDP per capita,I,Q,Quarterly,Y,Calendar and seasonally adjusted,COL,Colombia,S1,Total economy,S1,Total economy,B1GQ_POP,"Gross domestic product, per capita",_Z,Not applicable,_Z,Not applicable,_Z,Not applicable,USD_PPP_PS,"US dollars per person, PPP converted",V,Current prices,LA,Annual levels,T0102,Table 0102 - GDP identity from the expenditure side,2023-Q3,,21728,,,,,,F,Free (free for publication),1,One,A,Normal value,0,Units,USD,US dollar
DATAFLOW,OECD.SDD.NAD:DSD_NAMAIN1@DF_QNA_EXPENDITURE_CAPITA(1.1),Quarterly GDP per capita,I,Q,Quarterly,Y,Calendar and seasonally adjusted,COL,Colombia,S1,Total economy,S1,Total economy,B1GQ_POP,"Gross domestic product, per capita",_Z,Not applicable,_Z,Not applicable,_Z,Not applicable,USD_PPP_PS,"US dollars per person, PPP converted",V,Current prices,LA,Annual levels,T0102,Table 0102 - GDP identity from the expenditure side,2024-Q2,,22897.1,,,,,,F,Free (free for publication),1,One,A,Normal value,0,Units,USD,US dollar
DATAFLOW,OECD.SDD.NAD:DSD_NAMAIN1@DF_QNA_EXPENDITURE_CAPITA(1.1),Quarterly GDP per capita,I,Q,Quarterly,Y,Calendar and seasonally adjusted,COL,Colombia,S1,Total economy,S1,Total economy,B1GQ_POP,"Gross domestic product, per capita",_Z,Not applicable,_Z,Not applicable,_Z,Not applicable,USD_PPP_PS,"US dollars per person, PPP converted",V,Current prices,LA,Annual levels,T0102,Table 0102 - GDP identity from the expenditure side,2024-Q1,,22494.7,,,,,,F,Free (free for publication),1,One,A,Normal value,0,Units,USD,US dollar
DATAFLOW,OECD.SDD.NAD:DSD_NAMAIN1@DF_QNA_EXPENDITURE_CAPITA(1.1),Quarterly GDP per capita,I,Q,Quarterly,Y,Calendar and seasonally adjusted,COL,Colombia,S1,Total economy,S1,Total economy,B1GQ_POP,"Gross domestic product, per capita",_Z,Not applicable,_Z,Not applicable,_Z,Not applicable,USD_PPP_PS,"US dollars per person, PPP converted",V,Current prices,LA,Annual levels,T0102,Table 0102 - GDP identity from the expenditure side,2024-Q4,,23580.5,,,,,,F,Free (free for publication),1,One,A,Normal value,0,Units,USD,US dollar
DATAFLOW,OECD.SDD.NAD:DSD_NAMAIN1@DF_QNA_EXPENDITURE_CAPITA(1.1),Quarterly GDP per capita,I,Q,Quarterly,Y,Calendar and seasonally adjusted,COL,Colombia,S1,Total economy,S1,Total economy,B1GQ_POP,"Gross domestic product, per capita",_Z,Not applicable,_Z,Not applicable,_Z,Not applicable,USD_PPP_PS,"US dollars per person, PPP converted",V,Current prices,LA,Annual levels,T0102,Table 0102 - GDP identity from the expenditure side,2024-Q3,,23083.1,,,,,,F,Free (free for publication),1,One,A,Normal value,0,Units,USD,US dollar
DATAFLOW,OECD.SDD.NAD:DSD_NAMAIN1@DF_QNA_EXPENDITURE_CAPITA(1.1),Quarterly GDP per capita,I,Q,Quarterly,Y,Calendar and seasonally adjusted,COL,Colombia,S1,Total economy,S1,Total economy,B1GQ_POP,"Gross domestic product, per capita",_Z,Not applicable,_Z,Not applicable,_Z,Not applicable,USD_PPP_PS,"US dollars per person, PPP converted",V,Current prices,LA,Annual levels,T0102,Table 0102 - GDP identity from the expenditure side,2025-Q3,,24294.8,,,,,,F,Free (free for publication),1,One,A,Normal value,0,Units,USD,US dollar
DATAFLOW,OECD.SDD.NAD:DSD_NAMAIN1@DF_QNA_EXPENDITURE_CAPITA(1.1),Quarterly GDP per capita,I,Q,Quarterly,Y,Calendar and seasonally adjusted,COL,Colombia,S1,Total economy,S1,Total economy,B1GQ_POP,"Gross domestic product, per capita",_Z,Not applicable,_Z,Not applicable,_Z,Not applicable,USD_PPP_PS,"US dollars per person, PPP converted",V,Current prices,LA,Annual levels,T0102,Table 0102 - GDP identity from the expenditure side,2025-Q2,,23713.1,,,,,,F,Free (free for publication),1,One,A,Normal value,0,Units,USD,US dollar
DATAFLOW,OECD.SDD.NAD:DSD_NAMAIN1@DF_QNA_EXPENDITURE_CAPITA(1.1),Quarterly GDP per capita,I,Q,Quarterly,Y,Calendar and seasonally adjusted,COL,Colombia,S1,Total economy,S1,Total economy,B1GQ_POP,"Gross domestic product, per capita",_Z,Not applicable,_Z,Not applicable,_Z,Not applicable,USD_PPP_PS,"US dollars per person, PPP converted",V,Current prices,LA,Annual levels,T0102,Table 0102 - GDP identity from the expenditure side,2025-Q1,,23826.2,,,,,,F,Free (free for publication),1,One,A,Normal value,0,Units,USD,US dollar
DATAFLOW,OECD.SDD.NAD:DSD_NAMAIN1@DF_QNA_EXPENDITURE_CAPITA(1.1),Quarterly GDP per capita,I,Q,Quarterly,Y,Calendar and seasonally adjusted,COL,Colombia,S1,Total economy,S1,Total economy,B1GQ_POP,"Gross domestic product, per capita",_Z,Not applicable,_Z,Not applicable,_Z,Not applicable,USD_PPP_PS,"US dollars per person, PPP converted",LR,Chain linked volume (rebased),LA,Annual levels,T0102,Table 0102 - GDP identity from the expenditure side,2024-Q4,,18729.4,,2020,,,,F,Free (free for publication),1,One,A,Normal value,0,Units,USD,US dollar
DATAFLOW,OECD.SDD.NAD:DSD_NAMAIN1@DF_QNA_EXPENDITURE_CAPITA(1.1),Quarterly GDP per capita,I,Q,Quarterly,Y,Calendar and seasonally adjusted,COL,Colombia,S1,Total economy,S1,Total economy,B1GQ_POP,"Gross domestic product, per capita",_Z,Not applicable,_Z,Not applicable,_Z,Not applicable,USD_PPP_PS,"US dollars per person, PPP converted",LR,Chain linked volume (rebased),LA,Annual levels,T0102,Table 0102 - GDP identity from the expenditure side,2024-Q3,,18464.3,,2020,,,,F,Free (free for publication),1,One,A,Normal value,0,Units,USD,US dollar
DATAFLOW,OECD.SDD.NAD:DSD_NAMAIN1@DF_QNA_EXPENDITURE_CAPITA(1.1),Quarterly GDP per capita,I,Q,Quarterly,Y,Calendar and seasonally adjusted,COL,Colombia,S1,Total economy,S1,Total economy,B1GQ_POP,"Gross domestic product, per capita",_Z,Not applicable,_Z,Not applicable,_Z,Not applicable,USD_PPP_PS,"US dollars per person, PPP converted",LR,Chain linked volume (rebased),LA,Annual levels,T0102,Table 0102 - GDP identity from the expenditure side,2024-Q2,,18569.9,,2020,,,,F,Free (free for publication),1,One,A,Normal value,0,Units,USD,US dollar
DATAFLOW,OECD.SDD.NAD:DSD_NAMAIN1@DF_QNA_EXPENDITURE_CAPITA(1.1),Quarterly GDP per capita,I,Q,Quarterly,Y,Calendar and seasonally adjusted,COL,Colombia,S1,Total economy,S1,Total economy,B1GQ_POP,"Gross domestic product, per capita",_Z,Not applicable,_Z,Not applicable,_Z,Not applicable,USD_PPP_PS,"US dollars per person, PPP converted",LR,Chain linked volume (rebased),LA,Annual levels,T0102,Table 0102 - GDP identity from the expenditure side,2024-Q1,,18441.1,,2020,,,,F,Free (free for publication),1,One,A,Normal value,0,Units,USD,US dollar
DATAFLOW,OECD.SDD.NAD:DSD_NAMAIN1@DF_QNA_EXPENDITURE_CAPITA(1.1),Quarterly GDP per capita,I,Q,Quarterly,Y,Calendar and seasonally adjusted,COL,Colombia,S1,Total economy,S1,Total economy,B1GQ_POP,"Gross domestic product, per capita",_Z,Not applicable,_Z,Not applicable,_Z,Not applicable,USD_PPP_PS,"US dollars per person, PPP converted",LR,Chain linked volume (rebased),LA,Annual levels,T0102,Table 0102 - GDP identity from the expenditure side,2023-Q4,,18443,,2020,,,,F,Free (free for publication),1,One,A,Normal value,0,Units,USD,US dollar
DATAFLOW,OECD.SDD.NAD:DSD_NAMAIN1@DF_QNA_EXPENDITURE_CAPITA(1.1),Quarterly GDP per capita,I,Q,Quarterly,Y,Calendar and seasonally adjusted,COL,Colombia,S1,Total economy,S1,Total economy,B1GQ_POP,"Gross domestic product, per capita",_Z,Not applicable,_Z,Not applicable,_Z,Not applicable,USD_PPP_PS,"US dollars per person, PPP converted",LR,Chain linked volume (rebased),LA,Annual levels,T0102,Table 0102 - GDP identity from the expenditure side,2023-Q3,,18337.9,,2020,,,,F,Free (free for publication),1,One,A,Normal value,0,Units,USD,US dollar
DATAFLOW,OECD.SDD.NAD:DSD_NAMAIN1@DF_QNA_EXPENDITURE_CAPITA(1.1),Quarterly GDP per capita,I,Q,Quarterly,Y,Calendar and seasonally adjusted,COL,Colombia,S1,Total economy,S1,Total economy,B1GQ_POP,"Gross domestic product, per capita",_Z,Not applicable,_Z,Not applicable,_Z,Not applicable,USD_PPP_PS,"US dollars per person, PPP converted",LR,Chain linked volume (rebased),LA,Annual levels,T0102,Table 0102 - GDP identity from the expenditure side,2023-Q2,,18446.9,,2020,,,,F,Free (free for publication),1,One,A,Normal value,0,Units,USD,US dollar
DATAFLOW,OECD.SDD.NAD:DSD_NAMAIN1@DF_QNA_EXPENDITURE_CAPITA(1.1),Quarterly GDP per capita,I,Q,Quarterly,Y,Calendar and seasonally adjusted,COL,Colombia,S1,Total economy,S1,Total economy,B1GQ_POP,"Gross domestic product, per capita",_Z,Not applicable,_Z,Not applicable,_Z,Not applicable,USD_PPP_PS,"US dollars per person, PPP converted",LR,Chain linked volume (rebased),LA,Annual levels,T0102,Table 0102 - GDP identity from the expenditure side,2023-Q1,,18636.5,,2020,,,,F,Free (free for publication),1,One,A,Normal value,0,Units,USD,US dollar
DATAFLOW,OECD.SDD.NAD:DSD_NAMAIN1@DF_QNA_EXPENDITURE_CAPITA(1.1),Quarterly GDP per capita,I,Q,Quarterly,Y,Calendar and seasonally adjusted,COL,Colombia,S1,Total economy,S1,Total economy,B1GQ_POP,"Gross domestic product, per capita",_Z,Not applicable,_Z,Not applicable,_Z,Not applicable,USD_PPP_PS,"US dollars per person, PPP converted",V,Current prices,LA,Annual levels,T0102,Table 0102 - GDP identity from the expenditure side,2023-Q2,,21606.6,,,,,,F,Free (free for publication),1,One,A,Normal value,0,Units,USD,US dollar
DATAFLOW,OECD.SDD.NAD:DSD_NAMAIN1@DF_QNA_EXPENDITURE_CAPITA(1.1),Quarterly GDP per capita,I,Q,Quarterly,Y,Calendar and seasonally adjusted,COL,Colombia,S1,Total economy,S1,Total economy,B1GQ_POP,"Gross domestic product, per capita",_Z,Not applicable,_Z,Not applicable,_Z,Not applicable,USD_PPP_PS,"US dollars per person, PPP converted",LR,Chain linked volume (rebased),LA,Annual levels,T0102,Table 0102 - GDP identity from the expenditure side,2025-Q3,,18958.2,,2020,,,,F,Free (free for publication),1,One,A,Normal value,0,Units,USD,US dollar
DATAFLOW,OECD.SDD.NAD:DSD_NAMAIN1@DF_QNA_EXPENDITURE_CAPITA(1.1),Quarterly GDP per capita,I,Q,Quarterly,Y,Calendar and seasonally adjusted,COL,Colombia,S1,Total economy,S1,Total economy,B1GQ_POP,"Gross domestic product, per capita",_Z,Not applicable,_Z,Not applicable,_Z,Not applicable,USD_PPP_PS,"US dollars per person, PPP converted",LR,Chain linked volume (rebased),LA,Annual levels,T0102,Table 0102 - GDP identity from the expenditure side,2025-Q2,,18722.8,,2020,,,,F,Free (free for publication),1,One,A,Normal value,0,Units,USD,US dollar
DATAFLOW,OECD.SDD.NAD:DSD_NAMAIN1@DF_QNA_EXPENDITURE_CAPITA(1.1),Quarterly GDP per capita,I,Q,Quarterly,Y,Calendar and seasonally adjusted,COL,Colombia,S1,Total economy,S1,Total economy,B1GQ_POP,"Gross domestic product, per capita",_Z,Not applicable,_Z,Not applicable,_Z,Not applicable,USD_PPP_PS,"US dollars per person, PPP converted",LR,Chain linked volume (rebased),LA,Annual levels,T0102,Table 0102 - GDP identity from the expenditure side,2025-Q1,,18762.3,,2020,,,,F,Free (free for publication),1,One,A,Normal value,0,Units,USD,US dollar
DATAFLOW,OECD.SDD.NAD:DSD_NAMAIN1@DF_QNA_EXPENDITURE_CAPITA(1.1),Quarterly GDP per capita,I,Q,Quarterly,Y,Calendar and seasonally adjusted,COL,Colombia,S1,Total economy,S1,Total economy,B1GQ_POP,"Gross domestic product, per capita",_Z,Not applicable,_Z,Not applicable,_Z,Not applicable,USD_PPP_PS,"US dollars per person, PPP converted",V,Current prices,LA,Annual levels,T0102,Table 0102 - GDP identity from the expenditure side,2023-Q1,,21908.6,,,,,,F,Free (free for publication),1,One,A,Normal value,0,Units,USD,US dollar
DATAFLOW,OECD.SDD.NAD:DSD_NAMAIN1@DF_QNA_EXPENDITURE_CAPITA(1.1),Quarterly GDP per capita,I,Q,Quarterly,Y,Calendar and seasonally adjusted,CHL,Chile,S1,Total economy,S1,Total economy,B1GQ_POP,"Gross domestic product, per capita",_Z,Not applicable,_Z,Not applicable,_Z,Not applicable,USD_PPP_PS,"US dollars per person, PPP converted",V,Current prices,LA,Annual levels,T0102,Table 0102 - GDP identity from the expenditure side,2025-Q2,,37046.2,,,,,,F,Free (free for publication),1,One,A,Normal value,0,Units,USD,US dollar
DATAFLOW,OECD.SDD.NAD:DSD_NAMAIN1@DF_QNA_EXPENDITURE_CAPITA(1.1),Quarterly GDP per capita,I,Q,Quarterly,Y,Calendar and seasonally adjusted,CHL,Chile,S1,Total economy,S1,Total economy,B1GQ_POP,"Gross domestic product, per capita",_Z,Not applicable,_Z,Not applicable,_Z,Not applicable,USD_PPP_PS,"US dollars per person, PPP converted",V,Current prices,LA,Annual levels,T0102,Table 0102 - GDP identity from the expenditure side,2025-Q1,,36715.3,,,,,,F,Free (free for publication),1,One,A,Normal value,0,Units,USD,US dollar
DATAFLOW,OECD.SDD.NAD:DSD_NAMAIN1@DF_QNA_EXPENDITURE_CAPITA(1.1),Quarterly GDP per capita,I,Q,Quarterly,Y,Calendar and seasonally adjusted,CHL,Chile,S1,Total economy,S1,Total economy,B1GQ_POP,"Gross domestic product, per capita",_Z,Not applicable,_Z,Not applicable,_Z,Not applicable,USD_PPP_PS,"US dollars per person, PPP converted",V,Current prices,LA,Annual levels,T0102,Table 0102 - GDP identity from the expenditure side,2024-Q4,,36107.9,,,,,,F,Free (free for publication),1,One,A,Normal value,0,Units,USD,US dollar
DATAFLOW,OECD.SDD.NAD:DSD_NAMAIN1@DF_QNA_EXPENDITURE_CAPITA(1.1),Quarterly GDP per capita,I,Q,Quarterly,Y,Calendar and seasonally adjusted,CHL,Chile,S1,Total economy,S1,Total economy,B1GQ_POP,"Gross domestic product, per capita",_Z,Not applicable,_Z,Not applicable,_Z,Not applicable,USD_PPP_PS,"US dollars per person, PPP converted",V,Current prices,LA,Annual levels,T0102,Table 0102 - GDP identity from the expenditure side,2024-Q3,,35614.1,,,,,,F,Free (free for publication),1,One,A,Normal value,0,Units,USD,US dollar
DATAFLOW,OECD.SDD.NAD:DSD_NAMAIN1@DF_QNA_EXPENDITURE_CAPITA(1.1),Quarterly GDP per capita,I,Q,Quarterly,Y,Calendar and seasonally adjusted,CHL,Chile,S1,Total economy,S1,Total economy,B1GQ_POP,"Gross domestic product, per capita",_Z,Not applicable,_Z,Not applicable,_Z,Not applicable,USD_PPP_PS,"US dollars per person, PPP converted",V,Current prices,LA,Annual levels,T0102,Table 0102 - GDP identity from the expenditure side,2024-Q2,,35003.1,,,,,,F,Free (free for publication),1,One,A,Normal value,0,Units,USD,US dollar
DATAFLOW,OECD.SDD.NAD:DSD_NAMAIN1@DF_QNA_EXPENDITURE_CAPITA(1.1),Quarterly GDP per capita,I,Q,Quarterly,Y,Calendar and seasonally adjusted,CHL,Chile,S1,Total economy,S1,Total economy,B1GQ_POP,"Gross domestic product, per capita",_Z,Not applicable,_Z,Not applicable,_Z,Not applicable,USD_PPP_PS,"US dollars per person, PPP converted",V,Current prices,LA,Annual levels,T0102,Table 0102 - GDP identity from the expenditure side,2024-Q1,,35105.8,,,,,,F,Free (free for publication),1,One,A,Normal value,0,Units,USD,US dollar
DATAFLOW,OECD.SDD.NAD:DSD_NAMAIN1@DF_QNA_EXPENDITURE_CAPITA(1.1),Quarterly GDP per capita,I,Q,Quarterly,Y,Calendar and seasonally adjusted,CHL,Chile,S1,Total economy,S1,Total economy,B1GQ_POP,"Gross domestic product, per capita",_Z,Not applicable,_Z,Not applicable,_Z,Not applicable,USD_PPP_PS,"US dollars per person, PPP converted",V,Current prices,LA,Annual levels,T0102,Table 0102 - GDP identity from the expenditure side,2023-Q4,,33489.8,,,,,,F,Free (free for publication),1,One,A,Normal value,0,Units,USD,US dollar
DATAFLOW,OECD.SDD.NAD:DSD_NAMAIN1@DF_QNA_EXPENDITURE_CAPITA(1.1),Quarterly GDP per capita,I,Q,Quarterly,Y,Calendar and seasonally adjusted,CHL,Chile,S1,Total economy,S1,Total economy,B1GQ_POP,"Gross domestic product, per capita",_Z,Not applicable,_Z,Not applicable,_Z,Not applicable,USD_PPP_PS,"US dollars per person, PPP converted",V,Current prices,LA,Annual levels,T0102,Table 0102 - GDP identity from the expenditure side,2023-Q3,,32813.6,,,,,,F,Free (free for publication),1,One,A,Normal value,0,Units,USD,US dollar
DATAFLOW,OECD.SDD.NAD:DSD_NAMAIN1@DF_QNA_EXPENDITURE_CAPITA(1.1),Quarterly GDP per capita,I,Q,Quarterly,Y,Calendar and seasonally adjusted,CHL,Chile,S1,Total economy,S1,Total economy,B1GQ_POP,"Gross domestic product, per capita",_Z,Not applicable,_Z,Not applicable,_Z,Not applicable,USD_PPP_PS,"US dollars per person, PPP converted",V,Current prices,LA,Annual levels,T0102,Table 0102 - GDP identity from the expenditure side,2023-Q2,,32405.5,,,,,,F,Free (free for publication),1,One,A,Normal value,0,Units,USD,US dollar
DATAFLOW,OECD.SDD.NAD:DSD_NAMAIN1@DF_QNA_EXPENDITURE_CAPITA(1.1),Quarterly GDP per capita,I,Q,Quarterly,Y,Calendar and seasonally adjusted,CHL,Chile,S1,Total economy,S1,Total economy,B1GQ_POP,"Gross domestic product, per capita",_Z,Not applicable,_Z,Not applicable,_Z,Not applicable,USD_PPP_PS,"US dollars per person, PPP converted",V,Current prices,LA,Annual levels,T0102,Table 0102 - GDP identity from the expenditure side,2023-Q1,,32156.1,,,,,,F,Free (free for publication),1,One,A,Normal value,0,Units,USD,US dollar
DATAFLOW,OECD.SDD.NAD:DSD_NAMAIN1@DF_QNA_EXPENDITURE_CAPITA(1.1),Quarterly GDP per capita,I,Q,Quarterly,Y,Calendar and seasonally adjusted,CHL,Chile,S1,Total economy,S1,Total economy,B1GQ_POP,"Gross domestic product, per capita",_Z,Not applicable,_Z,Not applicable,_Z,Not applicable,USD_PPP_PS,"US dollars per person, PPP converted",LR,Chain linked volume (rebased),LA,Annual levels,T0102,Table 0102 - GDP identity from the expenditure side,2024-Q3,,28823.9,,2020,,,,F,Free (free for publication),1,One,A,Normal value,0,Units,USD,US dollar
DATAFLOW,OECD.SDD.NAD:DSD_NAMAIN1@DF_QNA_EXPENDITURE_CAPITA(1.1),Quarterly GDP per capita,I,Q,Quarterly,Y,Calendar and seasonally adjusted,CHL,Chile,S1,Total economy,S1,Total economy,B1GQ_POP,"Gross domestic product, per capita",_Z,Not applicable,_Z,Not applicable,_Z,Not applicable,USD_PPP_PS,"US dollars per person, PPP converted",LR,Chain linked volume (rebased),LA,Annual levels,T0102,Table 0102 - GDP identity from the expenditure side,2024-Q2,,28401.1,,2020,,,,F,Free (free for publication),1,One,A,Normal value,0,Units,USD,US dollar
DATAFLOW,OECD.SDD.NAD:DSD_NAMAIN1@DF_QNA_EXPENDITURE_CAPITA(1.1),Quarterly GDP per capita,I,Q,Quarterly,Y,Calendar and seasonally adjusted,CHL,Chile,S1,Total economy,S1,Total economy,B1GQ_POP,"Gross domestic product, per capita",_Z,Not applicable,_Z,Not applicable,_Z,Not applicable,USD_PPP_PS,"US dollars per person, PPP converted",LR,Chain linked volume (rebased),LA,Annual levels,T0102,Table 0102 - GDP identity from the expenditure side,2024-Q1,,28649.6,,2020,,,,F,Free (free for publication),1,One,A,Normal value,0,Units,USD,US dollar
DATAFLOW,OECD.SDD.NAD:DSD_NAMAIN1@DF_QNA_EXPENDITURE_CAPITA(1.1),Quarterly GDP per capita,I,Q,Quarterly,Y,Calendar and seasonally adjusted,AUS,Australia,S1,Total economy,S1,Total economy,B1GQ_POP,"Gross domestic product, per capita",_Z,Not applicable,_Z,Not applicable,_Z,Not applicable,USD_PPP_PS,"US dollars per person, PPP converted",V,Current prices,LA,Annual levels,T0102,Table 0102 - GDP identity from the expenditure side,2024-Q3,,73067.2,,,,,,F,Free (free for publication),1,One,A,Normal value,0,Units,USD,US dollar
DATAFLOW,OECD.SDD.NAD:DSD_NAMAIN1@DF_QNA_EXPENDITURE_CAPITA(1.1),Quarterly GDP per capita,I,Q,Quarterly,Y,Calendar and seasonally adjusted,AUS,Australia,S1,Total economy,S1,Total economy,B1GQ_POP,"Gross domestic product, per capita",_Z,Not applicable,_Z,Not applicable,_Z,Not applicable,USD_PPP_PS,"US dollars per person, PPP converted",V,Current prices,LA,Annual levels,T0102,Table 0102 - GDP identity from the expenditure side,2023-Q1,,73290.7,,,,,,F,Free (free for publication),1,One,A,Normal value,0,Units,USD,US dollar
DATAFLOW,OECD.SDD.NAD:DSD_NAMAIN1@DF_QNA_EXPENDITURE_CAPITA(1.1),Quarterly GDP per capita,I,Q,Quarterly,Y,Calendar and seasonally adjusted,HUN,Hungary,S1,Total economy,S1,Total economy,B1GQ_POP,"Gross domestic product, per capita",_Z,Not applicable,_Z,Not applicable,_Z,Not applicable,USD_PPP_PS,"US dollars per person, PPP converted",LR,Chain linked volume (rebased),LA,Annual levels,T0102,Table 0102 - GDP identity from the expenditure side,2024-Q2,,40158.1,,2020,,,,F,Free (free for publication),1,One,A,Normal value,0,Units,USD,US dollar
DATAFLOW,OECD.SDD.NAD:DSD_NAMAIN1@DF_QNA_EXPENDITURE_CAPITA(1.1),Quarterly GDP per capita,I,Q,Quarterly,Y,Calendar and seasonally adjusted,FRA,France,S1,Total economy,S1,Total economy,B1GQ_POP,"Gross domestic product, per capita",_Z,Not applicable,_Z,Not applicable,_Z,Not applicable,USD_PPP_PS,"US dollars per person, PPP converted",LR,Chain linked volume (rebased),LA,Annual levels,T0102,Table 0102 - GDP identity from the expenditure side,2025-Q3,,55540.7,,2020,,,,F,Free (free for publication),1,One,A,Normal value,0,Units,USD,US dollar
DATAFLOW,OECD.SDD.NAD:DSD_NAMAIN1@DF_QNA_EXPENDITURE_CAPITA(1.1),Quarterly GDP per capita,I,Q,Quarterly,Y,Calendar and seasonally adjusted,FRA,France,S1,Total economy,S1,Total economy,B1GQ_POP,"Gross domestic product, per capita",_Z,Not applicable,_Z,Not applicable,_Z,Not applicable,USD_PPP_PS,"US dollars per person, PPP converted",V,Current prices,LA,Annual levels,T0102,Table 0102 - GDP identity from the expenditure side,2023-Q2,,60778.8,,,,,,F,Free (free for publication),1,One,A,Normal value,0,Units,USD,US dollar
DATAFLOW,OECD.SDD.NAD:DSD_NAMAIN1@DF_QNA_EXPENDITURE_CAPITA(1.1),Quarterly GDP per capita,I,Q,Quarterly,Y,Calendar and seasonally adjusted,FRA,France,S1,Total economy,S1,Total economy,B1GQ_POP,"Gross domestic product, per capita",_Z,Not applicable,_Z,Not applicable,_Z,Not applicable,USD_PPP_PS,"US dollars per person, PPP converted",V,Current prices,LA,Annual levels,T0102,Table 0102 - GDP identity from the expenditure side,2023-Q1,,59648.5,,,,,,F,Free (free for publication),1,One,A,Normal value,0,Units,USD,US dollar
DATAFLOW,OECD.SDD.NAD:DSD_NAMAIN1@DF_QNA_EXPENDITURE_CAPITA(1.1),Quarterly GDP per capita,I,Q,Quarterly,Y,Calendar and seasonally adjusted,FRA,France,S1,Total economy,S1,Total economy,B1GQ_POP,"Gross domestic product, per capita",_Z,Not applicable,_Z,Not applicable,_Z,Not applicable,USD_PPP_PS,"US dollars per person, PPP converted",V,Current prices,LA,Annual levels,T0102,Table 0102 - GDP identity from the expenditure side,2025-Q4,,65589.3,,,,,,F,Free (free for publication),1,One,A,Normal value,0,Units,USD,US dollar
DATAFLOW,OECD.SDD.NAD:DSD_NAMAIN1@DF_QNA_EXPENDITURE_CAPITA(1.1),Quarterly GDP per capita,I,Q,Quarterly,Y,Calendar and seasonally adjusted,CAN,Canada,S1,Total economy,S1,Total economy,B1GQ_POP,"Gross domestic product, per capita",_Z,Not applicable,_Z,Not applicable,_Z,Not applicable,USD_PPP_PS,"US dollars per person, PPP converted",V,Current prices,LA,Annual levels,T0102,Table 0102 - GDP identity from the expenditure side,2025-Q2,,67335.7,,,,,,F,Free (free for publication),1,One,A,Normal value,0,Units,USD,US dollar
DATAFLOW,OECD.SDD.NAD:DSD_NAMAIN1@DF_QNA_EXPENDITURE_CAPITA(1.1),Quarterly GDP per capita,I,Q,Quarterly,Y,Calendar and seasonally adjusted,CAN,Canada,S1,Total economy,S1,Total economy,B1GQ_POP,"Gross domestic product, per capita",_Z,Not applicable,_Z,Not applicable,_Z,Not applicable,USD_PPP_PS,"US dollars per person, PPP converted",V,Current prices,LA,Annual levels,T0102,Table 0102 - GDP identity from the expenditure side,2025-Q1,,67239.9,,,,,,F,Free (free for publication),1,One,A,Normal value,0,Units,USD,US dollar
DATAFLOW,OECD.SDD.NAD:DSD_NAMAIN1@DF_QNA_EXPENDITURE_CAPITA(1.1),Quarterly GDP per capita,I,Q,Quarterly,Y,Calendar and seasonally adjusted,CAN,Canada,S1,Total economy,S1,Total economy,B1GQ_POP,"Gross domestic product, per capita",_Z,Not applicable,_Z,Not applicable,_Z,Not applicable,USD_PPP_PS,"US dollars per person, PPP converted",LR,Chain linked volume (rebased),LA,Annual levels,T0102,Table 0102 - GDP identity from the expenditure side,2025-Q4,,52237.7,,2020,,,,F,Free (free for publication),1,One,A,Normal value,0,Units,USD,US dollar
DATAFLOW,OECD.SDD.NAD:DSD_NAMAIN1@DF_QNA_EXPENDITURE_CAPITA(1.1),Quarterly GDP per capita,I,Q,Quarterly,Y,Calendar and seasonally adjusted,CAN,Canada,S1,Total economy,S1,Total economy,B1GQ_POP,"Gross domestic product, per capita",_Z,Not applicable,_Z,Not applicable,_Z,Not applicable,USD_PPP_PS,"US dollars per person, PPP converted",LR,Chain linked volume (rebased),LA,Annual levels,T0102,Table 0102 - GDP identity from the expenditure side,2024-Q3,,51905.9,,2020,,,,F,Free (free for publication),1,One,A,Normal value,0,Units,USD,US dollar
DATAFLOW,OECD.SDD.NAD:DSD_NAMAIN1@DF_QNA_EXPENDITURE_CAPITA(1.1),Quarterly GDP per capita,I,Q,Quarterly,Y,Calendar and seasonally adjusted,CAN,Canada,S1,Total economy,S1,Total economy,B1GQ_POP,"Gross domestic product, per capita",_Z,Not applicable,_Z,Not applicable,_Z,Not applicable,USD_PPP_PS,"US dollars per person, PPP converted",LR,Chain linked volume (rebased),LA,Annual levels,T0102,Table 0102 - GDP identity from the expenditure side,2024-Q2,,51825.9,,2020,,,,F,Free (free for publication),1,One,A,Normal value,0,Units,USD,US dollar
DATAFLOW,OECD.SDD.NAD:DSD_NAMAIN1@DF_QNA_EXPENDITURE_CAPITA(1.1),Quarterly GDP per capita,I,Q,Quarterly,Y,Calendar and seasonally adjusted,CAN,Canada,S1,Total economy,S1,Total economy,B1GQ_POP,"Gross domestic product, per capita",_Z,Not applicable,_Z,Not applicable,_Z,Not applicable,USD_PPP_PS,"US dollars per person, PPP converted",LR,Chain linked volume (rebased),LA,Annual levels,T0102,Table 0102 - GDP identity from the expenditure side,2024-Q1,,51741.9,,2020,,,,F,Free (free for publication),1,One,A,Normal value,0,Units,USD,US dollar
DATAFLOW,OECD.SDD.NAD:DSD_NAMAIN1@DF_QNA_EXPENDITURE_CAPITA(1.1),Quarterly GDP per capita,I,Q,Quarterly,Y,Calendar and seasonally adjusted,CAN,Canada,S1,Total economy,S1,Total economy,B1GQ_POP,"Gross domestic product, per capita",_Z,Not applicable,_Z,Not applicable,_Z,Not applicable,USD_PPP_PS,"US dollars per person, PPP converted",LR,Chain linked volume (rebased),LA,Annual levels,T0102,Table 0102 - GDP identity from the expenditure side,2023-Q4,,51693.6,,2020,,,,F,Free (free for publication),1,One,A,Normal value,0,Units,USD,US dollar
DATAFLOW,OECD.SDD.NAD:DSD_NAMAIN1@DF_QNA_EXPENDITURE_CAPITA(1.1),Quarterly GDP per capita,I,Q,Quarterly,Y,Calendar and seasonally adjusted,CAN,Canada,S1,Total economy,S1,Total economy,B1GQ_POP,"Gross domestic product, per capita",_Z,Not applicable,_Z,Not applicable,_Z,Not applicable,USD_PPP_PS,"US dollars per person, PPP converted",V,Current prices,LA,Annual levels,T0102,Table 0102 - GDP identity from the expenditure side,2024-Q4,,66384.6,,,,,,F,Free (free for publication),1,One,A,Normal value,0,Units,USD,US dollar
DATAFLOW,OECD.SDD.NAD:DSD_NAMAIN1@DF_QNA_EXPENDITURE_CAPITA(1.1),Quarterly GDP per capita,I,Q,Quarterly,Y,Calendar and seasonally adjusted,FRA,France,S1,Total economy,S1,Total economy,B1GQ_POP,"Gross domestic product, per capita",_Z,Not applicable,_Z,Not applicable,_Z,Not applicable,USD_PPP_PS,"US dollars per person, PPP converted",LR,Chain linked volume (rebased),LA,Annual levels,T0102,Table 0102 - GDP identity from the expenditure side,2025-Q1,,55208.3,,2020,,,,F,Free (free for publication),1,One,A,Normal value,0,Units,USD,US dollar
DATAFLOW,OECD.SDD.NAD:DSD_NAMAIN1@DF_QNA_EXPENDITURE_CAPITA(1.1),Quarterly GDP per capita,I,Q,Quarterly,Y,Calendar and seasonally adjusted,FRA,France,S1,Total economy,S1,Total economy,B1GQ_POP,"Gross domestic product, per capita",_Z,Not applicable,_Z,Not applicable,_Z,Not applicable,USD_PPP_PS,"US dollars per person, PPP converted",LR,Chain linked volume (rebased),LA,Annual levels,T0102,Table 0102 - GDP identity from the expenditure side,2024-Q4,,55182.3,,2020,,,,F,Free (free for publication),1,One,A,Normal value,0,Units,USD,US dollar
DATAFLOW,OECD.SDD.NAD:DSD_NAMAIN1@DF_QNA_EXPENDITURE_CAPITA(1.1),Quarterly GDP per capita,I,Q,Quarterly,Y,Calendar and seasonally adjusted,FRA,France,S1,Total economy,S1,Total economy,B1GQ_POP,"Gross domestic product, per capita",_Z,Not applicable,_Z,Not applicable,_Z,Not applicable,USD_PPP_PS,"US dollars per person, PPP converted",LR,Chain linked volume (rebased),LA,Annual levels,T0102,Table 0102 - GDP identity from the expenditure side,2024-Q3,,55252.7,,2020,,,,F,Free (free for publication),1,One,A,Normal value,0,Units,USD,US dollar
DATAFLOW,OECD.SDD.NAD:DSD_NAMAIN1@DF_QNA_EXPENDITURE_CAPITA(1.1),Quarterly GDP per capita,I,Q,Quarterly,Y,Calendar and seasonally adjusted,FRA,France,S1,Total economy,S1,Total economy,B1GQ_POP,"Gross domestic product, per capita",_Z,Not applicable,_Z,Not applicable,_Z,Not applicable,USD_PPP_PS,"US dollars per person, PPP converted",LR,Chain linked volume (rebased),LA,Annual levels,T0102,Table 0102 - GDP identity from the expenditure side,2025-Q2,,55331.2,,2020,,,,F,Free (free for publication),1,One,A,Normal value,0,Units,USD,US dollar
DATAFLOW,OECD.SDD.NAD:DSD_NAMAIN1@DF_QNA_EXPENDITURE_CAPITA(1.1),Quarterly GDP per capita,I,Q,Quarterly,Y,Calendar and seasonally adjusted,FIN,Finland,S1,Total economy,S1,Total economy,B1GQ_POP,"Gross domestic product, per capita",_Z,Not applicable,_Z,Not applicable,_Z,Not applicable,USD_PPP_PS,"US dollars per person, PPP converted",V,Current prices,LA,Annual levels,T0102,Table 0102 - GDP identity from the expenditure side,2023-Q2,,63935.4,,,,,,F,Free (free for publication),1,One,A,Normal value,0,Units,USD,US dollar
DATAFLOW,OECD.SDD.NAD:DSD_NAMAIN1@DF_QNA_EXPENDITURE_CAPITA(1.1),Quarterly GDP per capita,I,Q,Quarterly,Y,Calendar and seasonally adjusted,FIN,Finland,S1,Total economy,S1,Total economy,B1GQ_POP,"Gross domestic product, per capita",_Z,Not applicable,_Z,Not applicable,_Z,Not applicable,USD_PPP_PS,"US dollars per person, PPP converted",V,Current prices,LA,Annual levels,T0102,Table 0102 - GDP identity from the expenditure side,2024-Q3,,65514.7,,,,,,F,Free (free for publication),1,One,A,Normal value,0,Units,USD,US dollar
DATAFLOW,OECD.SDD.NAD:DSD_NAMAIN1@DF_QNA_EXPENDITURE_CAPITA(1.1),Quarterly GDP per capita,I,Q,Quarterly,Y,Calendar and seasonally adjusted,FIN,Finland,S1,Total economy,S1,Total economy,B1GQ_POP,"Gross domestic product, per capita",_Z,Not applicable,_Z,Not applicable,_Z,Not applicable,USD_PPP_PS,"US dollars per person, PPP converted",V,Current prices,LA,Annual levels,T0102,Table 0102 - GDP identity from the expenditure side,2024-Q2,,64994.6,,,,,,F,Free (free for publication),1,One,A,Normal value,0,Units,USD,US dollar
DATAFLOW,OECD.SDD.NAD:DSD_NAMAIN1@DF_QNA_EXPENDITURE_CAPITA(1.1),Quarterly GDP per capita,I,Q,Quarterly,Y,Calendar and seasonally adjusted,FIN,Finland,S1,Total economy,S1,Total economy,B1GQ_POP,"Gross domestic product, per capita",_Z,Not applicable,_Z,Not applicable,_Z,Not applicable,USD_PPP_PS,"US dollars per person, PPP converted",V,Current prices,LA,Annual levels,T0102,Table 0102 - GDP identity from the expenditure side,2025-Q3,,66606.9,,,,,,F,Free (free for publication),1,One,A,Normal value,0,Units,USD,US dollar
DATAFLOW,OECD.SDD.NAD:DSD_NAMAIN1@DF_QNA_EXPENDITURE_CAPITA(1.1),Quarterly GDP per capita,I,Q,Quarterly,Y,Calendar and seasonally adjusted,FIN,Finland,S1,Total economy,S1,Total economy,B1GQ_POP,"Gross domestic product, per capita",_Z,Not applicable,_Z,Not applicable,_Z,Not applicable,USD_PPP_PS,"US dollars per person, PPP converted",V,Current prices,LA,Annual levels,T0102,Table 0102 - GDP identity from the expenditure side,2025-Q2,,66202.7,,,,,,F,Free (free for publication),1,One,A,Normal value,0,Units,USD,US dollar
DATAFLOW,OECD.SDD.NAD:DSD_NAMAIN1@DF_QNA_EXPENDITURE_CAPITA(1.1),Quarterly GDP per capita,I,Q,Quarterly,Y,Calendar and seasonally adjusted,FIN,Finland,S1,Total economy,S1,Total economy,B1GQ_POP,"Gross domestic product, per capita",_Z,Not applicable,_Z,Not applicable,_Z,Not applicable,USD_PPP_PS,"US dollars per person, PPP converted",LR,Chain linked volume (rebased),LA,Annual levels,T0102,Table 0102 - GDP identity from the expenditure side,2025-Q1,,53745.3,,2020,,,,F,Free (free for publication),1,One,A,Normal value,0,Units,USD,US dollar
DATAFLOW,OECD.SDD.NAD:DSD_NAMAIN1@DF_QNA_EXPENDITURE_CAPITA(1.1),Quarterly GDP per capita,I,Q,Quarterly,Y,Calendar and seasonally adjusted,FIN,Finland,S1,Total economy,S1,Total economy,B1GQ_POP,"Gross domestic product, per capita",_Z,Not applicable,_Z,Not applicable,_Z,Not applicable,USD_PPP_PS,"US dollars per person, PPP converted",LR,Chain linked volume (rebased),LA,Annual levels,T0102,Table 0102 - GDP identity from the expenditure side,2024-Q4,,53701.1,,2020,,,,F,Free (free for publication),1,One,A,Normal value,0,Units,USD,US dollar
DATAFLOW,OECD.SDD.NAD:DSD_NAMAIN1@DF_QNA_EXPENDITURE_CAPITA(1.1),Quarterly GDP per capita,I,Q,Quarterly,Y,Calendar and seasonally adjusted,FIN,Finland,S1,Total economy,S1,Total economy,B1GQ_POP,"Gross domestic product, per capita",_Z,Not applicable,_Z,Not applicable,_Z,Not applicable,USD_PPP_PS,"US dollars per person, PPP converted",V,Current prices,LA,Annual levels,T0102,Table 0102 - GDP identity from the expenditure side,2025-Q4,,67359.7,,,,,,F,Free (free for publication),1,One,A,Normal value,0,Units,USD,US dollar
DATAFLOW,OECD.SDD.NAD:DSD_NAMAIN1@DF_QNA_EXPENDITURE_CAPITA(1.1),Quarterly GDP per capita,I,Q,Quarterly,Y,Calendar and seasonally adjusted,FIN,Finland,S1,Total economy,S1,Total economy,B1GQ_POP,"Gross domestic product, per capita",_Z,Not applicable,_Z,Not applicable,_Z,Not applicable,USD_PPP_PS,"US dollars per person, PPP converted",V,Current prices,LA,Annual levels,T0102,Table 0102 - GDP identity from the expenditure side,2025-Q1,,66079,,,,,,F,Free (free for publication),1,One,A,Normal value,0,Units,USD,US dollar
DATAFLOW,OECD.SDD.NAD:DSD_NAMAIN1@DF_QNA_EXPENDITURE_CAPITA(1.1),Quarterly GDP per capita,I,Q,Quarterly,Y,Calendar and seasonally adjusted,FIN,Finland,S1,Total economy,S1,Total economy,B1GQ_POP,"Gross domestic product, per capita",_Z,Not applicable,_Z,Not applicable,_Z,Not applicable,USD_PPP_PS,"US dollars per person, PPP converted",V,Current prices,LA,Annual levels,T0102,Table 0102 - GDP identity from the expenditure side,2024-Q4,,65579.4,,,,,,F,Free (free for publication),1,One,A,Normal value,0,Units,USD,US dollar
DATAFLOW,OECD.SDD.NAD:DSD_NAMAIN1@DF_QNA_EXPENDITURE_CAPITA(1.1),Quarterly GDP per capita,I,Q,Quarterly,Y,Calendar and seasonally adjusted,FIN,Finland,S1,Total economy,S1,Total economy,B1GQ_POP,"Gross domestic product, per capita",_Z,Not applicable,_Z,Not applicable,_Z,Not applicable,USD_PPP_PS,"US dollars per person, PPP converted",LR,Chain linked volume (rebased),LA,Annual levels,T0102,Table 0102 - GDP identity from the expenditure side,2024-Q1,,53634.5,,2020,,,,F,Free (free for publication),1,One,A,Normal value,0,Units,USD,US dollar
DATAFLOW,OECD.SDD.NAD:DSD_NAMAIN1@DF_QNA_EXPENDITURE_CAPITA(1.1),Quarterly GDP per capita,I,Q,Quarterly,Y,Calendar and seasonally adjusted,FIN,Finland,S1,Total economy,S1,Total economy,B1GQ_POP,"Gross domestic product, per capita",_Z,Not applicable,_Z,Not applicable,_Z,Not applicable,USD_PPP_PS,"US dollars per person, PPP converted",LR,Chain linked volume (rebased),LA,Annual levels,T0102,Table 0102 - GDP identity from the expenditure side,2023-Q4,,53296.1,,2020,,,,F,Free (free for publication),1,One,A,Normal value,0,Units,USD,US dollar
DATAFLOW,OECD.SDD.NAD:DSD_NAMAIN1@DF_QNA_EXPENDITURE_CAPITA(1.1),Quarterly GDP per capita,I,Q,Quarterly,Y,Calendar and seasonally adjusted,FIN,Finland,S1,Total economy,S1,Total economy,B1GQ_POP,"Gross domestic product, per capita",_Z,Not applicable,_Z,Not applicable,_Z,Not applicable,USD_PPP_PS,"US dollars per person, PPP converted",LR,Chain linked volume (rebased),LA,Annual levels,T0102,Table 0102 - GDP identity from the expenditure side,2025-Q4,,53627.5,,2020,,,,F,Free (free for publication),1,One,A,Normal value,0,Units,USD,US dollar
DATAFLOW,OECD.SDD.NAD:DSD_NAMAIN1@DF_QNA_EXPENDITURE_CAPITA(1.1),Quarterly GDP per capita,I,Q,Quarterly,Y,Calendar and seasonally adjusted,FIN,Finland,S1,Total economy,S1,Total economy,B1GQ_POP,"Gross domestic product, per capita",_Z,Not applicable,_Z,Not applicable,_Z,Not applicable,USD_PPP_PS,"US dollars per person, PPP converted",V,Current prices,LA,Annual levels,T0102,Table 0102 - GDP identity from the expenditure side,2023-Q1,,63549.7,,,,,,F,Free (free for publication),1,One,A,Normal value,0,Units,USD,US dollar
DATAFLOW,OECD.SDD.NAD:DSD_NAMAIN1@DF_QNA_EXPENDITURE_CAPITA(1.1),Quarterly GDP per capita,I,Q,Quarterly,Y,Calendar and seasonally adjusted,FIN,Finland,S1,Total economy,S1,Total economy,B1GQ_POP,"Gross domestic product, per capita",_Z,Not applicable,_Z,Not applicable,_Z,Not applicable,USD_PPP_PS,"US dollars per person, PPP converted",LR,Chain linked volume (rebased),LA,Annual levels,T0102,Table 0102 - GDP identity from the expenditure side,2025-Q3,,53514.9,,2020,,,,F,Free (free for publication),1,One,A,Normal value,0,Units,USD,US dollar
DATAFLOW,OECD.SDD.NAD:DSD_NAMAIN1@DF_QNA_EXPENDITURE_CAPITA(1.1),Quarterly GDP per capita,I,Q,Quarterly,Y,Calendar and seasonally adjusted,FIN,Finland,S1,Total economy,S1,Total economy,B1GQ_POP,"Gross domestic product, per capita",_Z,Not applicable,_Z,Not applicable,_Z,Not applicable,USD_PPP_PS,"US dollars per person, PPP converted",LR,Chain linked volume (rebased),LA,Annual levels,T0102,Table 0102 - GDP identity from the expenditure side,2025-Q2,,53595.5,,2020,,,,F,Free (free for publication),1,One,A,Normal value,0,Units,USD,US dollar
DATAFLOW,OECD.SDD.NAD:DSD_NAMAIN1@DF_QNA_EXPENDITURE_CAPITA(1.1),Quarterly GDP per capita,I,Q,Quarterly,Y,Calendar and seasonally adjusted,FIN,Finland,S1,Total economy,S1,Total economy,B1GQ_POP,"Gross domestic product, per capita",_Z,Not applicable,_Z,Not applicable,_Z,Not applicable,USD_PPP_PS,"US dollars per person, PPP converted",LR,Chain linked volume (rebased),LA,Annual levels,T0102,Table 0102 - GDP identity from the expenditure side,2024-Q3,,53916.7,,2020,,,,F,Free (free for publication),1,One,A,Normal value,0,Units,USD,US dollar
DATAFLOW,OECD.SDD.NAD:DSD_NAMAIN1@DF_QNA_EXPENDITURE_CAPITA(1.1),Quarterly GDP per capita,I,Q,Quarterly,Y,Calendar and seasonally adjusted,FIN,Finland,S1,Total economy,S1,Total economy,B1GQ_POP,"Gross domestic product, per capita",_Z,Not applicable,_Z,Not applicable,_Z,Not applicable,USD_PPP_PS,"US dollars per person, PPP converted",LR,Chain linked volume (rebased),LA,Annual levels,T0102,Table 0102 - GDP identity from the expenditure side,2024-Q2,,53732.3,,2020,,,,F,Free (free for publication),1,One,A,Normal value,0,Units,USD,US dollar
DATAFLOW,OECD.SDD.NAD:DSD_NAMAIN1@DF_QNA_EXPENDITURE_CAPITA(1.1),Quarterly GDP per capita,I,Q,Quarterly,Y,Calendar and seasonally adjusted,FIN,Finland,S1,Total economy,S1,Total economy,B1GQ_POP,"Gross domestic product, per capita",_Z,Not applicable,_Z,Not applicable,_Z,Not applicable,USD_PPP_PS,"US dollars per person, PPP converted",V,Current prices,LA,Annual levels,T0102,Table 0102 - GDP identity from the expenditure side,2024-Q1,,64414.5,,,,,,F,Free (free for publication),1,One,A,Normal value,0,Units,USD,US dollar
DATAFLOW,OECD.SDD.NAD:DSD_NAMAIN1@DF_QNA_EXPENDITURE_CAPITA(1.1),Quarterly GDP per capita,I,Q,Quarterly,Y,Calendar and seasonally adjusted,FIN,Finland,S1,Total economy,S1,Total economy,B1GQ_POP,"Gross domestic product, per capita",_Z,Not applicable,_Z,Not applicable,_Z,Not applicable,USD_PPP_PS,"US dollars per person, PPP converted",LR,Chain linked volume (rebased),LA,Annual levels,T0102,Table 0102 - GDP identity from the expenditure side,2023-Q3,,53583.4,,2020,,,,F,Free (free for publication),1,One,A,Normal value,0,Units,USD,US dollar
DATAFLOW,OECD.SDD.NAD:DSD_NAMAIN1@DF_QNA_EXPENDITURE_CAPITA(1.1),Quarterly GDP per capita,I,Q,Quarterly,Y,Calendar and seasonally adjusted,FIN,Finland,S1,Total economy,S1,Total economy,B1GQ_POP,"Gross domestic product, per capita",_Z,Not applicable,_Z,Not applicable,_Z,Not applicable,USD_PPP_PS,"US dollars per person, PPP converted",LR,Chain linked volume (rebased),LA,Annual levels,T0102,Table 0102 - GDP identity from the expenditure side,2023-Q2,,54559.1,,2020,,,,F,Free (free for publication),1,One,A,Normal value,0,Units,USD,US dollar
DATAFLOW,OECD.SDD.NAD:DSD_NAMAIN1@DF_QNA_EXPENDITURE_CAPITA(1.1),Quarterly GDP per capita,I,Q,Quarterly,Y,Calendar and seasonally adjusted,FIN,Finland,S1,Total economy,S1,Total economy,B1GQ_POP,"Gross domestic product, per capita",_Z,Not applicable,_Z,Not applicable,_Z,Not applicable,USD_PPP_PS,"US dollars per person, PPP converted",LR,Chain linked volume (rebased),LA,Annual levels,T0102,Table 0102 - GDP identity from the expenditure side,2023-Q1,,54420.2,,2020,,,,F,Free (free for publication),1,One,A,Normal value,0,Units,USD,US dollar
DATAFLOW,OECD.SDD.NAD:DSD_NAMAIN1@DF_QNA_EXPENDITURE_CAPITA(1.1),Quarterly GDP per capita,I,Q,Quarterly,Y,Calendar and seasonally adjusted,FIN,Finland,S1,Total economy,S1,Total economy,B1GQ_POP,"Gross domestic product, per capita",_Z,Not applicable,_Z,Not applicable,_Z,Not applicable,USD_PPP_PS,"US dollars per person, PPP converted",V,Current prices,LA,Annual levels,T0102,Table 0102 - GDP identity from the expenditure side,2023-Q4,,63356,,,,,,F,Free (free for publication),1,One,A,Normal value,0,Units,USD,US dollar
DATAFLOW,OECD.SDD.NAD:DSD_NAMAIN1@DF_QNA_EXPENDITURE_CAPITA(1.1),Quarterly GDP per capita,I,Q,Quarterly,Y,Calendar and seasonally adjusted,EST,Estonia,S1,Total economy,S1,Total economy,B1GQ_POP,"Gross domestic product, per capita",_Z,Not applicable,_Z,Not applicable,_Z,Not applicable,USD_PPP_PS,"US dollars per person, PPP converted",V,Current prices,LA,Annual levels,T0102,Table 0102 - GDP identity from the expenditure side,2025-Q2,,51942.1,,,,,,F,Free (free for publication),1,One,A,Normal value,0,Units,USD,US dollar
DATAFLOW,OECD.SDD.NAD:DSD_NAMAIN1@DF_QNA_EXPENDITURE_CAPITA(1.1),Quarterly GDP per capita,I,Q,Quarterly,Y,Calendar and seasonally adjusted,EST,Estonia,S1,Total economy,S1,Total economy,B1GQ_POP,"Gross domestic product, per capita",_Z,Not applicable,_Z,Not applicable,_Z,Not applicable,USD_PPP_PS,"US dollars per person, PPP converted",V,Current prices,LA,Annual levels,T0102,Table 0102 - GDP identity from the expenditure side,2025-Q1,,51287.4,,,,,,F,Free (free for publication),1,One,A,Normal value,0,Units,USD,US dollar
DATAFLOW,OECD.SDD.NAD:DSD_NAMAIN1@DF_QNA_EXPENDITURE_CAPITA(1.1),Quarterly GDP per capita,I,Q,Quarterly,Y,Calendar and seasonally adjusted,EST,Estonia,S1,Total economy,S1,Total economy,B1GQ_POP,"Gross domestic product, per capita",_Z,Not applicable,_Z,Not applicable,_Z,Not applicable,USD_PPP_PS,"US dollars per person, PPP converted",V,Current prices,LA,Annual levels,T0102,Table 0102 - GDP identity from the expenditure side,2024-Q4,,50742.9,,,,,,F,Free (free for publication),1,One,A,Normal value,0,Units,USD,US dollar
DATAFLOW,OECD.SDD.NAD:DSD_NAMAIN1@DF_QNA_EXPENDITURE_CAPITA(1.1),Quarterly GDP per capita,I,Q,Quarterly,Y,Calendar and seasonally adjusted,EST,Estonia,S1,Total economy,S1,Total economy,B1GQ_POP,"Gross domestic product, per capita",_Z,Not applicable,_Z,Not applicable,_Z,Not applicable,USD_PPP_PS,"US dollars per person, PPP converted",V,Current prices,LA,Annual levels,T0102,Table 0102 - GDP identity from the expenditure side,2024-Q3,,50359.6,,,,,,F,Free (free for publication),1,One,A,Normal value,0,Units,USD,US dollar
DATAFLOW,OECD.SDD.NAD:DSD_NAMAIN1@DF_QNA_EXPENDITURE_CAPITA(1.1),Quarterly GDP per capita,I,Q,Quarterly,Y,Calendar and seasonally adjusted,EST,Estonia,S1,Total economy,S1,Total economy,B1GQ_POP,"Gross domestic product, per capita",_Z,Not applicable,_Z,Not applicable,_Z,Not applicable,USD_PPP_PS,"US dollars per person, PPP converted",V,Current prices,LA,Annual levels,T0102,Table 0102 - GDP identity from the expenditure side,2024-Q2,,50142.3,,,,,,F,Free (free for publication),1,One,A,Normal value,0,Units,USD,US dollar
DATAFLOW,OECD.SDD.NAD:DSD_NAMAIN1@DF_QNA_EXPENDITURE_CAPITA(1.1),Quarterly GDP per capita,I,Q,Quarterly,Y,Calendar and seasonally adjusted,EST,Estonia,S1,Total economy,S1,Total economy,B1GQ_POP,"Gross domestic product, per capita",_Z,Not applicable,_Z,Not applicable,_Z,Not applicable,USD_PPP_PS,"US dollars per person, PPP converted",V,Current prices,LA,Annual levels,T0102,Table 0102 - GDP identity from the expenditure side,2024-Q1,,49939.5,,,,,,F,Free (free for publication),1,One,A,Normal value,0,Units,USD,US dollar
DATAFLOW,OECD.SDD.NAD:DSD_NAMAIN1@DF_QNA_EXPENDITURE_CAPITA(1.1),Quarterly GDP per capita,I,Q,Quarterly,Y,Calendar and seasonally adjusted,EST,Estonia,S1,Total economy,S1,Total economy,B1GQ_POP,"Gross domestic product, per capita",_Z,Not applicable,_Z,Not applicable,_Z,Not applicable,USD_PPP_PS,"US dollars per person, PPP converted",V,Current prices,LA,Annual levels,T0102,Table 0102 - GDP identity from the expenditure side,2023-Q4,,49683.2,,,,,,F,Free (free for publication),1,One,A,Normal value,0,Units,USD,US dollar
DATAFLOW,OECD.SDD.NAD:DSD_NAMAIN1@DF_QNA_EXPENDITURE_CAPITA(1.1),Quarterly GDP per capita,I,Q,Quarterly,Y,Calendar and seasonally adjusted,EST,Estonia,S1,Total economy,S1,Total economy,B1GQ_POP,"Gross domestic product, per capita",_Z,Not applicable,_Z,Not applicable,_Z,Not applicable,USD_PPP_PS,"US dollars per person, PPP converted",V,Current prices,LA,Annual levels,T0102,Table 0102 - GDP identity from the expenditure side,2023-Q3,,49098.1,,,,,,F,Free (free for publication),1,One,A,Normal value,0,Units,USD,US dollar
DATAFLOW,OECD.SDD.NAD:DSD_NAMAIN1@DF_QNA_EXPENDITURE_CAPITA(1.1),Quarterly GDP per capita,I,Q,Quarterly,Y,Calendar and seasonally adjusted,EST,Estonia,S1,Total economy,S1,Total economy,B1GQ_POP,"Gross domestic product, per capita",_Z,Not applicable,_Z,Not applicable,_Z,Not applicable,USD_PPP_PS,"US dollars per person, PPP converted",V,Current prices,LA,Annual levels,T0102,Table 0102 - GDP identity from the expenditure side,2023-Q2,,48793.4,,,,,,F,Free (free for publication),1,One,A,Normal value,0,Units,USD,US dollar
DATAFLOW,OECD.SDD.NAD:DSD_NAMAIN1@DF_QNA_EXPENDITURE_CAPITA(1.1),Quarterly GDP per capita,I,Q,Quarterly,Y,Calendar and seasonally adjusted,EST,Estonia,S1,Total economy,S1,Total economy,B1GQ_POP,"Gross domestic product, per capita",_Z,Not applicable,_Z,Not applicable,_Z,Not applicable,USD_PPP_PS,"US dollars per person, PPP converted",V,Current prices,LA,Annual levels,T0102,Table 0102 - GDP identity from the expenditure side,2023-Q1,,48471.2,,,,,,F,Free (free for publication),1,One,A,Normal value,0,Units,USD,US dollar
DATAFLOW,OECD.SDD.NAD:DSD_NAMAIN1@DF_QNA_EXPENDITURE_CAPITA(1.1),Quarterly GDP per capita,I,Q,Quarterly,Y,Calendar and seasonally adjusted,EST,Estonia,S1,Total economy,S1,Total economy,B1GQ_POP,"Gross domestic product, per capita",_Z,Not applicable,_Z,Not applicable,_Z,Not applicable,USD_PPP_PS,"US dollars per person, PPP converted",LR,Chain linked volume (rebased),LA,Annual levels,T0102,Table 0102 - GDP identity from the expenditure side,2025-Q1,,40963.7,,2020,,,,F,Free (free for publication),1,One,A,Normal value,0,Units,USD,US dollar
DATAFLOW,OECD.SDD.NAD:DSD_NAMAIN1@DF_QNA_EXPENDITURE_CAPITA(1.1),Quarterly GDP per capita,I,Q,Quarterly,Y,Calendar and seasonally adjusted,EST,Estonia,S1,Total economy,S1,Total economy,B1GQ_POP,"Gross domestic product, per capita",_Z,Not applicable,_Z,Not applicable,_Z,Not applicable,USD_PPP_PS,"US dollars per person, PPP converted",LR,Chain linked volume (rebased),LA,Annual levels,T0102,Table 0102 - GDP identity from the expenditure side,2024-Q4,,40814.5,,2020,,,,F,Free (free for publication),1,One,A,Normal value,0,Units,USD,US dollar
DATAFLOW,OECD.SDD.NAD:DSD_NAMAIN1@DF_QNA_EXPENDITURE_CAPITA(1.1),Quarterly GDP per capita,I,Q,Quarterly,Y,Calendar and seasonally adjusted,EST,Estonia,S1,Total economy,S1,Total economy,B1GQ_POP,"Gross domestic product, per capita",_Z,Not applicable,_Z,Not applicable,_Z,Not applicable,USD_PPP_PS,"US dollars per person, PPP converted",LR,Chain linked volume (rebased),LA,Annual levels,T0102,Table 0102 - GDP identity from the expenditure side,2024-Q3,,40810.5,,2020,,,,F,Free (free for publication),1,One,A,Normal value,0,Units,USD,US dollar
DATAFLOW,OECD.SDD.NAD:DSD_NAMAIN1@DF_QNA_EXPENDITURE_CAPITA(1.1),Quarterly GDP per capita,I,Q,Quarterly,Y,Calendar and seasonally adjusted,EST,Estonia,S1,Total economy,S1,Total economy,B1GQ_POP,"Gross domestic product, per capita",_Z,Not applicable,_Z,Not applicable,_Z,Not applicable,USD_PPP_PS,"US dollars per person, PPP converted",LR,Chain linked volume (rebased),LA,Annual levels,T0102,Table 0102 - GDP identity from the expenditure side,2024-Q2,,40838,,2020,,,,F,Free (free for publication),1,One,A,Normal value,0,Units,USD,US dollar
DATAFLOW,OECD.SDD.NAD:DSD_NAMAIN1@DF_QNA_EXPENDITURE_CAPITA(1.1),Quarterly GDP per capita,I,Q,Quarterly,Y,Calendar and seasonally adjusted,EST,Estonia,S1,Total economy,S1,Total economy,B1GQ_POP,"Gross domestic product, per capita",_Z,Not applicable,_Z,Not applicable,_Z,Not applicable,USD_PPP_PS,"US dollars per person, PPP converted",LR,Chain linked volume (rebased),LA,Annual levels,T0102,Table 0102 - GDP identity from the expenditure side,2024-Q1,,41073.2,,2020,,,,F,Free (free for publication),1,One,A,Normal value,0,Units,USD,US dollar
DATAFLOW,OECD.SDD.NAD:DSD_NAMAIN1@DF_QNA_EXPENDITURE_CAPITA(1.1),Quarterly GDP per capita,I,Q,Quarterly,Y,Calendar and seasonally adjusted,EST,Estonia,S1,Total economy,S1,Total economy,B1GQ_POP,"Gross domestic product, per capita",_Z,Not applicable,_Z,Not applicable,_Z,Not applicable,USD_PPP_PS,"US dollars per person, PPP converted",LR,Chain linked volume (rebased),LA,Annual levels,T0102,Table 0102 - GDP identity from the expenditure side,2023-Q4,,41168,,2020,,,,F,Free (free for publication),1,One,A,Normal value,0,Units,USD,US dollar
DATAFLOW,OECD.SDD.NAD:DSD_NAMAIN1@DF_QNA_EXPENDITURE_CAPITA(1.1),Quarterly GDP per capita,I,Q,Quarterly,Y,Calendar and seasonally adjusted,EST,Estonia,S1,Total economy,S1,Total economy,B1GQ_POP,"Gross domestic product, per capita",_Z,Not applicable,_Z,Not applicable,_Z,Not applicable,USD_PPP_PS,"US dollars per person, PPP converted",LR,Chain linked volume (rebased),LA,Annual levels,T0102,Table 0102 - GDP identity from the expenditure side,2023-Q3,,41037,,2020,,,,F,Free (free for publication),1,One,A,Normal value,0,Units,USD,US dollar
DATAFLOW,OECD.SDD.NAD:DSD_NAMAIN1@DF_QNA_EXPENDITURE_CAPITA(1.1),Quarterly GDP per capita,I,Q,Quarterly,Y,Calendar and seasonally adjusted,EST,Estonia,S1,Total economy,S1,Total economy,B1GQ_POP,"Gross domestic product, per capita",_Z,Not applicable,_Z,Not applicable,_Z,Not applicable,USD_PPP_PS,"US dollars per person, PPP converted",LR,Chain linked volume (rebased),LA,Annual levels,T0102,Table 0102 - GDP identity from the expenditure side,2023-Q2,,41209.3,,2020,,,,F,Free (free for publication),1,One,A,Normal value,0,Units,USD,US dollar
DATAFLOW,OECD.SDD.NAD:DSD_NAMAIN1@DF_QNA_EXPENDITURE_CAPITA(1.1),Quarterly GDP per capita,I,Q,Quarterly,Y,Calendar and seasonally adjusted,EST,Estonia,S1,Total economy,S1,Total economy,B1GQ_POP,"Gross domestic product, per capita",_Z,Not applicable,_Z,Not applicable,_Z,Not applicable,USD_PPP_PS,"US dollars per person, PPP converted",LR,Chain linked volume (rebased),LA,Annual levels,T0102,Table 0102 - GDP identity from the expenditure side,2023-Q1,,41294,,2020,,,,F,Free (free for publication),1,One,A,Normal value,0,Units,USD,US dollar
DATAFLOW,OECD.SDD.NAD:DSD_NAMAIN1@DF_QNA_EXPENDITURE_CAPITA(1.1),Quarterly GDP per capita,I,Q,Quarterly,Y,Calendar and seasonally adjusted,EST,Estonia,S1,Total economy,S1,Total economy,B1GQ_POP,"Gross domestic product, per capita",_Z,Not applicable,_Z,Not applicable,_Z,Not applicable,USD_PPP_PS,"US dollars per person, PPP converted",LR,Chain linked volume (rebased),LA,Annual levels,T0102,Table 0102 - GDP identity from the expenditure side,2025-Q4,,41451.5,,2020,,,,F,Free (free for publication),1,One,A,Normal value,0,Units,USD,US dollar
DATAFLOW,OECD.SDD.NAD:DSD_NAMAIN1@DF_QNA_EXPENDITURE_CAPITA(1.1),Quarterly GDP per capita,I,Q,Quarterly,Y,Calendar and seasonally adjusted,EST,Estonia,S1,Total economy,S1,Total economy,B1GQ_POP,"Gross domestic product, per capita",_Z,Not applicable,_Z,Not applicable,_Z,Not applicable,USD_PPP_PS,"US dollars per person, PPP converted",LR,Chain linked volume (rebased),LA,Annual levels,T0102,Table 0102 - GDP identity from the expenditure side,2025-Q3,,41344.7,,2020,,,,F,Free (free for publication),1,One,A,Normal value,0,Units,USD,US dollar
DATAFLOW,OECD.SDD.NAD:DSD_NAMAIN1@DF_QNA_EXPENDITURE_CAPITA(1.1),Quarterly GDP per capita,I,Q,Quarterly,Y,Calendar and seasonally adjusted,EST,Estonia,S1,Total economy,S1,Total economy,B1GQ_POP,"Gross domestic product, per capita",_Z,Not applicable,_Z,Not applicable,_Z,Not applicable,USD_PPP_PS,"US dollars per person, PPP converted",LR,Chain linked volume (rebased),LA,Annual levels,T0102,Table 0102 - GDP identity from the expenditure side,2025-Q2,,41249.3,,2020,,,,F,Free (free for publication),1,One,A,Normal value,0,Units,USD,US dollar
DATAFLOW,OECD.SDD.NAD:DSD_NAMAIN1@DF_QNA_EXPENDITURE_CAPITA(1.1),Quarterly GDP per capita,I,Q,Quarterly,Y,Calendar and seasonally adjusted,EST,Estonia,S1,Total economy,S1,Total economy,B1GQ_POP,"Gross domestic product, per capita",_Z,Not applicable,_Z,Not applicable,_Z,Not applicable,USD_PPP_PS,"US dollars per person, PPP converted",V,Current prices,LA,Annual levels,T0102,Table 0102 - GDP identity from the expenditure side,2025-Q4,,52951.4,,,,,,F,Free (free for publication),1,One,A,Normal value,0,Units,USD,US dollar
DATAFLOW,OECD.SDD.NAD:DSD_NAMAIN1@DF_QNA_EXPENDITURE_CAPITA(1.1),Quarterly GDP per capita,I,Q,Quarterly,Y,Calendar and seasonally adjusted,DNK,Denmark,S1,Total economy,S1,Total economy,B1GQ_POP,"Gross domestic product, per capita",_Z,Not applicable,_Z,Not applicable,_Z,Not applicable,USD_PPP_PS,"US dollars per person, PPP converted",V,Current prices,LA,Annual levels,T0102,Table 0102 - GDP identity from the expenditure side,2025-Q3,,84768.5,,,,,,F,Free (free for publication),1,One,A,Normal value,0,Units,USD,US dollar
DATAFLOW,OECD.SDD.NAD:DSD_NAMAIN1@DF_QNA_EXPENDITURE_CAPITA(1.1),Quarterly GDP per capita,I,Q,Quarterly,Y,Calendar and seasonally adjusted,DNK,Denmark,S1,Total economy,S1,Total economy,B1GQ_POP,"Gross domestic product, per capita",_Z,Not applicable,_Z,Not applicable,_Z,Not applicable,USD_PPP_PS,"US dollars per person, PPP converted",V,Current prices,LA,Annual levels,T0102,Table 0102 - GDP identity from the expenditure side,2025-Q2,,82652.7,,,,,,F,Free (free for publication),1,One,A,Normal value,0,Units,USD,US dollar
DATAFLOW,OECD.SDD.NAD:DSD_NAMAIN1@DF_QNA_EXPENDITURE_CAPITA(1.1),Quarterly GDP per capita,I,Q,Quarterly,Y,Calendar and seasonally adjusted,DNK,Denmark,S1,Total economy,S1,Total economy,B1GQ_POP,"Gross domestic product, per capita",_Z,Not applicable,_Z,Not applicable,_Z,Not applicable,USD_PPP_PS,"US dollars per person, PPP converted",V,Current prices,LA,Annual levels,T0102,Table 0102 - GDP identity from the expenditure side,2025-Q1,,82266.7,,,,,,F,Free (free for publication),1,One,A,Normal value,0,Units,USD,US dollar
DATAFLOW,OECD.SDD.NAD:DSD_NAMAIN1@DF_QNA_EXPENDITURE_CAPITA(1.1),Quarterly GDP per capita,I,Q,Quarterly,Y,Calendar and seasonally adjusted,DNK,Denmark,S1,Total economy,S1,Total economy,B1GQ_POP,"Gross domestic product, per capita",_Z,Not applicable,_Z,Not applicable,_Z,Not applicable,USD_PPP_PS,"US dollars per person, PPP converted",V,Current prices,LA,Annual levels,T0102,Table 0102 - GDP identity from the expenditure side,2024-Q4,,83022.3,,,,,,F,Free (free for publication),1,One,A,Normal value,0,Units,USD,US dollar
DATAFLOW,OECD.SDD.NAD:DSD_NAMAIN1@DF_QNA_EXPENDITURE_CAPITA(1.1),Quarterly GDP per capita,I,Q,Quarterly,Y,Calendar and seasonally adjusted,DNK,Denmark,S1,Total economy,S1,Total economy,B1GQ_POP,"Gross domestic product, per capita",_Z,Not applicable,_Z,Not applicable,_Z,Not applicable,USD_PPP_PS,"US dollars per person, PPP converted",V,Current prices,LA,Annual levels,T0102,Table 0102 - GDP identity from the expenditure side,2024-Q3,,81485.7,,,,,,F,Free (free for publication),1,One,A,Normal value,0,Units,USD,US dollar
DATAFLOW,OECD.SDD.NAD:DSD_NAMAIN1@DF_QNA_EXPENDITURE_CAPITA(1.1),Quarterly GDP per capita,I,Q,Quarterly,Y,Calendar and seasonally adjusted,DNK,Denmark,S1,Total economy,S1,Total economy,B1GQ_POP,"Gross domestic product, per capita",_Z,Not applicable,_Z,Not applicable,_Z,Not applicable,USD_PPP_PS,"US dollars per person, PPP converted",V,Current prices,LA,Annual levels,T0102,Table 0102 - GDP identity from the expenditure side,2024-Q2,,80546.1,,,,,,F,Free (free for publication),1,One,A,Normal value,0,Units,USD,US dollar
DATAFLOW,OECD.SDD.NAD:DSD_NAMAIN1@DF_QNA_EXPENDITURE_CAPITA(1.1),Quarterly GDP per capita,I,Q,Quarterly,Y,Calendar and seasonally adjusted,DNK,Denmark,S1,Total economy,S1,Total economy,B1GQ_POP,"Gross domestic product, per capita",_Z,Not applicable,_Z,Not applicable,_Z,Not applicable,USD_PPP_PS,"US dollars per person, PPP converted",V,Current prices,LA,Annual levels,T0102,Table 0102 - GDP identity from the expenditure side,2024-Q1,,78634.8,,,,,,F,Free (free for publication),1,One,A,Normal value,0,Units,USD,US dollar
DATAFLOW,OECD.SDD.NAD:DSD_NAMAIN1@DF_QNA_EXPENDITURE_CAPITA(1.1),Quarterly GDP per capita,I,Q,Quarterly,Y,Calendar and seasonally adjusted,DNK,Denmark,S1,Total economy,S1,Total economy,B1GQ_POP,"Gross domestic product, per capita",_Z,Not applicable,_Z,Not applicable,_Z,Not applicable,USD_PPP_PS,"US dollars per person, PPP converted",V,Current prices,LA,Annual levels,T0102,Table 0102 - GDP identity from the expenditure side,2023-Q4,,77310.4,,,,,,F,Free (free for publication),1,One,A,Normal value,0,Units,USD,US dollar
DATAFLOW,OECD.SDD.NAD:DSD_NAMAIN1@DF_QNA_EXPENDITURE_CAPITA(1.1),Quarterly GDP per capita,I,Q,Quarterly,Y,Calendar and seasonally adjusted,DNK,Denmark,S1,Total economy,S1,Total economy,B1GQ_POP,"Gross domestic product, per capita",_Z,Not applicable,_Z,Not applicable,_Z,Not applicable,USD_PPP_PS,"US dollars per person, PPP converted",V,Current prices,LA,Annual levels,T0102,Table 0102 - GDP identity from the expenditure side,2023-Q3,,76295.4,,,,,,F,Free (free for publication),1,One,A,Normal value,0,Units,USD,US dollar
DATAFLOW,OECD.SDD.NAD:DSD_NAMAIN1@DF_QNA_EXPENDITURE_CAPITA(1.1),Quarterly GDP per capita,I,Q,Quarterly,Y,Calendar and seasonally adjusted,DNK,Denmark,S1,Total economy,S1,Total economy,B1GQ_POP,"Gross domestic product, per capita",_Z,Not applicable,_Z,Not applicable,_Z,Not applicable,USD_PPP_PS,"US dollars per person, PPP converted",V,Current prices,LA,Annual levels,T0102,Table 0102 - GDP identity from the expenditure side,2023-Q2,,76934.3,,,,,,F,Free (free for publication),1,One,A,Normal value,0,Units,USD,US dollar
DATAFLOW,OECD.SDD.NAD:DSD_NAMAIN1@DF_QNA_EXPENDITURE_CAPITA(1.1),Quarterly GDP per capita,I,Q,Quarterly,Y,Calendar and seasonally adjusted,DNK,Denmark,S1,Total economy,S1,Total economy,B1GQ_POP,"Gross domestic product, per capita",_Z,Not applicable,_Z,Not applicable,_Z,Not applicable,USD_PPP_PS,"US dollars per person, PPP converted",LR,Chain linked volume (rebased),LA,Annual levels,T0102,Table 0102 - GDP identity from the expenditure side,2024-Q1,,67010.8,,2020,,,,F,Free (free for publication),1,One,A,Normal value,0,Units,USD,US dollar
DATAFLOW,OECD.SDD.NAD:DSD_NAMAIN1@DF_QNA_EXPENDITURE_CAPITA(1.1),Quarterly GDP per capita,I,Q,Quarterly,Y,Calendar and seasonally adjusted,DNK,Denmark,S1,Total economy,S1,Total economy,B1GQ_POP,"Gross domestic product, per capita",_Z,Not applicable,_Z,Not applicable,_Z,Not applicable,USD_PPP_PS,"US dollars per person, PPP converted",LR,Chain linked volume (rebased),LA,Annual levels,T0102,Table 0102 - GDP identity from the expenditure side,2023-Q4,,66635.5,,2020,,,,F,Free (free for publication),1,One,A,Normal value,0,Units,USD,US dollar
DATAFLOW,OECD.SDD.NAD:DSD_NAMAIN1@DF_QNA_EXPENDITURE_CAPITA(1.1),Quarterly GDP per capita,I,Q,Quarterly,Y,Calendar and seasonally adjusted,DNK,Denmark,S1,Total economy,S1,Total economy,B1GQ_POP,"Gross domestic product, per capita",_Z,Not applicable,_Z,Not applicable,_Z,Not applicable,USD_PPP_PS,"US dollars per person, PPP converted",LR,Chain linked volume (rebased),LA,Annual levels,T0102,Table 0102 - GDP identity from the expenditure side,2025-Q4,,70859.2,,2020,,,,F,Free (free for publication),1,One,A,Normal value,0,Units,USD,US dollar
DATAFLOW,OECD.SDD.NAD:DSD_NAMAIN1@DF_QNA_EXPENDITURE_CAPITA(1.1),Quarterly GDP per capita,I,Q,Quarterly,Y,Calendar and seasonally adjusted,DNK,Denmark,S1,Total economy,S1,Total economy,B1GQ_POP,"Gross domestic product, per capita",_Z,Not applicable,_Z,Not applicable,_Z,Not applicable,USD_PPP_PS,"US dollars per person, PPP converted",LR,Chain linked volume (rebased),LA,Annual levels,T0102,Table 0102 - GDP identity from the expenditure side,2024-Q2,,68103.3,,2020,,,,F,Free (free for publication),1,One,A,Normal value,0,Units,USD,US dollar
DATAFLOW,OECD.SDD.NAD:DSD_NAMAIN1@DF_QNA_EXPENDITURE_CAPITA(1.1),Quarterly GDP per capita,I,Q,Quarterly,Y,Calendar and seasonally adjusted,AUT,Austria,S1,Total economy,S1,Total economy,B1GQ_POP,"Gross domestic product, per capita",_Z,Not applicable,_Z,Not applicable,_Z,Not applicable,USD_PPP_PS,"US dollars per person, PPP converted",LR,Chain linked volume (rebased),LA,Annual levels,T0102,Table 0102 - GDP identity from the expenditure side,2024-Q2,,61909.8,,2020,,,,F,Free (free for publication),1,One,A,Normal value,0,Units,USD,US dollar
DATAFLOW,OECD.SDD.NAD:DSD_NAMAIN1@DF_QNA_EXPENDITURE_CAPITA(1.1),Quarterly GDP per capita,I,Q,Quarterly,Y,Calendar and seasonally adjusted,AUT,Austria,S1,Total economy,S1,Total economy,B1GQ_POP,"Gross domestic product, per capita",_Z,Not applicable,_Z,Not applicable,_Z,Not applicable,USD_PPP_PS,"US dollars per person, PPP converted",LR,Chain linked volume (rebased),LA,Annual levels,T0102,Table 0102 - GDP identity from the expenditure side,2024-Q1,,62064.2,,2020,,,,F,Free (free for publication),1,One,A,Normal value,0,Units,USD,US dollar
DATAFLOW,OECD.SDD.NAD:DSD_NAMAIN1@DF_QNA_EXPENDITURE_CAPITA(1.1),Quarterly GDP per capita,I,Q,Quarterly,Y,Calendar and seasonally adjusted,AUS,Australia,S1,Total economy,S1,Total economy,B1GQ_POP,"Gross domestic product, per capita",_Z,Not applicable,_Z,Not applicable,_Z,Not applicable,USD_PPP_PS,"US dollars per person, PPP converted",V,Current prices,LA,Annual levels,T0102,Table 0102 - GDP identity from the expenditure side,2023-Q2,,73590.2,,,,,,F,Free (free for publication),1,One,A,Normal value,0,Units,USD,US dollar
DATAFLOW,OECD.SDD.NAD:DSD_NAMAIN1@DF_QNA_EXPENDITURE_CAPITA(1.1),Quarterly GDP per capita,I,Q,Quarterly,Y,Calendar and seasonally adjusted,DNK,Denmark,S1,Total economy,S1,Total economy,B1GQ_POP,"Gross domestic product, per capita",_Z,Not applicable,_Z,Not applicable,_Z,Not applicable,USD_PPP_PS,"US dollars per person, PPP converted",LR,Chain linked volume (rebased),LA,Annual levels,T0102,Table 0102 - GDP identity from the expenditure side,2025-Q1,,68401.6,,2020,,,,F,Free (free for publication),1,One,A,Normal value,0,Units,USD,US dollar
DATAFLOW,OECD.SDD.NAD:DSD_NAMAIN1@DF_QNA_EXPENDITURE_CAPITA(1.1),Quarterly GDP per capita,I,Q,Quarterly,Y,Calendar and seasonally adjusted,CZE,Czechia,S1,Total economy,S1,Total economy,B1GQ_POP,"Gross domestic product, per capita",_Z,Not applicable,_Z,Not applicable,_Z,Not applicable,USD_PPP_PS,"US dollars per person, PPP converted",LR,Chain linked volume (rebased),LA,Annual levels,T0102,Table 0102 - GDP identity from the expenditure side,2025-Q2,,48784.5,,2020,,,,F,Free (free for publication),1,One,A,Normal value,0,Units,USD,US dollar
DATAFLOW,OECD.SDD.NAD:DSD_NAMAIN1@DF_QNA_EXPENDITURE_CAPITA(1.1),Quarterly GDP per capita,I,Q,Quarterly,Y,Calendar and seasonally adjusted,ITA,Italy,S1,Total economy,S1,Total economy,B1GQ_POP,"Gross domestic product, per capita",_Z,Not applicable,_Z,Not applicable,_Z,Not applicable,USD_PPP_PS,"US dollars per person, PPP converted",LR,Chain linked volume (rebased),LA,Annual levels,T0102,Table 0102 - GDP identity from the expenditure side,2024-Q3,,51967.1,,2020,,,,F,Free (free for publication),1,One,A,Normal value,0,Units,USD,US dollar
DATAFLOW,OECD.SDD.NAD:DSD_NAMAIN1@DF_QNA_EXPENDITURE_CAPITA(1.1),Quarterly GDP per capita,I,Q,Quarterly,Y,Calendar and seasonally adjusted,ITA,Italy,S1,Total economy,S1,Total economy,B1GQ_POP,"Gross domestic product, per capita",_Z,Not applicable,_Z,Not applicable,_Z,Not applicable,USD_PPP_PS,"US dollars per person, PPP converted",V,Current prices,LA,Annual levels,T0102,Table 0102 - GDP identity from the expenditure side,2024-Q4,,62413.6,,,,,,F,Free (free for publication),1,One,A,Normal value,0,Units,USD,US dollar
DATAFLOW,OECD.SDD.NAD:DSD_NAMAIN1@DF_QNA_EXPENDITURE_CAPITA(1.1),Quarterly GDP per capita,I,Q,Quarterly,Y,Calendar and seasonally adjusted,ITA,Italy,S1,Total economy,S1,Total economy,B1GQ_POP,"Gross domestic product, per capita",_Z,Not applicable,_Z,Not applicable,_Z,Not applicable,USD_PPP_PS,"US dollars per person, PPP converted",V,Current prices,LA,Annual levels,T0102,Table 0102 - GDP identity from the expenditure side,2024-Q3,,62302.9,,,,,,F,Free (free for publication),1,One,A,Normal value,0,Units,USD,US dollar
DATAFLOW,OECD.SDD.NAD:DSD_NAMAIN1@DF_QNA_EXPENDITURE_CAPITA(1.1),Quarterly GDP per capita,I,Q,Quarterly,Y,Calendar and seasonally adjusted,ITA,Italy,S1,Total economy,S1,Total economy,B1GQ_POP,"Gross domestic product, per capita",_Z,Not applicable,_Z,Not applicable,_Z,Not applicable,USD_PPP_PS,"US dollars per person, PPP converted",V,Current prices,LA,Annual levels,T0102,Table 0102 - GDP identity from the expenditure side,2025-Q4,,63937.8,,,,,,F,Free (free for publication),1,One,A,Normal value,0,Units,USD,US dollar
DATAFLOW,OECD.SDD.NAD:DSD_NAMAIN1@DF_QNA_EXPENDITURE_CAPITA(1.1),Quarterly GDP per capita,I,Q,Quarterly,Y,Calendar and seasonally adjusted,ITA,Italy,S1,Total economy,S1,Total economy,B1GQ_POP,"Gross domestic product, per capita",_Z,Not applicable,_Z,Not applicable,_Z,Not applicable,USD_PPP_PS,"US dollars per person, PPP converted",V,Current prices,LA,Annual levels,T0102,Table 0102 - GDP identity from the expenditure side,2025-Q3,,63330.8,,,,,,F,Free (free for publication),1,One,A,Normal value,0,Units,USD,US dollar
DATAFLOW,OECD.SDD.NAD:DSD_NAMAIN1@DF_QNA_EXPENDITURE_CAPITA(1.1),Quarterly GDP per capita,I,Q,Quarterly,Y,Calendar and seasonally adjusted,ITA,Italy,S1,Total economy,S1,Total economy,B1GQ_POP,"Gross domestic product, per capita",_Z,Not applicable,_Z,Not applicable,_Z,Not applicable,USD_PPP_PS,"US dollars per person, PPP converted",V,Current prices,LA,Annual levels,T0102,Table 0102 - GDP identity from the expenditure side,2025-Q2,,62764,,,,,,F,Free (free for publication),1,One,A,Normal value,0,Units,USD,US dollar
DATAFLOW,OECD.SDD.NAD:DSD_NAMAIN1@DF_QNA_EXPENDITURE_CAPITA(1.1),Quarterly GDP per capita,I,Q,Quarterly,Y,Calendar and seasonally adjusted,ITA,Italy,S1,Total economy,S1,Total economy,B1GQ_POP,"Gross domestic product, per capita",_Z,Not applicable,_Z,Not applicable,_Z,Not applicable,USD_PPP_PS,"US dollars per person, PPP converted",V,Current prices,LA,Annual levels,T0102,Table 0102 - GDP identity from the expenditure side,2025-Q1,,62754.6,,,,,,F,Free (free for publication),1,One,A,Normal value,0,Units,USD,US dollar
DATAFLOW,OECD.SDD.NAD:DSD_NAMAIN1@DF_QNA_EXPENDITURE_CAPITA(1.1),Quarterly GDP per capita,I,Q,Quarterly,Y,Calendar and seasonally adjusted,ITA,Italy,S1,Total economy,S1,Total economy,B1GQ_POP,"Gross domestic product, per capita",_Z,Not applicable,_Z,Not applicable,_Z,Not applicable,USD_PPP_PS,"US dollars per person, PPP converted",LR,Chain linked volume (rebased),LA,Annual levels,T0102,Table 0102 - GDP identity from the expenditure side,2023-Q3,,51618.6,,2020,,,,F,Free (free for publication),1,One,A,Normal value,0,Units,USD,US dollar
DATAFLOW,OECD.SDD.NAD:DSD_NAMAIN1@DF_QNA_EXPENDITURE_CAPITA(1.1),Quarterly GDP per capita,I,Q,Quarterly,Y,Calendar and seasonally adjusted,ITA,Italy,S1,Total economy,S1,Total economy,B1GQ_POP,"Gross domestic product, per capita",_Z,Not applicable,_Z,Not applicable,_Z,Not applicable,USD_PPP_PS,"US dollars per person, PPP converted",V,Current prices,LA,Annual levels,T0102,Table 0102 - GDP identity from the expenditure side,2023-Q3,,60650.8,,,,,,F,Free (free for publication),1,One,A,Normal value,0,Units,USD,US dollar
DATAFLOW,OECD.SDD.NAD:DSD_NAMAIN1@DF_QNA_EXPENDITURE_CAPITA(1.1),Quarterly GDP per capita,I,Q,Quarterly,Y,Calendar and seasonally adjusted,ITA,Italy,S1,Total economy,S1,Total economy,B1GQ_POP,"Gross domestic product, per capita",_Z,Not applicable,_Z,Not applicable,_Z,Not applicable,USD_PPP_PS,"US dollars per person, PPP converted",LR,Chain linked volume (rebased),LA,Annual levels,T0102,Table 0102 - GDP identity from the expenditure side,2025-Q4,,52475.8,,2020,,,,F,Free (free for publication),1,One,A,Normal value,0,Units,USD,US dollar
DATAFLOW,OECD.SDD.NAD:DSD_NAMAIN1@DF_QNA_EXPENDITURE_CAPITA(1.1),Quarterly GDP per capita,I,Q,Quarterly,Y,Calendar and seasonally adjusted,ITA,Italy,S1,Total economy,S1,Total economy,B1GQ_POP,"Gross domestic product, per capita",_Z,Not applicable,_Z,Not applicable,_Z,Not applicable,USD_PPP_PS,"US dollars per person, PPP converted",LR,Chain linked volume (rebased),LA,Annual levels,T0102,Table 0102 - GDP identity from the expenditure side,2025-Q3,,52333.8,,2020,,,,F,Free (free for publication),1,One,A,Normal value,0,Units,USD,US dollar
DATAFLOW,OECD.SDD.NAD:DSD_NAMAIN1@DF_QNA_EXPENDITURE_CAPITA(1.1),Quarterly GDP per capita,I,Q,Quarterly,Y,Calendar and seasonally adjusted,ITA,Italy,S1,Total economy,S1,Total economy,B1GQ_POP,"Gross domestic product, per capita",_Z,Not applicable,_Z,Not applicable,_Z,Not applicable,USD_PPP_PS,"US dollars per person, PPP converted",LR,Chain linked volume (rebased),LA,Annual levels,T0102,Table 0102 - GDP identity from the expenditure side,2024-Q2,,51982.5,,2020,,,,F,Free (free for publication),1,One,A,Normal value,0,Units,USD,US dollar
DATAFLOW,OECD.SDD.NAD:DSD_NAMAIN1@DF_QNA_EXPENDITURE_CAPITA(1.1),Quarterly GDP per capita,I,Q,Quarterly,Y,Calendar and seasonally adjusted,ITA,Italy,S1,Total economy,S1,Total economy,B1GQ_POP,"Gross domestic product, per capita",_Z,Not applicable,_Z,Not applicable,_Z,Not applicable,USD_PPP_PS,"US dollars per person, PPP converted",LR,Chain linked volume (rebased),LA,Annual levels,T0102,Table 0102 - GDP identity from the expenditure side,2024-Q1,,51858.5,,2020,,,,F,Free (free for publication),1,One,A,Normal value,0,Units,USD,US dollar
DATAFLOW,OECD.SDD.NAD:DSD_NAMAIN1@DF_QNA_EXPENDITURE_CAPITA(1.1),Quarterly GDP per capita,I,Q,Quarterly,Y,Calendar and seasonally adjusted,ITA,Italy,S1,Total economy,S1,Total economy,B1GQ_POP,"Gross domestic product, per capita",_Z,Not applicable,_Z,Not applicable,_Z,Not applicable,USD_PPP_PS,"US dollars per person, PPP converted",V,Current prices,LA,Annual levels,T0102,Table 0102 - GDP identity from the expenditure side,2023-Q2,,60048.6,,,,,,F,Free (free for publication),1,One,A,Normal value,0,Units,USD,US dollar
DATAFLOW,OECD.SDD.NAD:DSD_NAMAIN1@DF_QNA_EXPENDITURE_CAPITA(1.1),Quarterly GDP per capita,I,Q,Quarterly,Y,Calendar and seasonally adjusted,ITA,Italy,S1,Total economy,S1,Total economy,B1GQ_POP,"Gross domestic product, per capita",_Z,Not applicable,_Z,Not applicable,_Z,Not applicable,USD_PPP_PS,"US dollars per person, PPP converted",V,Current prices,LA,Annual levels,T0102,Table 0102 - GDP identity from the expenditure side,2023-Q1,,59697.4,,,,,,F,Free (free for publication),1,One,A,Normal value,0,Units,USD,US dollar
DATAFLOW,OECD.SDD.NAD:DSD_NAMAIN1@DF_QNA_EXPENDITURE_CAPITA(1.1),Quarterly GDP per capita,I,Q,Quarterly,Y,Calendar and seasonally adjusted,ITA,Italy,S1,Total economy,S1,Total economy,B1GQ_POP,"Gross domestic product, per capita",_Z,Not applicable,_Z,Not applicable,_Z,Not applicable,USD_PPP_PS,"US dollars per person, PPP converted",LR,Chain linked volume (rebased),LA,Annual levels,T0102,Table 0102 - GDP identity from the expenditure side,2025-Q2,,52232,,2020,,,,F,Free (free for publication),1,One,A,Normal value,0,Units,USD,US dollar
DATAFLOW,OECD.SDD.NAD:DSD_NAMAIN1@DF_QNA_EXPENDITURE_CAPITA(1.1),Quarterly GDP per capita,I,Q,Quarterly,Y,Calendar and seasonally adjusted,ITA,Italy,S1,Total economy,S1,Total economy,B1GQ_POP,"Gross domestic product, per capita",_Z,Not applicable,_Z,Not applicable,_Z,Not applicable,USD_PPP_PS,"US dollars per person, PPP converted",LR,Chain linked volume (rebased),LA,Annual levels,T0102,Table 0102 - GDP identity from the expenditure side,2023-Q2,,51584.8,,2020,,,,F,Free (free for publication),1,One,A,Normal value,0,Units,USD,US dollar
DATAFLOW,OECD.SDD.NAD:DSD_NAMAIN1@DF_QNA_EXPENDITURE_CAPITA(1.1),Quarterly GDP per capita,I,Q,Quarterly,Y,Calendar and seasonally adjusted,ITA,Italy,S1,Total economy,S1,Total economy,B1GQ_POP,"Gross domestic product, per capita",_Z,Not applicable,_Z,Not applicable,_Z,Not applicable,USD_PPP_PS,"US dollars per person, PPP converted",LR,Chain linked volume (rebased),LA,Annual levels,T0102,Table 0102 - GDP identity from the expenditure side,2023-Q1,,51544.9,,2020,,,,F,Free (free for publication),1,One,A,Normal value,0,Units,USD,US dollar
DATAFLOW,OECD.SDD.NAD:DSD_NAMAIN1@DF_QNA_EXPENDITURE_CAPITA(1.1),Quarterly GDP per capita,I,Q,Quarterly,Y,Calendar and seasonally adjusted,ITA,Italy,S1,Total economy,S1,Total economy,B1GQ_POP,"Gross domestic product, per capita",_Z,Not applicable,_Z,Not applicable,_Z,Not applicable,USD_PPP_PS,"US dollars per person, PPP converted",LR,Chain linked volume (rebased),LA,Annual levels,T0102,Table 0102 - GDP identity from the expenditure side,2023-Q4,,51780.7,,2020,,,,F,Free (free for publication),1,One,A,Normal value,0,Units,USD,US dollar
DATAFLOW,OECD.SDD.NAD:DSD_NAMAIN1@DF_QNA_EXPENDITURE_CAPITA(1.1),Quarterly GDP per capita,I,Q,Quarterly,Y,Calendar and seasonally adjusted,ITA,Italy,S1,Total economy,S1,Total economy,B1GQ_POP,"Gross domestic product, per capita",_Z,Not applicable,_Z,Not applicable,_Z,Not applicable,USD_PPP_PS,"US dollars per person, PPP converted",LR,Chain linked volume (rebased),LA,Annual levels,T0102,Table 0102 - GDP identity from the expenditure side,2025-Q1,,52207.8,,2020,,,,F,Free (free for publication),1,One,A,Normal value,0,Units,USD,US dollar
DATAFLOW,OECD.SDD.NAD:DSD_NAMAIN1@DF_QNA_EXPENDITURE_CAPITA(1.1),Quarterly GDP per capita,I,Q,Quarterly,Y,Calendar and seasonally adjusted,ISR,Israel,S1,Total economy,S1,Total economy,B1GQ_POP,"Gross domestic product, per capita",_Z,Not applicable,_Z,Not applicable,_Z,Not applicable,USD_PPP_PS,"US dollars per person, PPP converted",V,Current prices,LA,Annual levels,T0102,Table 0102 - GDP identity from the expenditure side,2024-Q4,,58225.8,,,,,,F,Free (free for publication),1,One,A,Normal value,0,Units,USD,US dollar
DATAFLOW,OECD.SDD.NAD:DSD_NAMAIN1@DF_QNA_EXPENDITURE_CAPITA(1.1),Quarterly GDP per capita,I,Q,Quarterly,Y,Calendar and seasonally adjusted,ISR,Israel,S1,Total economy,S1,Total economy,B1GQ_POP,"Gross domestic product, per capita",_Z,Not applicable,_Z,Not applicable,_Z,Not applicable,USD_PPP_PS,"US dollars per person, PPP converted",V,Current prices,LA,Annual levels,T0102,Table 0102 - GDP identity from the expenditure side,2024-Q3,,57661.6,,,,,,F,Free (free for publication),1,One,A,Normal value,0,Units,USD,US dollar
DATAFLOW,OECD.SDD.NAD:DSD_NAMAIN1@DF_QNA_EXPENDITURE_CAPITA(1.1),Quarterly GDP per capita,I,Q,Quarterly,Y,Calendar and seasonally adjusted,ISR,Israel,S1,Total economy,S1,Total economy,B1GQ_POP,"Gross domestic product, per capita",_Z,Not applicable,_Z,Not applicable,_Z,Not applicable,USD_PPP_PS,"US dollars per person, PPP converted",V,Current prices,LA,Annual levels,T0102,Table 0102 - GDP identity from the expenditure side,2024-Q2,,56935.2,,,,,,F,Free (free for publication),1,One,A,Normal value,0,Units,USD,US dollar
DATAFLOW,OECD.SDD.NAD:DSD_NAMAIN1@DF_QNA_EXPENDITURE_CAPITA(1.1),Quarterly GDP per capita,I,Q,Quarterly,Y,Calendar and seasonally adjusted,ISR,Israel,S1,Total economy,S1,Total economy,B1GQ_POP,"Gross domestic product, per capita",_Z,Not applicable,_Z,Not applicable,_Z,Not applicable,USD_PPP_PS,"US dollars per person, PPP converted",V,Current prices,LA,Annual levels,T0102,Table 0102 - GDP identity from the expenditure side,2024-Q1,,56200.2,,,,,,F,Free (free for publication),1,One,A,Normal value,0,Units,USD,US dollar
DATAFLOW,OECD.SDD.NAD:DSD_NAMAIN1@DF_QNA_EXPENDITURE_CAPITA(1.1),Quarterly GDP per capita,I,Q,Quarterly,Y,Calendar and seasonally adjusted,ISR,Israel,S1,Total economy,S1,Total economy,B1GQ_POP,"Gross domestic product, per capita",_Z,Not applicable,_Z,Not applicable,_Z,Not applicable,USD_PPP_PS,"US dollars per person, PPP converted",V,Current prices,LA,Annual levels,T0102,Table 0102 - GDP identity from the expenditure side,2023-Q4,,53747.5,,,,,,F,Free (free for publication),1,One,A,Normal value,0,Units,USD,US dollar
DATAFLOW,OECD.SDD.NAD:DSD_NAMAIN1@DF_QNA_EXPENDITURE_CAPITA(1.1),Quarterly GDP per capita,I,Q,Quarterly,Y,Calendar and seasonally adjusted,ISR,Israel,S1,Total economy,S1,Total economy,B1GQ_POP,"Gross domestic product, per capita",_Z,Not applicable,_Z,Not applicable,_Z,Not applicable,USD_PPP_PS,"US dollars per person, PPP converted",V,Current prices,LA,Annual levels,T0102,Table 0102 - GDP identity from the expenditure side,2023-Q3,,56178.8,,,,,,F,Free (free for publication),1,One,A,Normal value,0,Units,USD,US dollar
DATAFLOW,OECD.SDD.NAD:DSD_NAMAIN1@DF_QNA_EXPENDITURE_CAPITA(1.1),Quarterly GDP per capita,I,Q,Quarterly,Y,Calendar and seasonally adjusted,ISR,Israel,S1,Total economy,S1,Total economy,B1GQ_POP,"Gross domestic product, per capita",_Z,Not applicable,_Z,Not applicable,_Z,Not applicable,USD_PPP_PS,"US dollars per person, PPP converted",V,Current prices,LA,Annual levels,T0102,Table 0102 - GDP identity from the expenditure side,2023-Q2,,55952.7,,,,,,F,Free (free for publication),1,One,A,Normal value,0,Units,USD,US dollar
DATAFLOW,OECD.SDD.NAD:DSD_NAMAIN1@DF_QNA_EXPENDITURE_CAPITA(1.1),Quarterly GDP per capita,I,Q,Quarterly,Y,Calendar and seasonally adjusted,ISR,Israel,S1,Total economy,S1,Total economy,B1GQ_POP,"Gross domestic product, per capita",_Z,Not applicable,_Z,Not applicable,_Z,Not applicable,USD_PPP_PS,"US dollars per person, PPP converted",V,Current prices,LA,Annual levels,T0102,Table 0102 - GDP identity from the expenditure side,2023-Q1,,55695.6,,,,,,F,Free (free for publication),1,One,A,Normal value,0,Units,USD,US dollar
DATAFLOW,OECD.SDD.NAD:DSD_NAMAIN1@DF_QNA_EXPENDITURE_CAPITA(1.1),Quarterly GDP per capita,I,Q,Quarterly,Y,Calendar and seasonally adjusted,ISR,Israel,S1,Total economy,S1,Total economy,B1GQ_POP,"Gross domestic product, per capita",_Z,Not applicable,_Z,Not applicable,_Z,Not applicable,USD_PPP_PS,"US dollars per person, PPP converted",LR,Chain linked volume (rebased),LA,Annual levels,T0102,Table 0102 - GDP identity from the expenditure side,2024-Q3,,45185,,2020,,,,F,Free (free for publication),1,One,A,Normal value,0,Units,USD,US dollar
DATAFLOW,OECD.SDD.NAD:DSD_NAMAIN1@DF_QNA_EXPENDITURE_CAPITA(1.1),Quarterly GDP per capita,I,Q,Quarterly,Y,Calendar and seasonally adjusted,ISR,Israel,S1,Total economy,S1,Total economy,B1GQ_POP,"Gross domestic product, per capita",_Z,Not applicable,_Z,Not applicable,_Z,Not applicable,USD_PPP_PS,"US dollars per person, PPP converted",LR,Chain linked volume (rebased),LA,Annual levels,T0102,Table 0102 - GDP identity from the expenditure side,2024-Q2,,44796.5,,2020,,,,F,Free (free for publication),1,One,A,Normal value,0,Units,USD,US dollar
DATAFLOW,OECD.SDD.NAD:DSD_NAMAIN1@DF_QNA_EXPENDITURE_CAPITA(1.1),Quarterly GDP per capita,I,Q,Quarterly,Y,Calendar and seasonally adjusted,ISR,Israel,S1,Total economy,S1,Total economy,B1GQ_POP,"Gross domestic product, per capita",_Z,Not applicable,_Z,Not applicable,_Z,Not applicable,USD_PPP_PS,"US dollars per person, PPP converted",LR,Chain linked volume (rebased),LA,Annual levels,T0102,Table 0102 - GDP identity from the expenditure side,2024-Q1,,44725.3,,2020,,,,F,Free (free for publication),1,One,A,Normal value,0,Units,USD,US dollar
DATAFLOW,OECD.SDD.NAD:DSD_NAMAIN1@DF_QNA_EXPENDITURE_CAPITA(1.1),Quarterly GDP per capita,I,Q,Quarterly,Y,Calendar and seasonally adjusted,ISR,Israel,S1,Total economy,S1,Total economy,B1GQ_POP,"Gross domestic product, per capita",_Z,Not applicable,_Z,Not applicable,_Z,Not applicable,USD_PPP_PS,"US dollars per person, PPP converted",LR,Chain linked volume (rebased),LA,Annual levels,T0102,Table 0102 - GDP identity from the expenditure side,2023-Q4,,43297.1,,2020,,,,F,Free (free for publication),1,One,A,Normal value,0,Units,USD,US dollar
DATAFLOW,OECD.SDD.NAD:DSD_NAMAIN1@DF_QNA_EXPENDITURE_CAPITA(1.1),Quarterly GDP per capita,I,Q,Quarterly,Y,Calendar and seasonally adjusted,ISR,Israel,S1,Total economy,S1,Total economy,B1GQ_POP,"Gross domestic product, per capita",_Z,Not applicable,_Z,Not applicable,_Z,Not applicable,USD_PPP_PS,"US dollars per person, PPP converted",LR,Chain linked volume (rebased),LA,Annual levels,T0102,Table 0102 - GDP identity from the expenditure side,2023-Q3,,46039.9,,2020,,,,F,Free (free for publication),1,One,A,Normal value,0,Units,USD,US dollar
DATAFLOW,OECD.SDD.NAD:DSD_NAMAIN1@DF_QNA_EXPENDITURE_CAPITA(1.1),Quarterly GDP per capita,I,Q,Quarterly,Y,Calendar and seasonally adjusted,ISR,Israel,S1,Total economy,S1,Total economy,B1GQ_POP,"Gross domestic product, per capita",_Z,Not applicable,_Z,Not applicable,_Z,Not applicable,USD_PPP_PS,"US dollars per person, PPP converted",LR,Chain linked volume (rebased),LA,Annual levels,T0102,Table 0102 - GDP identity from the expenditure side,2023-Q2,,46263,,2020,,,,F,Free (free for publication),1,One,A,Normal value,0,Units,USD,US dollar
DATAFLOW,OECD.SDD.NAD:DSD_NAMAIN1@DF_QNA_EXPENDITURE_CAPITA(1.1),Quarterly GDP per capita,I,Q,Quarterly,Y,Calendar and seasonally adjusted,ISR,Israel,S1,Total economy,S1,Total economy,B1GQ_POP,"Gross domestic product, per capita",_Z,Not applicable,_Z,Not applicable,_Z,Not applicable,USD_PPP_PS,"US dollars per person, PPP converted",LR,Chain linked volume (rebased),LA,Annual levels,T0102,Table 0102 - GDP identity from the expenditure side,2023-Q1,,46137.5,,2020,,,,F,Free (free for publication),1,One,A,Normal value,0,Units,USD,US dollar
DATAFLOW,OECD.SDD.NAD:DSD_NAMAIN1@DF_QNA_EXPENDITURE_CAPITA(1.1),Quarterly GDP per capita,I,Q,Quarterly,Y,Calendar and seasonally adjusted,ISR,Israel,S1,Total economy,S1,Total economy,B1GQ_POP,"Gross domestic product, per capita",_Z,Not applicable,_Z,Not applicable,_Z,Not applicable,USD_PPP_PS,"US dollars per person, PPP converted",LR,Chain linked volume (rebased),LA,Annual levels,T0102,Table 0102 - GDP identity from the expenditure side,2025-Q3,,46127.7,,2020,,,,F,Free (free for publication),1,One,A,Normal value,0,Units,USD,US dollar
DATAFLOW,OECD.SDD.NAD:DSD_NAMAIN1@DF_QNA_EXPENDITURE_CAPITA(1.1),Quarterly GDP per capita,I,Q,Quarterly,Y,Calendar and seasonally adjusted,ISR,Israel,S1,Total economy,S1,Total economy,B1GQ_POP,"Gross domestic product, per capita",_Z,Not applicable,_Z,Not applicable,_Z,Not applicable,USD_PPP_PS,"US dollars per person, PPP converted",V,Current prices,LA,Annual levels,T0102,Table 0102 - GDP identity from the expenditure side,2025-Q3,,60745.2,,,,,,F,Free (free for publication),1,One,A,Normal value,0,Units,USD,US dollar
DATAFLOW,OECD.SDD.NAD:DSD_NAMAIN1@DF_QNA_EXPENDITURE_CAPITA(1.1),Quarterly GDP per capita,I,Q,Quarterly,Y,Calendar and seasonally adjusted,ISR,Israel,S1,Total economy,S1,Total economy,B1GQ_POP,"Gross domestic product, per capita",_Z,Not applicable,_Z,Not applicable,_Z,Not applicable,USD_PPP_PS,"US dollars per person, PPP converted",LR,Chain linked volume (rebased),LA,Annual levels,T0102,Table 0102 - GDP identity from the expenditure side,2025-Q2,,44963,,2020,,,,F,Free (free for publication),1,One,A,Normal value,0,Units,USD,US dollar
DATAFLOW,OECD.SDD.NAD:DSD_NAMAIN1@DF_QNA_EXPENDITURE_CAPITA(1.1),Quarterly GDP per capita,I,Q,Quarterly,Y,Calendar and seasonally adjusted,ISR,Israel,S1,Total economy,S1,Total economy,B1GQ_POP,"Gross domestic product, per capita",_Z,Not applicable,_Z,Not applicable,_Z,Not applicable,USD_PPP_PS,"US dollars per person, PPP converted",LR,Chain linked volume (rebased),LA,Annual levels,T0102,Table 0102 - GDP identity from the expenditure side,2025-Q1,,45578.6,,2020,,,,F,Free (free for publication),1,One,A,Normal value,0,Units,USD,US dollar
DATAFLOW,OECD.SDD.NAD:DSD_NAMAIN1@DF_QNA_EXPENDITURE_CAPITA(1.1),Quarterly GDP per capita,I,Q,Quarterly,Y,Calendar and seasonally adjusted,ISR,Israel,S1,Total economy,S1,Total economy,B1GQ_POP,"Gross domestic product, per capita",_Z,Not applicable,_Z,Not applicable,_Z,Not applicable,USD_PPP_PS,"US dollars per person, PPP converted",LR,Chain linked volume (rebased),LA,Annual levels,T0102,Table 0102 - GDP identity from the expenditure side,2024-Q4,,45206.3,,2020,,,,F,Free (free for publication),1,One,A,Normal value,0,Units,USD,US dollar
DATAFLOW,OECD.SDD.NAD:DSD_NAMAIN1@DF_QNA_EXPENDITURE_CAPITA(1.1),Quarterly GDP per capita,I,Q,Quarterly,Y,Calendar and seasonally adjusted,ISR,Israel,S1,Total economy,S1,Total economy,B1GQ_POP,"Gross domestic product, per capita",_Z,Not applicable,_Z,Not applicable,_Z,Not applicable,USD_PPP_PS,"US dollars per person, PPP converted",V,Current prices,LA,Annual levels,T0102,Table 0102 - GDP identity from the expenditure side,2025-Q2,,58778.3,,,,,,F,Free (free for publication),1,One,A,Normal value,0,Units,USD,US dollar
DATAFLOW,OECD.SDD.NAD:DSD_NAMAIN1@DF_QNA_EXPENDITURE_CAPITA(1.1),Quarterly GDP per capita,I,Q,Quarterly,Y,Calendar and seasonally adjusted,IRL,Ireland,S1,Total economy,S1,Total economy,B1GQ_POP,"Gross domestic product, per capita",_Z,Not applicable,_Z,Not applicable,_Z,Not applicable,USD_PPP_PS,"US dollars per person, PPP converted",V,Current prices,LA,Annual levels,T0102,Table 0102 - GDP identity from the expenditure side,2023-Q2,,135578.7,,,,,,F,Free (free for publication),1,One,A,Normal value,0,Units,USD,US dollar
DATAFLOW,OECD.SDD.NAD:DSD_NAMAIN1@DF_QNA_EXPENDITURE_CAPITA(1.1),Quarterly GDP per capita,I,Q,Quarterly,Y,Calendar and seasonally adjusted,IRL,Ireland,S1,Total economy,S1,Total economy,B1GQ_POP,"Gross domestic product, per capita",_Z,Not applicable,_Z,Not applicable,_Z,Not applicable,USD_PPP_PS,"US dollars per person, PPP converted",V,Current prices,LA,Annual levels,T0102,Table 0102 - GDP identity from the expenditure side,2023-Q1,,138011.6,,,,,,F,Free (free for publication),1,One,A,Normal value,0,Units,USD,US dollar
DATAFLOW,OECD.SDD.NAD:DSD_NAMAIN1@DF_QNA_EXPENDITURE_CAPITA(1.1),Quarterly GDP per capita,I,Q,Quarterly,Y,Calendar and seasonally adjusted,IRL,Ireland,S1,Total economy,S1,Total economy,B1GQ_POP,"Gross domestic product, per capita",_Z,Not applicable,_Z,Not applicable,_Z,Not applicable,USD_PPP_PS,"US dollars per person, PPP converted",V,Current prices,LA,Annual levels,T0102,Table 0102 - GDP identity from the expenditure side,2025-Q4,,147181.7,,,,,,F,Free (free for publication),1,One,A,Normal value,0,Units,USD,US dollar
DATAFLOW,OECD.SDD.NAD:DSD_NAMAIN1@DF_QNA_EXPENDITURE_CAPITA(1.1),Quarterly GDP per capita,I,Q,Quarterly,Y,Calendar and seasonally adjusted,IRL,Ireland,S1,Total economy,S1,Total economy,B1GQ_POP,"Gross domestic product, per capita",_Z,Not applicable,_Z,Not applicable,_Z,Not applicable,USD_PPP_PS,"US dollars per person, PPP converted",V,Current prices,LA,Annual levels,T0102,Table 0102 - GDP identity from the expenditure side,2025-Q3,,154916.6,,,,,,F,Free (free for publication),1,One,A,Normal value,0,Units,USD,US dollar
DATAFLOW,OECD.SDD.NAD:DSD_NAMAIN1@DF_QNA_EXPENDITURE_CAPITA(1.1),Quarterly GDP per capita,I,Q,Quarterly,Y,Calendar and seasonally adjusted,IRL,Ireland,S1,Total economy,S1,Total economy,B1GQ_POP,"Gross domestic product, per capita",_Z,Not applicable,_Z,Not applicable,_Z,Not applicable,USD_PPP_PS,"US dollars per person, PPP converted",V,Current prices,LA,Annual levels,T0102,Table 0102 - GDP identity from the expenditure side,2025-Q2,,157378.5,,,,,,F,Free (free for publication),1,One,A,Normal value,0,Units,USD,US dollar
DATAFLOW,OECD.SDD.NAD:DSD_NAMAIN1@DF_QNA_EXPENDITURE_CAPITA(1.1),Quarterly GDP per capita,I,Q,Quarterly,Y,Calendar and seasonally adjusted,IRL,Ireland,S1,Total economy,S1,Total economy,B1GQ_POP,"Gross domestic product, per capita",_Z,Not applicable,_Z,Not applicable,_Z,Not applicable,USD_PPP_PS,"US dollars per person, PPP converted",V,Current prices,LA,Annual levels,T0102,Table 0102 - GDP identity from the expenditure side,2025-Q1,,166501.5,,,,,,F,Free (free for publication),1,One,A,Normal value,0,Units,USD,US dollar
DATAFLOW,OECD.SDD.NAD:DSD_NAMAIN1@DF_QNA_EXPENDITURE_CAPITA(1.1),Quarterly GDP per capita,I,Q,Quarterly,Y,Calendar and seasonally adjusted,IRL,Ireland,S1,Total economy,S1,Total economy,B1GQ_POP,"Gross domestic product, per capita",_Z,Not applicable,_Z,Not applicable,_Z,Not applicable,USD_PPP_PS,"US dollars per person, PPP converted",V,Current prices,LA,Annual levels,T0102,Table 0102 - GDP identity from the expenditure side,2024-Q4,,146412.2,,,,,,F,Free (free for publication),1,One,A,Normal value,0,Units,USD,US dollar
DATAFLOW,OECD.SDD.NAD:DSD_NAMAIN1@DF_QNA_EXPENDITURE_CAPITA(1.1),Quarterly GDP per capita,I,Q,Quarterly,Y,Calendar and seasonally adjusted,IRL,Ireland,S1,Total economy,S1,Total economy,B1GQ_POP,"Gross domestic product, per capita",_Z,Not applicable,_Z,Not applicable,_Z,Not applicable,USD_PPP_PS,"US dollars per person, PPP converted",V,Current prices,LA,Annual levels,T0102,Table 0102 - GDP identity from the expenditure side,2024-Q3,,142647.3,,,,,,F,Free (free for publication),1,One,A,Normal value,0,Units,USD,US dollar
DATAFLOW,OECD.SDD.NAD:DSD_NAMAIN1@DF_QNA_EXPENDITURE_CAPITA(1.1),Quarterly GDP per capita,I,Q,Quarterly,Y,Calendar and seasonally adjusted,IRL,Ireland,S1,Total economy,S1,Total economy,B1GQ_POP,"Gross domestic product, per capita",_Z,Not applicable,_Z,Not applicable,_Z,Not applicable,USD_PPP_PS,"US dollars per person, PPP converted",V,Current prices,LA,Annual levels,T0102,Table 0102 - GDP identity from the expenditure side,2024-Q2,,135879,,,,,,F,Free (free for publication),1,One,A,Normal value,0,Units,USD,US dollar
DATAFLOW,OECD.SDD.NAD:DSD_NAMAIN1@DF_QNA_EXPENDITURE_CAPITA(1.1),Quarterly GDP per capita,I,Q,Quarterly,Y,Calendar and seasonally adjusted,IRL,Ireland,S1,Total economy,S1,Total economy,B1GQ_POP,"Gross domestic product, per capita",_Z,Not applicable,_Z,Not applicable,_Z,Not applicable,USD_PPP_PS,"US dollars per person, PPP converted",V,Current prices,LA,Annual levels,T0102,Table 0102 - GDP identity from the expenditure side,2024-Q1,,137237.8,,,,,,F,Free (free for publication),1,One,A,Normal value,0,Units,USD,US dollar
DATAFLOW,OECD.SDD.NAD:DSD_NAMAIN1@DF_QNA_EXPENDITURE_CAPITA(1.1),Quarterly GDP per capita,I,Q,Quarterly,Y,Calendar and seasonally adjusted,IRL,Ireland,S1,Total economy,S1,Total economy,B1GQ_POP,"Gross domestic product, per capita",_Z,Not applicable,_Z,Not applicable,_Z,Not applicable,USD_PPP_PS,"US dollars per person, PPP converted",LR,Chain linked volume (rebased),LA,Annual levels,T0102,Table 0102 - GDP identity from the expenditure side,2025-Q1,,129660.4,,2020,,,,F,Free (free for publication),1,One,A,Normal value,0,Units,USD,US dollar
DATAFLOW,OECD.SDD.NAD:DSD_NAMAIN1@DF_QNA_EXPENDITURE_CAPITA(1.1),Quarterly GDP per capita,I,Q,Quarterly,Y,Calendar and seasonally adjusted,IRL,Ireland,S1,Total economy,S1,Total economy,B1GQ_POP,"Gross domestic product, per capita",_Z,Not applicable,_Z,Not applicable,_Z,Not applicable,USD_PPP_PS,"US dollars per person, PPP converted",LR,Chain linked volume (rebased),LA,Annual levels,T0102,Table 0102 - GDP identity from the expenditure side,2024-Q4,,119635.5,,2020,,,,F,Free (free for publication),1,One,A,Normal value,0,Units,USD,US dollar
DATAFLOW,OECD.SDD.NAD:DSD_NAMAIN1@DF_QNA_EXPENDITURE_CAPITA(1.1),Quarterly GDP per capita,I,Q,Quarterly,Y,Calendar and seasonally adjusted,IRL,Ireland,S1,Total economy,S1,Total economy,B1GQ_POP,"Gross domestic product, per capita",_Z,Not applicable,_Z,Not applicable,_Z,Not applicable,USD_PPP_PS,"US dollars per person, PPP converted",LR,Chain linked volume (rebased),LA,Annual levels,T0102,Table 0102 - GDP identity from the expenditure side,2024-Q3,,116097.7,,2020,,,,F,Free (free for publication),1,One,A,Normal value,0,Units,USD,US dollar
DATAFLOW,OECD.SDD.NAD:DSD_NAMAIN1@DF_QNA_EXPENDITURE_CAPITA(1.1),Quarterly GDP per capita,I,Q,Quarterly,Y,Calendar and seasonally adjusted,IRL,Ireland,S1,Total economy,S1,Total economy,B1GQ_POP,"Gross domestic product, per capita",_Z,Not applicable,_Z,Not applicable,_Z,Not applicable,USD_PPP_PS,"US dollars per person, PPP converted",LR,Chain linked volume (rebased),LA,Annual levels,T0102,Table 0102 - GDP identity from the expenditure side,2024-Q2,,109940.3,,2020,,,,F,Free (free for publication),1,One,A,Normal value,0,Units,USD,US dollar
DATAFLOW,OECD.SDD.NAD:DSD_NAMAIN1@DF_QNA_EXPENDITURE_CAPITA(1.1),Quarterly GDP per capita,I,Q,Quarterly,Y,Calendar and seasonally adjusted,IRL,Ireland,S1,Total economy,S1,Total economy,B1GQ_POP,"Gross domestic product, per capita",_Z,Not applicable,_Z,Not applicable,_Z,Not applicable,USD_PPP_PS,"US dollars per person, PPP converted",LR,Chain linked volume (rebased),LA,Annual levels,T0102,Table 0102 - GDP identity from the expenditure side,2024-Q1,,111281,,2020,,,,F,Free (free for publication),1,One,A,Normal value,0,Units,USD,US dollar
DATAFLOW,OECD.SDD.NAD:DSD_NAMAIN1@DF_QNA_EXPENDITURE_CAPITA(1.1),Quarterly GDP per capita,I,Q,Quarterly,Y,Calendar and seasonally adjusted,IRL,Ireland,S1,Total economy,S1,Total economy,B1GQ_POP,"Gross domestic product, per capita",_Z,Not applicable,_Z,Not applicable,_Z,Not applicable,USD_PPP_PS,"US dollars per person, PPP converted",LR,Chain linked volume (rebased),LA,Annual levels,T0102,Table 0102 - GDP identity from the expenditure side,2023-Q4,,108684.9,,2020,,,,F,Free (free for publication),1,One,A,Normal value,0,Units,USD,US dollar
DATAFLOW,OECD.SDD.NAD:DSD_NAMAIN1@DF_QNA_EXPENDITURE_CAPITA(1.1),Quarterly GDP per capita,I,Q,Quarterly,Y,Calendar and seasonally adjusted,IRL,Ireland,S1,Total economy,S1,Total economy,B1GQ_POP,"Gross domestic product, per capita",_Z,Not applicable,_Z,Not applicable,_Z,Not applicable,USD_PPP_PS,"US dollars per person, PPP converted",LR,Chain linked volume (rebased),LA,Annual levels,T0102,Table 0102 - GDP identity from the expenditure side,2023-Q3,,112686.8,,2020,,,,F,Free (free for publication),1,One,A,Normal value,0,Units,USD,US dollar
DATAFLOW,OECD.SDD.NAD:DSD_NAMAIN1@DF_QNA_EXPENDITURE_CAPITA(1.1),Quarterly GDP per capita,I,Q,Quarterly,Y,Calendar and seasonally adjusted,IRL,Ireland,S1,Total economy,S1,Total economy,B1GQ_POP,"Gross domestic product, per capita",_Z,Not applicable,_Z,Not applicable,_Z,Not applicable,USD_PPP_PS,"US dollars per person, PPP converted",LR,Chain linked volume (rebased),LA,Annual levels,T0102,Table 0102 - GDP identity from the expenditure side,2023-Q2,,115548.8,,2020,,,,F,Free (free for publication),1,One,A,Normal value,0,Units,USD,US dollar
DATAFLOW,OECD.SDD.NAD:DSD_NAMAIN1@DF_QNA_EXPENDITURE_CAPITA(1.1),Quarterly GDP per capita,I,Q,Quarterly,Y,Calendar and seasonally adjusted,IRL,Ireland,S1,Total economy,S1,Total economy,B1GQ_POP,"Gross domestic product, per capita",_Z,Not applicable,_Z,Not applicable,_Z,Not applicable,USD_PPP_PS,"US dollars per person, PPP converted",LR,Chain linked volume (rebased),LA,Annual levels,T0102,Table 0102 - GDP identity from the expenditure side,2023-Q1,,115864.3,,2020,,,,F,Free (free for publication),1,One,A,Normal value,0,Units,USD,US dollar
DATAFLOW,OECD.SDD.NAD:DSD_NAMAIN1@DF_QNA_EXPENDITURE_CAPITA(1.1),Quarterly GDP per capita,I,Q,Quarterly,Y,Calendar and seasonally adjusted,IRL,Ireland,S1,Total economy,S1,Total economy,B1GQ_POP,"Gross domestic product, per capita",_Z,Not applicable,_Z,Not applicable,_Z,Not applicable,USD_PPP_PS,"US dollars per person, PPP converted",LR,Chain linked volume (rebased),LA,Annual levels,T0102,Table 0102 - GDP identity from the expenditure side,2025-Q4,,121369.5,,2020,,,,F,Free (free for publication),1,One,A,Normal value,0,Units,USD,US dollar
DATAFLOW,OECD.SDD.NAD:DSD_NAMAIN1@DF_QNA_EXPENDITURE_CAPITA(1.1),Quarterly GDP per capita,I,Q,Quarterly,Y,Calendar and seasonally adjusted,IRL,Ireland,S1,Total economy,S1,Total economy,B1GQ_POP,"Gross domestic product, per capita",_Z,Not applicable,_Z,Not applicable,_Z,Not applicable,USD_PPP_PS,"US dollars per person, PPP converted",LR,Chain linked volume (rebased),LA,Annual levels,T0102,Table 0102 - GDP identity from the expenditure side,2025-Q3,,126951.9,,2020,,,,F,Free (free for publication),1,One,A,Normal value,0,Units,USD,US dollar
DATAFLOW,OECD.SDD.NAD:DSD_NAMAIN1@DF_QNA_EXPENDITURE_CAPITA(1.1),Quarterly GDP per capita,I,Q,Quarterly,Y,Calendar and seasonally adjusted,CZE,Czechia,S1,Total economy,S1,Total economy,B1GQ_POP,"Gross domestic product, per capita",_Z,Not applicable,_Z,Not applicable,_Z,Not applicable,USD_PPP_PS,"US dollars per person, PPP converted",LR,Chain linked volume (rebased),LA,Annual levels,T0102,Table 0102 - GDP identity from the expenditure side,2023-Q3,,47095.4,,2020,,,,F,Free (free for publication),1,One,A,Normal value,0,Units,USD,US dollar
DATAFLOW,OECD.SDD.NAD:DSD_NAMAIN1@DF_QNA_EXPENDITURE_CAPITA(1.1),Quarterly GDP per capita,I,Q,Quarterly,Y,Calendar and seasonally adjusted,CZE,Czechia,S1,Total economy,S1,Total economy,B1GQ_POP,"Gross domestic product, per capita",_Z,Not applicable,_Z,Not applicable,_Z,Not applicable,USD_PPP_PS,"US dollars per person, PPP converted",V,Current prices,LA,Annual levels,T0102,Table 0102 - GDP identity from the expenditure side,2024-Q2,,57414.3,,,,,,F,Free (free for publication),1,One,A,Normal value,0,Units,USD,US dollar
DATAFLOW,OECD.SDD.NAD:DSD_NAMAIN1@DF_QNA_EXPENDITURE_CAPITA(1.1),Quarterly GDP per capita,I,Q,Quarterly,Y,Calendar and seasonally adjusted,CZE,Czechia,S1,Total economy,S1,Total economy,B1GQ_POP,"Gross domestic product, per capita",_Z,Not applicable,_Z,Not applicable,_Z,Not applicable,USD_PPP_PS,"US dollars per person, PPP converted",V,Current prices,LA,Annual levels,T0102,Table 0102 - GDP identity from the expenditure side,2024-Q1,,56951,,,,,,F,Free (free for publication),1,One,A,Normal value,0,Units,USD,US dollar
DATAFLOW,OECD.SDD.NAD:DSD_NAMAIN1@DF_QNA_EXPENDITURE_CAPITA(1.1),Quarterly GDP per capita,I,Q,Quarterly,Y,Calendar and seasonally adjusted,CZE,Czechia,S1,Total economy,S1,Total economy,B1GQ_POP,"Gross domestic product, per capita",_Z,Not applicable,_Z,Not applicable,_Z,Not applicable,USD_PPP_PS,"US dollars per person, PPP converted",V,Current prices,LA,Annual levels,T0102,Table 0102 - GDP identity from the expenditure side,2023-Q4,,56649.7,,,,,,F,Free (free for publication),1,One,A,Normal value,0,Units,USD,US dollar
DATAFLOW,OECD.SDD.NAD:DSD_NAMAIN1@DF_QNA_EXPENDITURE_CAPITA(1.1),Quarterly GDP per capita,I,Q,Quarterly,Y,Calendar and seasonally adjusted,CZE,Czechia,S1,Total economy,S1,Total economy,B1GQ_POP,"Gross domestic product, per capita",_Z,Not applicable,_Z,Not applicable,_Z,Not applicable,USD_PPP_PS,"US dollars per person, PPP converted",V,Current prices,LA,Annual levels,T0102,Table 0102 - GDP identity from the expenditure side,2023-Q3,,56267.2,,,,,,F,Free (free for publication),1,One,A,Normal value,0,Units,USD,US dollar
DATAFLOW,OECD.SDD.NAD:DSD_NAMAIN1@DF_QNA_EXPENDITURE_CAPITA(1.1),Quarterly GDP per capita,I,Q,Quarterly,Y,Calendar and seasonally adjusted,CZE,Czechia,S1,Total economy,S1,Total economy,B1GQ_POP,"Gross domestic product, per capita",_Z,Not applicable,_Z,Not applicable,_Z,Not applicable,USD_PPP_PS,"US dollars per person, PPP converted",V,Current prices,LA,Annual levels,T0102,Table 0102 - GDP identity from the expenditure side,2023-Q2,,56070.6,,,,,,F,Free (free for publication),1,One,A,Normal value,0,Units,USD,US dollar
DATAFLOW,OECD.SDD.NAD:DSD_NAMAIN1@DF_QNA_EXPENDITURE_CAPITA(1.1),Quarterly GDP per capita,I,Q,Quarterly,Y,Calendar and seasonally adjusted,CZE,Czechia,S1,Total economy,S1,Total economy,B1GQ_POP,"Gross domestic product, per capita",_Z,Not applicable,_Z,Not applicable,_Z,Not applicable,USD_PPP_PS,"US dollars per person, PPP converted",V,Current prices,LA,Annual levels,T0102,Table 0102 - GDP identity from the expenditure side,2023-Q1,,55207.6,,,,,,F,Free (free for publication),1,One,A,Normal value,0,Units,USD,US dollar
DATAFLOW,OECD.SDD.NAD:DSD_NAMAIN1@DF_QNA_EXPENDITURE_CAPITA(1.1),Quarterly GDP per capita,I,Q,Quarterly,Y,Calendar and seasonally adjusted,CZE,Czechia,S1,Total economy,S1,Total economy,B1GQ_POP,"Gross domestic product, per capita",_Z,Not applicable,_Z,Not applicable,_Z,Not applicable,USD_PPP_PS,"US dollars per person, PPP converted",V,Current prices,LA,Annual levels,T0102,Table 0102 - GDP identity from the expenditure side,2025-Q2,,60331.3,,,,,,F,Free (free for publication),1,One,A,Normal value,0,Units,USD,US dollar
DATAFLOW,OECD.SDD.NAD:DSD_NAMAIN1@DF_QNA_EXPENDITURE_CAPITA(1.1),Quarterly GDP per capita,I,Q,Quarterly,Y,Calendar and seasonally adjusted,CZE,Czechia,S1,Total economy,S1,Total economy,B1GQ_POP,"Gross domestic product, per capita",_Z,Not applicable,_Z,Not applicable,_Z,Not applicable,USD_PPP_PS,"US dollars per person, PPP converted",V,Current prices,LA,Annual levels,T0102,Table 0102 - GDP identity from the expenditure side,2025-Q1,,59491,,,,,,F,Free (free for publication),1,One,A,Normal value,0,Units,USD,US dollar
DATAFLOW,OECD.SDD.NAD:DSD_NAMAIN1@DF_QNA_EXPENDITURE_CAPITA(1.1),Quarterly GDP per capita,I,Q,Quarterly,Y,Calendar and seasonally adjusted,CZE,Czechia,S1,Total economy,S1,Total economy,B1GQ_POP,"Gross domestic product, per capita",_Z,Not applicable,_Z,Not applicable,_Z,Not applicable,USD_PPP_PS,"US dollars per person, PPP converted",V,Current prices,LA,Annual levels,T0102,Table 0102 - GDP identity from the expenditure side,2025-Q4,,62575.8,,,,,,F,Free (free for publication),1,One,A,Normal value,0,Units,USD,US dollar
DATAFLOW,OECD.SDD.NAD:DSD_NAMAIN1@DF_QNA_EXPENDITURE_CAPITA(1.1),Quarterly GDP per capita,I,Q,Quarterly,Y,Calendar and seasonally adjusted,CZE,Czechia,S1,Total economy,S1,Total economy,B1GQ_POP,"Gross domestic product, per capita",_Z,Not applicable,_Z,Not applicable,_Z,Not applicable,USD_PPP_PS,"US dollars per person, PPP converted",LR,Chain linked volume (rebased),LA,Annual levels,T0102,Table 0102 - GDP identity from the expenditure side,2023-Q1,,47263.9,,2020,,,,F,Free (free for publication),1,One,A,Normal value,0,Units,USD,US dollar
DATAFLOW,OECD.SDD.NAD:DSD_NAMAIN1@DF_QNA_EXPENDITURE_CAPITA(1.1),Quarterly GDP per capita,I,Q,Quarterly,Y,Calendar and seasonally adjusted,HUN,Hungary,S1,Total economy,S1,Total economy,B1GQ_POP,"Gross domestic product, per capita",_Z,Not applicable,_Z,Not applicable,_Z,Not applicable,USD_PPP_PS,"US dollars per person, PPP converted",V,Current prices,LA,Annual levels,T0102,Table 0102 - GDP identity from the expenditure side,2023-Q1,,45381.8,,,,,,F,Free (free for publication),1,One,A,Normal value,0,Units,USD,US dollar
DATAFLOW,OECD.SDD.NAD:DSD_NAMAIN1@DF_QNA_EXPENDITURE_CAPITA(1.1),Quarterly GDP per capita,I,Q,Quarterly,Y,Calendar and seasonally adjusted,HUN,Hungary,S1,Total economy,S1,Total economy,B1GQ_POP,"Gross domestic product, per capita",_Z,Not applicable,_Z,Not applicable,_Z,Not applicable,USD_PPP_PS,"US dollars per person, PPP converted",V,Current prices,LA,Annual levels,T0102,Table 0102 - GDP identity from the expenditure side,2024-Q4,,49192.4,,,,,,F,Free (free for publication),1,One,A,Normal value,0,Units,USD,US dollar
DATAFLOW,OECD.SDD.NAD:DSD_NAMAIN1@DF_QNA_EXPENDITURE_CAPITA(1.1),Quarterly GDP per capita,I,Q,Quarterly,Y,Calendar and seasonally adjusted,CHL,Chile,S1,Total economy,S1,Total economy,B1GQ_POP,"Gross domestic product, per capita",_Z,Not applicable,_Z,Not applicable,_Z,Not applicable,USD_PPP_PS,"US dollars per person, PPP converted",LR,Chain linked volume (rebased),LA,Annual levels,T0102,Table 0102 - GDP identity from the expenditure side,2023-Q4,,28314.7,,2020,,,,F,Free (free for publication),1,One,A,Normal value,0,Units,USD,US dollar
DATAFLOW,OECD.SDD.NAD:DSD_NAMAIN1@DF_QNA_EXPENDITURE_CAPITA(1.1),Quarterly GDP per capita,I,Q,Quarterly,Y,Calendar and seasonally adjusted,CHL,Chile,S1,Total economy,S1,Total economy,B1GQ_POP,"Gross domestic product, per capita",_Z,Not applicable,_Z,Not applicable,_Z,Not applicable,USD_PPP_PS,"US dollars per person, PPP converted",LR,Chain linked volume (rebased),LA,Annual levels,T0102,Table 0102 - GDP identity from the expenditure side,2023-Q3,,28289.3,,2020,,,,F,Free (free for publication),1,One,A,Normal value,0,Units,USD,US dollar
DATAFLOW,OECD.SDD.NAD:DSD_NAMAIN1@DF_QNA_EXPENDITURE_CAPITA(1.1),Quarterly GDP per capita,I,Q,Quarterly,Y,Calendar and seasonally adjusted,CHL,Chile,S1,Total economy,S1,Total economy,B1GQ_POP,"Gross domestic product, per capita",_Z,Not applicable,_Z,Not applicable,_Z,Not applicable,USD_PPP_PS,"US dollars per person, PPP converted",LR,Chain linked volume (rebased),LA,Annual levels,T0102,Table 0102 - GDP identity from the expenditure side,2023-Q2,,28092.2,,2020,,,,F,Free (free for publication),1,One,A,Normal value,0,Units,USD,US dollar
DATAFLOW,OECD.SDD.NAD:DSD_NAMAIN1@DF_QNA_EXPENDITURE_CAPITA(1.1),Quarterly GDP per capita,I,Q,Quarterly,Y,Calendar and seasonally adjusted,CHL,Chile,S1,Total economy,S1,Total economy,B1GQ_POP,"Gross domestic product, per capita",_Z,Not applicable,_Z,Not applicable,_Z,Not applicable,USD_PPP_PS,"US dollars per person, PPP converted",LR,Chain linked volume (rebased),LA,Annual levels,T0102,Table 0102 - GDP identity from the expenditure side,2023-Q1,,28035.1,,2020,,,,F,Free (free for publication),1,One,A,Normal value,0,Units,USD,US dollar
DATAFLOW,OECD.SDD.NAD:DSD_NAMAIN1@DF_QNA_EXPENDITURE_CAPITA(1.1),Quarterly GDP per capita,I,Q,Quarterly,Y,Calendar and seasonally adjusted,CHL,Chile,S1,Total economy,S1,Total economy,B1GQ_POP,"Gross domestic product, per capita",_Z,Not applicable,_Z,Not applicable,_Z,Not applicable,USD_PPP_PS,"US dollars per person, PPP converted",LR,Chain linked volume (rebased),LA,Annual levels,T0102,Table 0102 - GDP identity from the expenditure side,2025-Q4,,29324.5,,2020,,,,F,Free (free for publication),1,One,A,Normal value,0,Units,USD,US dollar
DATAFLOW,OECD.SDD.NAD:DSD_NAMAIN1@DF_QNA_EXPENDITURE_CAPITA(1.1),Quarterly GDP per capita,I,Q,Quarterly,Y,Calendar and seasonally adjusted,HUN,Hungary,S1,Total economy,S1,Total economy,B1GQ_POP,"Gross domestic product, per capita",_Z,Not applicable,_Z,Not applicable,_Z,Not applicable,USD_PPP_PS,"US dollars per person, PPP converted",LR,Chain linked volume (rebased),LA,Annual levels,T0102,Table 0102 - GDP identity from the expenditure side,2023-Q2,,39483.1,,2020,,,,F,Free (free for publication),1,One,A,Normal value,0,Units,USD,US dollar
DATAFLOW,OECD.SDD.NAD:DSD_NAMAIN1@DF_QNA_EXPENDITURE_CAPITA(1.1),Quarterly GDP per capita,I,Q,Quarterly,Y,Calendar and seasonally adjusted,HUN,Hungary,S1,Total economy,S1,Total economy,B1GQ_POP,"Gross domestic product, per capita",_Z,Not applicable,_Z,Not applicable,_Z,Not applicable,USD_PPP_PS,"US dollars per person, PPP converted",LR,Chain linked volume (rebased),LA,Annual levels,T0102,Table 0102 - GDP identity from the expenditure side,2023-Q3,,40042,,2020,,,,F,Free (free for publication),1,One,A,Normal value,0,Units,USD,US dollar
DATAFLOW,OECD.SDD.NAD:DSD_NAMAIN1@DF_QNA_EXPENDITURE_CAPITA(1.1),Quarterly GDP per capita,I,Q,Quarterly,Y,Calendar and seasonally adjusted,NZL,New Zealand,S1,Total economy,S1,Total economy,B1GQ_POP,"Gross domestic product, per capita",_Z,Not applicable,_Z,Not applicable,_Z,Not applicable,USD_PPP_PS,"US dollars per person, PPP converted",LR,Chain linked volume (rebased),LA,Annual levels,T0102,Table 0102 - GDP identity from the expenditure side,2023-Q4,,48507.8,,2020,,,,F,Free (free for publication),1,One,A,Normal value,0,Units,USD,US dollar
DATAFLOW,OECD.SDD.NAD:DSD_NAMAIN1@DF_QNA_EXPENDITURE_CAPITA(1.1),Quarterly GDP per capita,I,Q,Quarterly,Y,Calendar and seasonally adjusted,NZL,New Zealand,S1,Total economy,S1,Total economy,B1GQ_POP,"Gross domestic product, per capita",_Z,Not applicable,_Z,Not applicable,_Z,Not applicable,USD_PPP_PS,"US dollars per person, PPP converted",LR,Chain linked volume (rebased),LA,Annual levels,T0102,Table 0102 - GDP identity from the expenditure side,2023-Q3,,48611.9,,2020,,,,F,Free (free for publication),1,One,A,Normal value,0,Units,USD,US dollar
DATAFLOW,OECD.SDD.NAD:DSD_NAMAIN1@DF_QNA_EXPENDITURE_CAPITA(1.1),Quarterly GDP per capita,I,Q,Quarterly,Y,Calendar and seasonally adjusted,NZL,New Zealand,S1,Total economy,S1,Total economy,B1GQ_POP,"Gross domestic product, per capita",_Z,Not applicable,_Z,Not applicable,_Z,Not applicable,USD_PPP_PS,"US dollars per person, PPP converted",V,Current prices,LA,Annual levels,T0102,Table 0102 - GDP identity from the expenditure side,2025-Q4,,57378.6,,,,,,F,Free (free for publication),1,One,A,Normal value,0,Units,USD,US dollar
DATAFLOW,OECD.SDD.NAD:DSD_NAMAIN1@DF_QNA_EXPENDITURE_CAPITA(1.1),Quarterly GDP per capita,I,Q,Quarterly,Y,Calendar and seasonally adjusted,NZL,New Zealand,S1,Total economy,S1,Total economy,B1GQ_POP,"Gross domestic product, per capita",_Z,Not applicable,_Z,Not applicable,_Z,Not applicable,USD_PPP_PS,"US dollars per person, PPP converted",V,Current prices,LA,Annual levels,T0102,Table 0102 - GDP identity from the expenditure side,2025-Q3,,56925.5,,,,,,F,Free (free for publication),1,One,A,Normal value,0,Units,USD,US dollar
DATAFLOW,OECD.SDD.NAD:DSD_NAMAIN1@DF_QNA_EXPENDITURE_CAPITA(1.1),Quarterly GDP per capita,I,Q,Quarterly,Y,Calendar and seasonally adjusted,NZL,New Zealand,S1,Total economy,S1,Total economy,B1GQ_POP,"Gross domestic product, per capita",_Z,Not applicable,_Z,Not applicable,_Z,Not applicable,USD_PPP_PS,"US dollars per person, PPP converted",LR,Chain linked volume (rebased),LA,Annual levels,T0102,Table 0102 - GDP identity from the expenditure side,2025-Q4,,47735.4,,2020,,,,F,Free (free for publication),1,One,A,Normal value,0,Units,USD,US dollar
DATAFLOW,OECD.SDD.NAD:DSD_NAMAIN1@DF_QNA_EXPENDITURE_CAPITA(1.1),Quarterly GDP per capita,I,Q,Quarterly,Y,Calendar and seasonally adjusted,NZL,New Zealand,S1,Total economy,S1,Total economy,B1GQ_POP,"Gross domestic product, per capita",_Z,Not applicable,_Z,Not applicable,_Z,Not applicable,USD_PPP_PS,"US dollars per person, PPP converted",LR,Chain linked volume (rebased),LA,Annual levels,T0102,Table 0102 - GDP identity from the expenditure side,2025-Q3,,47797.6,,2020,,,,F,Free (free for publication),1,One,A,Normal value,0,Units,USD,US dollar
DATAFLOW,OECD.SDD.NAD:DSD_NAMAIN1@DF_QNA_EXPENDITURE_CAPITA(1.1),Quarterly GDP per capita,I,Q,Quarterly,Y,Calendar and seasonally adjusted,NZL,New Zealand,S1,Total economy,S1,Total economy,B1GQ_POP,"Gross domestic product, per capita",_Z,Not applicable,_Z,Not applicable,_Z,Not applicable,USD_PPP_PS,"US dollars per person, PPP converted",LR,Chain linked volume (rebased),LA,Annual levels,T0102,Table 0102 - GDP identity from the expenditure side,2025-Q2,,47438.8,,2020,,,,F,Free (free for publication),1,One,A,Normal value,0,Units,USD,US dollar
DATAFLOW,OECD.SDD.NAD:DSD_NAMAIN1@DF_QNA_EXPENDITURE_CAPITA(1.1),Quarterly GDP per capita,I,Q,Quarterly,Y,Calendar and seasonally adjusted,NZL,New Zealand,S1,Total economy,S1,Total economy,B1GQ_POP,"Gross domestic product, per capita",_Z,Not applicable,_Z,Not applicable,_Z,Not applicable,USD_PPP_PS,"US dollars per person, PPP converted",V,Current prices,LA,Annual levels,T0102,Table 0102 - GDP identity from the expenditure side,2025-Q2,,56037.7,,,,,,F,Free (free for publication),1,One,A,Normal value,0,Units,USD,US dollar
DATAFLOW,OECD.SDD.NAD:DSD_NAMAIN1@DF_QNA_EXPENDITURE_CAPITA(1.1),Quarterly GDP per capita,I,Q,Quarterly,Y,Calendar and seasonally adjusted,IRL,Ireland,S1,Total economy,S1,Total economy,B1GQ_POP,"Gross domestic product, per capita",_Z,Not applicable,_Z,Not applicable,_Z,Not applicable,USD_PPP_PS,"US dollars per person, PPP converted",LR,Chain linked volume (rebased),LA,Annual levels,T0102,Table 0102 - GDP identity from the expenditure side,2025-Q2,,127893.5,,2020,,,,F,Free (free for publication),1,One,A,Normal value,0,Units,USD,US dollar
DATAFLOW,OECD.SDD.NAD:DSD_NAMAIN1@DF_QNA_EXPENDITURE_CAPITA(1.1),Quarterly GDP per capita,I,Q,Quarterly,Y,Calendar and seasonally adjusted,IRL,Ireland,S1,Total economy,S1,Total economy,B1GQ_POP,"Gross domestic product, per capita",_Z,Not applicable,_Z,Not applicable,_Z,Not applicable,USD_PPP_PS,"US dollars per person, PPP converted",V,Current prices,LA,Annual levels,T0102,Table 0102 - GDP identity from the expenditure side,2023-Q4,,129114.4,,,,,,F,Free (free for publication),1,One,A,Normal value,0,Units,USD,US dollar
DATAFLOW,OECD.SDD.NAD:DSD_NAMAIN1@DF_QNA_EXPENDITURE_CAPITA(1.1),Quarterly GDP per capita,I,Q,Quarterly,Y,Calendar and seasonally adjusted,LUX,Luxembourg,S1,Total economy,S1,Total economy,B1GQ_POP,"Gross domestic product, per capita",_Z,Not applicable,_Z,Not applicable,_Z,Not applicable,USD_PPP_PS,"US dollars per person, PPP converted",LR,Chain linked volume (rebased),LA,Annual levels,T0102,Table 0102 - GDP identity from the expenditure side,2024-Q4,,119030.7,,2020,,,,F,Free (free for publication),1,One,A,Normal value,0,Units,USD,US dollar
DATAFLOW,OECD.SDD.NAD:DSD_NAMAIN1@DF_QNA_EXPENDITURE_CAPITA(1.1),Quarterly GDP per capita,I,Q,Quarterly,Y,Calendar and seasonally adjusted,LUX,Luxembourg,S1,Total economy,S1,Total economy,B1GQ_POP,"Gross domestic product, per capita",_Z,Not applicable,_Z,Not applicable,_Z,Not applicable,USD_PPP_PS,"US dollars per person, PPP converted",LR,Chain linked volume (rebased),LA,Annual levels,T0102,Table 0102 - GDP identity from the expenditure side,2024-Q3,,118082.9,,2020,,,,F,Free (free for publication),1,One,A,Normal value,0,Units,USD,US dollar
DATAFLOW,OECD.SDD.NAD:DSD_NAMAIN1@DF_QNA_EXPENDITURE_CAPITA(1.1),Quarterly GDP per capita,I,Q,Quarterly,Y,Calendar and seasonally adjusted,LUX,Luxembourg,S1,Total economy,S1,Total economy,B1GQ_POP,"Gross domestic product, per capita",_Z,Not applicable,_Z,Not applicable,_Z,Not applicable,USD_PPP_PS,"US dollars per person, PPP converted",LR,Chain linked volume (rebased),LA,Annual levels,T0102,Table 0102 - GDP identity from the expenditure side,2024-Q2,,121573.6,,2020,,,,F,Free (free for publication),1,One,A,Normal value,0,Units,USD,US dollar
DATAFLOW,OECD.SDD.NAD:DSD_NAMAIN1@DF_QNA_EXPENDITURE_CAPITA(1.1),Quarterly GDP per capita,I,Q,Quarterly,Y,Calendar and seasonally adjusted,LUX,Luxembourg,S1,Total economy,S1,Total economy,B1GQ_POP,"Gross domestic product, per capita",_Z,Not applicable,_Z,Not applicable,_Z,Not applicable,USD_PPP_PS,"US dollars per person, PPP converted",LR,Chain linked volume (rebased),LA,Annual levels,T0102,Table 0102 - GDP identity from the expenditure side,2024-Q1,,123442.8,,2020,,,,F,Free (free for publication),1,One,A,Normal value,0,Units,USD,US dollar
DATAFLOW,OECD.SDD.NAD:DSD_NAMAIN1@DF_QNA_EXPENDITURE_CAPITA(1.1),Quarterly GDP per capita,I,Q,Quarterly,Y,Calendar and seasonally adjusted,LUX,Luxembourg,S1,Total economy,S1,Total economy,B1GQ_POP,"Gross domestic product, per capita",_Z,Not applicable,_Z,Not applicable,_Z,Not applicable,USD_PPP_PS,"US dollars per person, PPP converted",LR,Chain linked volume (rebased),LA,Annual levels,T0102,Table 0102 - GDP identity from the expenditure side,2023-Q4,,120295.5,,2020,,,,F,Free (free for publication),1,One,A,Normal value,0,Units,USD,US dollar
DATAFLOW,OECD.SDD.NAD:DSD_NAMAIN1@DF_QNA_EXPENDITURE_CAPITA(1.1),Quarterly GDP per capita,I,Q,Quarterly,Y,Calendar and seasonally adjusted,LUX,Luxembourg,S1,Total economy,S1,Total economy,B1GQ_POP,"Gross domestic product, per capita",_Z,Not applicable,_Z,Not applicable,_Z,Not applicable,USD_PPP_PS,"US dollars per person, PPP converted",LR,Chain linked volume (rebased),LA,Annual levels,T0102,Table 0102 - GDP identity from the expenditure side,2023-Q3,,122730.7,,2020,,,,F,Free (free for publication),1,One,A,Normal value,0,Units,USD,US dollar
DATAFLOW,OECD.SDD.NAD:DSD_NAMAIN1@DF_QNA_EXPENDITURE_CAPITA(1.1),Quarterly GDP per capita,I,Q,Quarterly,Y,Calendar and seasonally adjusted,LUX,Luxembourg,S1,Total economy,S1,Total economy,B1GQ_POP,"Gross domestic product, per capita",_Z,Not applicable,_Z,Not applicable,_Z,Not applicable,USD_PPP_PS,"US dollars per person, PPP converted",LR,Chain linked volume (rebased),LA,Annual levels,T0102,Table 0102 - GDP identity from the expenditure side,2023-Q2,,122539.2,,2020,,,,F,Free (free for publication),1,One,A,Normal value,0,Units,USD,US dollar
DATAFLOW,OECD.SDD.NAD:DSD_NAMAIN1@DF_QNA_EXPENDITURE_CAPITA(1.1),Quarterly GDP per capita,I,Q,Quarterly,Y,Calendar and seasonally adjusted,LUX,Luxembourg,S1,Total economy,S1,Total economy,B1GQ_POP,"Gross domestic product, per capita",_Z,Not applicable,_Z,Not applicable,_Z,Not applicable,USD_PPP_PS,"US dollars per person, PPP converted",LR,Chain linked volume (rebased),LA,Annual levels,T0102,Table 0102 - GDP identity from the expenditure side,2023-Q1,,122574,,2020,,,,F,Free (free for publication),1,One,A,Normal value,0,Units,USD,US dollar
DATAFLOW,OECD.SDD.NAD:DSD_NAMAIN1@DF_QNA_EXPENDITURE_CAPITA(1.1),Quarterly GDP per capita,I,Q,Quarterly,Y,Calendar and seasonally adjusted,LTU,Lithuania,S1,Total economy,S1,Total economy,B1GQ_POP,"Gross domestic product, per capita",_Z,Not applicable,_Z,Not applicable,_Z,Not applicable,USD_PPP_PS,"US dollars per person, PPP converted",V,Current prices,LA,Annual levels,T0102,Table 0102 - GDP identity from the expenditure side,2025-Q2,,57400.6,,,,,,F,Free (free for publication),1,One,A,Normal value,0,Units,USD,US dollar
DATAFLOW,OECD.SDD.NAD:DSD_NAMAIN1@DF_QNA_EXPENDITURE_CAPITA(1.1),Quarterly GDP per capita,I,Q,Quarterly,Y,Calendar and seasonally adjusted,LTU,Lithuania,S1,Total economy,S1,Total economy,B1GQ_POP,"Gross domestic product, per capita",_Z,Not applicable,_Z,Not applicable,_Z,Not applicable,USD_PPP_PS,"US dollars per person, PPP converted",V,Current prices,LA,Annual levels,T0102,Table 0102 - GDP identity from the expenditure side,2025-Q1,,57044,,,,,,F,Free (free for publication),1,One,A,Normal value,0,Units,USD,US dollar
DATAFLOW,OECD.SDD.NAD:DSD_NAMAIN1@DF_QNA_EXPENDITURE_CAPITA(1.1),Quarterly GDP per capita,I,Q,Quarterly,Y,Calendar and seasonally adjusted,LTU,Lithuania,S1,Total economy,S1,Total economy,B1GQ_POP,"Gross domestic product, per capita",_Z,Not applicable,_Z,Not applicable,_Z,Not applicable,USD_PPP_PS,"US dollars per person, PPP converted",V,Current prices,LA,Annual levels,T0102,Table 0102 - GDP identity from the expenditure side,2024-Q4,,56641.2,,,,,,F,Free (free for publication),1,One,A,Normal value,0,Units,USD,US dollar
DATAFLOW,OECD.SDD.NAD:DSD_NAMAIN1@DF_QNA_EXPENDITURE_CAPITA(1.1),Quarterly GDP per capita,I,Q,Quarterly,Y,Calendar and seasonally adjusted,LTU,Lithuania,S1,Total economy,S1,Total economy,B1GQ_POP,"Gross domestic product, per capita",_Z,Not applicable,_Z,Not applicable,_Z,Not applicable,USD_PPP_PS,"US dollars per person, PPP converted",V,Current prices,LA,Annual levels,T0102,Table 0102 - GDP identity from the expenditure side,2024-Q3,,56203.7,,,,,,F,Free (free for publication),1,One,A,Normal value,0,Units,USD,US dollar
DATAFLOW,OECD.SDD.NAD:DSD_NAMAIN1@DF_QNA_EXPENDITURE_CAPITA(1.1),Quarterly GDP per capita,I,Q,Quarterly,Y,Calendar and seasonally adjusted,LTU,Lithuania,S1,Total economy,S1,Total economy,B1GQ_POP,"Gross domestic product, per capita",_Z,Not applicable,_Z,Not applicable,_Z,Not applicable,USD_PPP_PS,"US dollars per person, PPP converted",V,Current prices,LA,Annual levels,T0102,Table 0102 - GDP identity from the expenditure side,2024-Q2,,55298.7,,,,,,F,Free (free for publication),1,One,A,Normal value,0,Units,USD,US dollar
DATAFLOW,OECD.SDD.NAD:DSD_NAMAIN1@DF_QNA_EXPENDITURE_CAPITA(1.1),Quarterly GDP per capita,I,Q,Quarterly,Y,Calendar and seasonally adjusted,LTU,Lithuania,S1,Total economy,S1,Total economy,B1GQ_POP,"Gross domestic product, per capita",_Z,Not applicable,_Z,Not applicable,_Z,Not applicable,USD_PPP_PS,"US dollars per person, PPP converted",V,Current prices,LA,Annual levels,T0102,Table 0102 - GDP identity from the expenditure side,2024-Q1,,54643.9,,,,,,F,Free (free for publication),1,One,A,Normal value,0,Units,USD,US dollar
DATAFLOW,OECD.SDD.NAD:DSD_NAMAIN1@DF_QNA_EXPENDITURE_CAPITA(1.1),Quarterly GDP per capita,I,Q,Quarterly,Y,Calendar and seasonally adjusted,LTU,Lithuania,S1,Total economy,S1,Total economy,B1GQ_POP,"Gross domestic product, per capita",_Z,Not applicable,_Z,Not applicable,_Z,Not applicable,USD_PPP_PS,"US dollars per person, PPP converted",V,Current prices,LA,Annual levels,T0102,Table 0102 - GDP identity from the expenditure side,2023-Q4,,53614,,,,,,F,Free (free for publication),1,One,A,Normal value,0,Units,USD,US dollar
DATAFLOW,OECD.SDD.NAD:DSD_NAMAIN1@DF_QNA_EXPENDITURE_CAPITA(1.1),Quarterly GDP per capita,I,Q,Quarterly,Y,Calendar and seasonally adjusted,LTU,Lithuania,S1,Total economy,S1,Total economy,B1GQ_POP,"Gross domestic product, per capita",_Z,Not applicable,_Z,Not applicable,_Z,Not applicable,USD_PPP_PS,"US dollars per person, PPP converted",V,Current prices,LA,Annual levels,T0102,Table 0102 - GDP identity from the expenditure side,2023-Q3,,53377.4,,,,,,F,Free (free for publication),1,One,A,Normal value,0,Units,USD,US dollar
DATAFLOW,OECD.SDD.NAD:DSD_NAMAIN1@DF_QNA_EXPENDITURE_CAPITA(1.1),Quarterly GDP per capita,I,Q,Quarterly,Y,Calendar and seasonally adjusted,LTU,Lithuania,S1,Total economy,S1,Total economy,B1GQ_POP,"Gross domestic product, per capita",_Z,Not applicable,_Z,Not applicable,_Z,Not applicable,USD_PPP_PS,"US dollars per person, PPP converted",V,Current prices,LA,Annual levels,T0102,Table 0102 - GDP identity from the expenditure side,2023-Q2,,52590.9,,,,,,F,Free (free for publication),1,One,A,Normal value,0,Units,USD,US dollar
DATAFLOW,OECD.SDD.NAD:DSD_NAMAIN1@DF_QNA_EXPENDITURE_CAPITA(1.1),Quarterly GDP per capita,I,Q,Quarterly,Y,Calendar and seasonally adjusted,LTU,Lithuania,S1,Total economy,S1,Total economy,B1GQ_POP,"Gross domestic product, per capita",_Z,Not applicable,_Z,Not applicable,_Z,Not applicable,USD_PPP_PS,"US dollars per person, PPP converted",V,Current prices,LA,Annual levels,T0102,Table 0102 - GDP identity from the expenditure side,2023-Q1,,51341.4,,,,,,F,Free (free for publication),1,One,A,Normal value,0,Units,USD,US dollar
DATAFLOW,OECD.SDD.NAD:DSD_NAMAIN1@DF_QNA_EXPENDITURE_CAPITA(1.1),Quarterly GDP per capita,I,Q,Quarterly,Y,Calendar and seasonally adjusted,LTU,Lithuania,S1,Total economy,S1,Total economy,B1GQ_POP,"Gross domestic product, per capita",_Z,Not applicable,_Z,Not applicable,_Z,Not applicable,USD_PPP_PS,"US dollars per person, PPP converted",LR,Chain linked volume (rebased),LA,Annual levels,T0102,Table 0102 - GDP identity from the expenditure side,2025-Q1,,46212.2,,2020,,,,F,Free (free for publication),1,One,A,Normal value,0,Units,USD,US dollar
DATAFLOW,OECD.SDD.NAD:DSD_NAMAIN1@DF_QNA_EXPENDITURE_CAPITA(1.1),Quarterly GDP per capita,I,Q,Quarterly,Y,Calendar and seasonally adjusted,LTU,Lithuania,S1,Total economy,S1,Total economy,B1GQ_POP,"Gross domestic product, per capita",_Z,Not applicable,_Z,Not applicable,_Z,Not applicable,USD_PPP_PS,"US dollars per person, PPP converted",LR,Chain linked volume (rebased),LA,Annual levels,T0102,Table 0102 - GDP identity from the expenditure side,2024-Q4,,46035.3,,2020,,,,F,Free (free for publication),1,One,A,Normal value,0,Units,USD,US dollar
DATAFLOW,OECD.SDD.NAD:DSD_NAMAIN1@DF_QNA_EXPENDITURE_CAPITA(1.1),Quarterly GDP per capita,I,Q,Quarterly,Y,Calendar and seasonally adjusted,LTU,Lithuania,S1,Total economy,S1,Total economy,B1GQ_POP,"Gross domestic product, per capita",_Z,Not applicable,_Z,Not applicable,_Z,Not applicable,USD_PPP_PS,"US dollars per person, PPP converted",LR,Chain linked volume (rebased),LA,Annual levels,T0102,Table 0102 - GDP identity from the expenditure side,2024-Q3,,45700.8,,2020,,,,F,Free (free for publication),1,One,A,Normal value,0,Units,USD,US dollar
DATAFLOW,OECD.SDD.NAD:DSD_NAMAIN1@DF_QNA_EXPENDITURE_CAPITA(1.1),Quarterly GDP per capita,I,Q,Quarterly,Y,Calendar and seasonally adjusted,LTU,Lithuania,S1,Total economy,S1,Total economy,B1GQ_POP,"Gross domestic product, per capita",_Z,Not applicable,_Z,Not applicable,_Z,Not applicable,USD_PPP_PS,"US dollars per person, PPP converted",LR,Chain linked volume (rebased),LA,Annual levels,T0102,Table 0102 - GDP identity from the expenditure side,2024-Q2,,45104.7,,2020,,,,F,Free (free for publication),1,One,A,Normal value,0,Units,USD,US dollar
DATAFLOW,OECD.SDD.NAD:DSD_NAMAIN1@DF_QNA_EXPENDITURE_CAPITA(1.1),Quarterly GDP per capita,I,Q,Quarterly,Y,Calendar and seasonally adjusted,LTU,Lithuania,S1,Total economy,S1,Total economy,B1GQ_POP,"Gross domestic product, per capita",_Z,Not applicable,_Z,Not applicable,_Z,Not applicable,USD_PPP_PS,"US dollars per person, PPP converted",LR,Chain linked volume (rebased),LA,Annual levels,T0102,Table 0102 - GDP identity from the expenditure side,2024-Q1,,44895.8,,2020,,,,F,Free (free for publication),1,One,A,Normal value,0,Units,USD,US dollar
DATAFLOW,OECD.SDD.NAD:DSD_NAMAIN1@DF_QNA_EXPENDITURE_CAPITA(1.1),Quarterly GDP per capita,I,Q,Quarterly,Y,Calendar and seasonally adjusted,LTU,Lithuania,S1,Total economy,S1,Total economy,B1GQ_POP,"Gross domestic product, per capita",_Z,Not applicable,_Z,Not applicable,_Z,Not applicable,USD_PPP_PS,"US dollars per person, PPP converted",LR,Chain linked volume (rebased),LA,Annual levels,T0102,Table 0102 - GDP identity from the expenditure side,2023-Q4,,44534.6,,2020,,,,F,Free (free for publication),1,One,A,Normal value,0,Units,USD,US dollar
DATAFLOW,OECD.SDD.NAD:DSD_NAMAIN1@DF_QNA_EXPENDITURE_CAPITA(1.1),Quarterly GDP per capita,I,Q,Quarterly,Y,Calendar and seasonally adjusted,LTU,Lithuania,S1,Total economy,S1,Total economy,B1GQ_POP,"Gross domestic product, per capita",_Z,Not applicable,_Z,Not applicable,_Z,Not applicable,USD_PPP_PS,"US dollars per person, PPP converted",LR,Chain linked volume (rebased),LA,Annual levels,T0102,Table 0102 - GDP identity from the expenditure side,2023-Q3,,44645.2,,2020,,,,F,Free (free for publication),1,One,A,Normal value,0,Units,USD,US dollar
DATAFLOW,OECD.SDD.NAD:DSD_NAMAIN1@DF_QNA_EXPENDITURE_CAPITA(1.1),Quarterly GDP per capita,I,Q,Quarterly,Y,Calendar and seasonally adjusted,LTU,Lithuania,S1,Total economy,S1,Total economy,B1GQ_POP,"Gross domestic product, per capita",_Z,Not applicable,_Z,Not applicable,_Z,Not applicable,USD_PPP_PS,"US dollars per person, PPP converted",LR,Chain linked volume (rebased),LA,Annual levels,T0102,Table 0102 - GDP identity from the expenditure side,2023-Q2,,44507.8,,2020,,,,F,Free (free for publication),1,One,A,Normal value,0,Units,USD,US dollar
DATAFLOW,OECD.SDD.NAD:DSD_NAMAIN1@DF_QNA_EXPENDITURE_CAPITA(1.1),Quarterly GDP per capita,I,Q,Quarterly,Y,Calendar and seasonally adjusted,LTU,Lithuania,S1,Total economy,S1,Total economy,B1GQ_POP,"Gross domestic product, per capita",_Z,Not applicable,_Z,Not applicable,_Z,Not applicable,USD_PPP_PS,"US dollars per person, PPP converted",LR,Chain linked volume (rebased),LA,Annual levels,T0102,Table 0102 - GDP identity from the expenditure side,2023-Q1,,43810.7,,2020,,,,F,Free (free for publication),1,One,A,Normal value,0,Units,USD,US dollar
DATAFLOW,OECD.SDD.NAD:DSD_NAMAIN1@DF_QNA_EXPENDITURE_CAPITA(1.1),Quarterly GDP per capita,I,Q,Quarterly,Y,Calendar and seasonally adjusted,LTU,Lithuania,S1,Total economy,S1,Total economy,B1GQ_POP,"Gross domestic product, per capita",_Z,Not applicable,_Z,Not applicable,_Z,Not applicable,USD_PPP_PS,"US dollars per person, PPP converted",LR,Chain linked volume (rebased),LA,Annual levels,T0102,Table 0102 - GDP identity from the expenditure side,2025-Q4,,47564.5,,2020,,,,F,Free (free for publication),1,One,A,Normal value,0,Units,USD,US dollar
DATAFLOW,OECD.SDD.NAD:DSD_NAMAIN1@DF_QNA_EXPENDITURE_CAPITA(1.1),Quarterly GDP per capita,I,Q,Quarterly,Y,Calendar and seasonally adjusted,LTU,Lithuania,S1,Total economy,S1,Total economy,B1GQ_POP,"Gross domestic product, per capita",_Z,Not applicable,_Z,Not applicable,_Z,Not applicable,USD_PPP_PS,"US dollars per person, PPP converted",LR,Chain linked volume (rebased),LA,Annual levels,T0102,Table 0102 - GDP identity from the expenditure side,2025-Q3,,46682.2,,2020,,,,F,Free (free for publication),1,One,A,Normal value,0,Units,USD,US dollar
DATAFLOW,OECD.SDD.NAD:DSD_NAMAIN1@DF_QNA_EXPENDITURE_CAPITA(1.1),Quarterly GDP per capita,I,Q,Quarterly,Y,Calendar and seasonally adjusted,LTU,Lithuania,S1,Total economy,S1,Total economy,B1GQ_POP,"Gross domestic product, per capita",_Z,Not applicable,_Z,Not applicable,_Z,Not applicable,USD_PPP_PS,"US dollars per person, PPP converted",LR,Chain linked volume (rebased),LA,Annual levels,T0102,Table 0102 - GDP identity from the expenditure side,2025-Q2,,46553.4,,2020,,,,F,Free (free for publication),1,One,A,Normal value,0,Units,USD,US dollar
DATAFLOW,OECD.SDD.NAD:DSD_NAMAIN1@DF_QNA_EXPENDITURE_CAPITA(1.1),Quarterly GDP per capita,I,Q,Quarterly,Y,Calendar and seasonally adjusted,LTU,Lithuania,S1,Total economy,S1,Total economy,B1GQ_POP,"Gross domestic product, per capita",_Z,Not applicable,_Z,Not applicable,_Z,Not applicable,USD_PPP_PS,"US dollars per person, PPP converted",V,Current prices,LA,Annual levels,T0102,Table 0102 - GDP identity from the expenditure side,2025-Q4,,59477.8,,,,,,F,Free (free for publication),1,One,A,Normal value,0,Units,USD,US dollar
DATAFLOW,OECD.SDD.NAD:DSD_NAMAIN1@DF_QNA_EXPENDITURE_CAPITA(1.1),Quarterly GDP per capita,I,Q,Quarterly,Y,Calendar and seasonally adjusted,LVA,Latvia,S1,Total economy,S1,Total economy,B1GQ_POP,"Gross domestic product, per capita",_Z,Not applicable,_Z,Not applicable,_Z,Not applicable,USD_PPP_PS,"US dollars per person, PPP converted",V,Current prices,LA,Annual levels,T0102,Table 0102 - GDP identity from the expenditure side,2023-Q2,,42722.4,,,,,,F,Free (free for publication),1,One,A,Normal value,0,Units,USD,US dollar
DATAFLOW,OECD.SDD.NAD:DSD_NAMAIN1@DF_QNA_EXPENDITURE_CAPITA(1.1),Quarterly GDP per capita,I,Q,Quarterly,Y,Calendar and seasonally adjusted,LVA,Latvia,S1,Total economy,S1,Total economy,B1GQ_POP,"Gross domestic product, per capita",_Z,Not applicable,_Z,Not applicable,_Z,Not applicable,USD_PPP_PS,"US dollars per person, PPP converted",V,Current prices,LA,Annual levels,T0102,Table 0102 - GDP identity from the expenditure side,2024-Q2,,43709.7,,,,,,F,Free (free for publication),1,One,A,Normal value,0,Units,USD,US dollar
DATAFLOW,OECD.SDD.NAD:DSD_NAMAIN1@DF_QNA_EXPENDITURE_CAPITA(1.1),Quarterly GDP per capita,I,Q,Quarterly,Y,Calendar and seasonally adjusted,LVA,Latvia,S1,Total economy,S1,Total economy,B1GQ_POP,"Gross domestic product, per capita",_Z,Not applicable,_Z,Not applicable,_Z,Not applicable,USD_PPP_PS,"US dollars per person, PPP converted",V,Current prices,LA,Annual levels,T0102,Table 0102 - GDP identity from the expenditure side,2025-Q3,,47228,,,,,,F,Free (free for publication),1,One,A,Normal value,0,Units,USD,US dollar
DATAFLOW,OECD.SDD.NAD:DSD_NAMAIN1@DF_QNA_EXPENDITURE_CAPITA(1.1),Quarterly GDP per capita,I,Q,Quarterly,Y,Calendar and seasonally adjusted,LVA,Latvia,S1,Total economy,S1,Total economy,B1GQ_POP,"Gross domestic product, per capita",_Z,Not applicable,_Z,Not applicable,_Z,Not applicable,USD_PPP_PS,"US dollars per person, PPP converted",LR,Chain linked volume (rebased),LA,Annual levels,T0102,Table 0102 - GDP identity from the expenditure side,2024-Q4,,36311.7,,2020,,,,F,Free (free for publication),1,One,A,Normal value,0,Units,USD,US dollar
DATAFLOW,OECD.SDD.NAD:DSD_NAMAIN1@DF_QNA_EXPENDITURE_CAPITA(1.1),Quarterly GDP per capita,I,Q,Quarterly,Y,Calendar and seasonally adjusted,LVA,Latvia,S1,Total economy,S1,Total economy,B1GQ_POP,"Gross domestic product, per capita",_Z,Not applicable,_Z,Not applicable,_Z,Not applicable,USD_PPP_PS,"US dollars per person, PPP converted",LR,Chain linked volume (rebased),LA,Annual levels,T0102,Table 0102 - GDP identity from the expenditure side,2025-Q1,,36656,,2020,,,,F,Free (free for publication),1,One,A,Normal value,0,Units,USD,US dollar
DATAFLOW,OECD.SDD.NAD:DSD_NAMAIN1@DF_QNA_EXPENDITURE_CAPITA(1.1),Quarterly GDP per capita,I,Q,Quarterly,Y,Calendar and seasonally adjusted,LVA,Latvia,S1,Total economy,S1,Total economy,B1GQ_POP,"Gross domestic product, per capita",_Z,Not applicable,_Z,Not applicable,_Z,Not applicable,USD_PPP_PS,"US dollars per person, PPP converted",V,Current prices,LA,Annual levels,T0102,Table 0102 - GDP identity from the expenditure side,2024-Q4,,44349.4,,,,,,F,Free (free for publication),1,One,A,Normal value,0,Units,USD,US dollar
DATAFLOW,OECD.SDD.NAD:DSD_NAMAIN1@DF_QNA_EXPENDITURE_CAPITA(1.1),Quarterly GDP per capita,I,Q,Quarterly,Y,Calendar and seasonally adjusted,LVA,Latvia,S1,Total economy,S1,Total economy,B1GQ_POP,"Gross domestic product, per capita",_Z,Not applicable,_Z,Not applicable,_Z,Not applicable,USD_PPP_PS,"US dollars per person, PPP converted",V,Current prices,LA,Annual levels,T0102,Table 0102 - GDP identity from the expenditure side,2024-Q3,,44025.3,,,,,,F,Free (free for publication),1,One,A,Normal value,0,Units,USD,US dollar
DATAFLOW,OECD.SDD.NAD:DSD_NAMAIN1@DF_QNA_EXPENDITURE_CAPITA(1.1),Quarterly GDP per capita,I,Q,Quarterly,Y,Calendar and seasonally adjusted,LVA,Latvia,S1,Total economy,S1,Total economy,B1GQ_POP,"Gross domestic product, per capita",_Z,Not applicable,_Z,Not applicable,_Z,Not applicable,USD_PPP_PS,"US dollars per person, PPP converted",V,Current prices,LA,Annual levels,T0102,Table 0102 - GDP identity from the expenditure side,2025-Q4,,47988.1,,,,,,F,Free (free for publication),1,One,A,Normal value,0,Units,USD,US dollar
DATAFLOW,OECD.SDD.NAD:DSD_NAMAIN1@DF_QNA_EXPENDITURE_CAPITA(1.1),Quarterly GDP per capita,I,Q,Quarterly,Y,Calendar and seasonally adjusted,LVA,Latvia,S1,Total economy,S1,Total economy,B1GQ_POP,"Gross domestic product, per capita",_Z,Not applicable,_Z,Not applicable,_Z,Not applicable,USD_PPP_PS,"US dollars per person, PPP converted",V,Current prices,LA,Annual levels,T0102,Table 0102 - GDP identity from the expenditure side,2025-Q2,,46141.7,,,,,,F,Free (free for publication),1,One,A,Normal value,0,Units,USD,US dollar
DATAFLOW,OECD.SDD.NAD:DSD_NAMAIN1@DF_QNA_EXPENDITURE_CAPITA(1.1),Quarterly GDP per capita,I,Q,Quarterly,Y,Calendar and seasonally adjusted,LVA,Latvia,S1,Total economy,S1,Total economy,B1GQ_POP,"Gross domestic product, per capita",_Z,Not applicable,_Z,Not applicable,_Z,Not applicable,USD_PPP_PS,"US dollars per person, PPP converted",V,Current prices,LA,Annual levels,T0102,Table 0102 - GDP identity from the expenditure side,2025-Q1,,45431.9,,,,,,F,Free (free for publication),1,One,A,Normal value,0,Units,USD,US dollar
DATAFLOW,OECD.SDD.NAD:DSD_NAMAIN1@DF_QNA_EXPENDITURE_CAPITA(1.1),Quarterly GDP per capita,I,Q,Quarterly,Y,Calendar and seasonally adjusted,LVA,Latvia,S1,Total economy,S1,Total economy,B1GQ_POP,"Gross domestic product, per capita",_Z,Not applicable,_Z,Not applicable,_Z,Not applicable,USD_PPP_PS,"US dollars per person, PPP converted",LR,Chain linked volume (rebased),LA,Annual levels,T0102,Table 0102 - GDP identity from the expenditure side,2023-Q4,,35600.6,,2020,,,,F,Free (free for publication),1,One,A,Normal value,0,Units,USD,US dollar
DATAFLOW,OECD.SDD.NAD:DSD_NAMAIN1@DF_QNA_EXPENDITURE_CAPITA(1.1),Quarterly GDP per capita,I,Q,Quarterly,Y,Calendar and seasonally adjusted,LVA,Latvia,S1,Total economy,S1,Total economy,B1GQ_POP,"Gross domestic product, per capita",_Z,Not applicable,_Z,Not applicable,_Z,Not applicable,USD_PPP_PS,"US dollars per person, PPP converted",LR,Chain linked volume (rebased),LA,Annual levels,T0102,Table 0102 - GDP identity from the expenditure side,2025-Q4,,37935.5,,2020,,,,F,Free (free for publication),1,One,A,Normal value,0,Units,USD,US dollar
DATAFLOW,OECD.SDD.NAD:DSD_NAMAIN1@DF_QNA_EXPENDITURE_CAPITA(1.1),Quarterly GDP per capita,I,Q,Quarterly,Y,Calendar and seasonally adjusted,LVA,Latvia,S1,Total economy,S1,Total economy,B1GQ_POP,"Gross domestic product, per capita",_Z,Not applicable,_Z,Not applicable,_Z,Not applicable,USD_PPP_PS,"US dollars per person, PPP converted",LR,Chain linked volume (rebased),LA,Annual levels,T0102,Table 0102 - GDP identity from the expenditure side,2024-Q1,,35665.9,,2020,,,,F,Free (free for publication),1,One,A,Normal value,0,Units,USD,US dollar
DATAFLOW,OECD.SDD.NAD:DSD_NAMAIN1@DF_QNA_EXPENDITURE_CAPITA(1.1),Quarterly GDP per capita,I,Q,Quarterly,Y,Calendar and seasonally adjusted,LVA,Latvia,S1,Total economy,S1,Total economy,B1GQ_POP,"Gross domestic product, per capita",_Z,Not applicable,_Z,Not applicable,_Z,Not applicable,USD_PPP_PS,"US dollars per person, PPP converted",LR,Chain linked volume (rebased),LA,Annual levels,T0102,Table 0102 - GDP identity from the expenditure side,2024-Q2,,35971,,2020,,,,F,Free (free for publication),1,One,A,Normal value,0,Units,USD,US dollar
DATAFLOW,OECD.SDD.NAD:DSD_NAMAIN1@DF_QNA_EXPENDITURE_CAPITA(1.1),Quarterly GDP per capita,I,Q,Quarterly,Y,Calendar and seasonally adjusted,LVA,Latvia,S1,Total economy,S1,Total economy,B1GQ_POP,"Gross domestic product, per capita",_Z,Not applicable,_Z,Not applicable,_Z,Not applicable,USD_PPP_PS,"US dollars per person, PPP converted",V,Current prices,LA,Annual levels,T0102,Table 0102 - GDP identity from the expenditure side,2023-Q1,,42325.8,,,,,,F,Free (free for publication),1,One,A,Normal value,0,Units,USD,US dollar
DATAFLOW,OECD.SDD.NAD:DSD_NAMAIN1@DF_QNA_EXPENDITURE_CAPITA(1.1),Quarterly GDP per capita,I,Q,Quarterly,Y,Calendar and seasonally adjusted,LVA,Latvia,S1,Total economy,S1,Total economy,B1GQ_POP,"Gross domestic product, per capita",_Z,Not applicable,_Z,Not applicable,_Z,Not applicable,USD_PPP_PS,"US dollars per person, PPP converted",LR,Chain linked volume (rebased),LA,Annual levels,T0102,Table 0102 - GDP identity from the expenditure side,2025-Q3,,37581.3,,2020,,,,F,Free (free for publication),1,One,A,Normal value,0,Units,USD,US dollar
DATAFLOW,OECD.SDD.NAD:DSD_NAMAIN1@DF_QNA_EXPENDITURE_CAPITA(1.1),Quarterly GDP per capita,I,Q,Quarterly,Y,Calendar and seasonally adjusted,LVA,Latvia,S1,Total economy,S1,Total economy,B1GQ_POP,"Gross domestic product, per capita",_Z,Not applicable,_Z,Not applicable,_Z,Not applicable,USD_PPP_PS,"US dollars per person, PPP converted",LR,Chain linked volume (rebased),LA,Annual levels,T0102,Table 0102 - GDP identity from the expenditure side,2025-Q2,,37069.8,,2020,,,,F,Free (free for publication),1,One,A,Normal value,0,Units,USD,US dollar
DATAFLOW,OECD.SDD.NAD:DSD_NAMAIN1@DF_QNA_EXPENDITURE_CAPITA(1.1),Quarterly GDP per capita,I,Q,Quarterly,Y,Calendar and seasonally adjusted,LVA,Latvia,S1,Total economy,S1,Total economy,B1GQ_POP,"Gross domestic product, per capita",_Z,Not applicable,_Z,Not applicable,_Z,Not applicable,USD_PPP_PS,"US dollars per person, PPP converted",LR,Chain linked volume (rebased),LA,Annual levels,T0102,Table 0102 - GDP identity from the expenditure side,2024-Q3,,36101.4,,2020,,,,F,Free (free for publication),1,One,A,Normal value,0,Units,USD,US dollar
DATAFLOW,OECD.SDD.NAD:DSD_NAMAIN1@DF_QNA_EXPENDITURE_CAPITA(1.1),Quarterly GDP per capita,I,Q,Quarterly,Y,Calendar and seasonally adjusted,LVA,Latvia,S1,Total economy,S1,Total economy,B1GQ_POP,"Gross domestic product, per capita",_Z,Not applicable,_Z,Not applicable,_Z,Not applicable,USD_PPP_PS,"US dollars per person, PPP converted",V,Current prices,LA,Annual levels,T0102,Table 0102 - GDP identity from the expenditure side,2024-Q1,,43362.7,,,,,,F,Free (free for publication),1,One,A,Normal value,0,Units,USD,US dollar
DATAFLOW,OECD.SDD.NAD:DSD_NAMAIN1@DF_QNA_EXPENDITURE_CAPITA(1.1),Quarterly GDP per capita,I,Q,Quarterly,Y,Calendar and seasonally adjusted,LVA,Latvia,S1,Total economy,S1,Total economy,B1GQ_POP,"Gross domestic product, per capita",_Z,Not applicable,_Z,Not applicable,_Z,Not applicable,USD_PPP_PS,"US dollars per person, PPP converted",LR,Chain linked volume (rebased),LA,Annual levels,T0102,Table 0102 - GDP identity from the expenditure side,2023-Q1,,36090.8,,2020,,,,F,Free (free for publication),1,One,A,Normal value,0,Units,USD,US dollar
DATAFLOW,OECD.SDD.NAD:DSD_NAMAIN1@DF_QNA_EXPENDITURE_CAPITA(1.1),Quarterly GDP per capita,I,Q,Quarterly,Y,Calendar and seasonally adjusted,LVA,Latvia,S1,Total economy,S1,Total economy,B1GQ_POP,"Gross domestic product, per capita",_Z,Not applicable,_Z,Not applicable,_Z,Not applicable,USD_PPP_PS,"US dollars per person, PPP converted",LR,Chain linked volume (rebased),LA,Annual levels,T0102,Table 0102 - GDP identity from the expenditure side,2023-Q3,,35718.7,,2020,,,,F,Free (free for publication),1,One,A,Normal value,0,Units,USD,US dollar
DATAFLOW,OECD.SDD.NAD:DSD_NAMAIN1@DF_QNA_EXPENDITURE_CAPITA(1.1),Quarterly GDP per capita,I,Q,Quarterly,Y,Calendar and seasonally adjusted,LVA,Latvia,S1,Total economy,S1,Total economy,B1GQ_POP,"Gross domestic product, per capita",_Z,Not applicable,_Z,Not applicable,_Z,Not applicable,USD_PPP_PS,"US dollars per person, PPP converted",LR,Chain linked volume (rebased),LA,Annual levels,T0102,Table 0102 - GDP identity from the expenditure side,2023-Q2,,35737.1,,2020,,,,F,Free (free for publication),1,One,A,Normal value,0,Units,USD,US dollar
DATAFLOW,OECD.SDD.NAD:DSD_NAMAIN1@DF_QNA_EXPENDITURE_CAPITA(1.1),Quarterly GDP per capita,I,Q,Quarterly,Y,Calendar and seasonally adjusted,LVA,Latvia,S1,Total economy,S1,Total economy,B1GQ_POP,"Gross domestic product, per capita",_Z,Not applicable,_Z,Not applicable,_Z,Not applicable,USD_PPP_PS,"US dollars per person, PPP converted",V,Current prices,LA,Annual levels,T0102,Table 0102 - GDP identity from the expenditure side,2023-Q4,,43135.5,,,,,,F,Free (free for publication),1,One,A,Normal value,0,Units,USD,US dollar
DATAFLOW,OECD.SDD.NAD:DSD_NAMAIN1@DF_QNA_EXPENDITURE_CAPITA(1.1),Quarterly GDP per capita,I,Q,Quarterly,Y,Calendar and seasonally adjusted,FRA,France,S1,Total economy,S1,Total economy,B1GQ_POP,"Gross domestic product, per capita",_Z,Not applicable,_Z,Not applicable,_Z,Not applicable,USD_PPP_PS,"US dollars per person, PPP converted",V,Current prices,LA,Annual levels,T0102,Table 0102 - GDP identity from the expenditure side,2025-Q3,,64887.1,,,,,,F,Free (free for publication),1,One,A,Normal value,0,Units,USD,US dollar
DATAFLOW,OECD.SDD.NAD:DSD_NAMAIN1@DF_QNA_EXPENDITURE_CAPITA(1.1),Quarterly GDP per capita,I,Q,Quarterly,Y,Calendar and seasonally adjusted,FRA,France,S1,Total economy,S1,Total economy,B1GQ_POP,"Gross domestic product, per capita",_Z,Not applicable,_Z,Not applicable,_Z,Not applicable,USD_PPP_PS,"US dollars per person, PPP converted",V,Current prices,LA,Annual levels,T0102,Table 0102 - GDP identity from the expenditure side,2025-Q2,,64047.9,,,,,,F,Free (free for publication),1,One,A,Normal value,0,Units,USD,US dollar
DATAFLOW,OECD.SDD.NAD:DSD_NAMAIN1@DF_QNA_EXPENDITURE_CAPITA(1.1),Quarterly GDP per capita,I,Q,Quarterly,Y,Calendar and seasonally adjusted,FRA,France,S1,Total economy,S1,Total economy,B1GQ_POP,"Gross domestic product, per capita",_Z,Not applicable,_Z,Not applicable,_Z,Not applicable,USD_PPP_PS,"US dollars per person, PPP converted",V,Current prices,LA,Annual levels,T0102,Table 0102 - GDP identity from the expenditure side,2025-Q1,,63637.1,,,,,,F,Free (free for publication),1,One,A,Normal value,0,Units,USD,US dollar
DATAFLOW,OECD.SDD.NAD:DSD_NAMAIN1@DF_QNA_EXPENDITURE_CAPITA(1.1),Quarterly GDP per capita,I,Q,Quarterly,Y,Calendar and seasonally adjusted,FRA,France,S1,Total economy,S1,Total economy,B1GQ_POP,"Gross domestic product, per capita",_Z,Not applicable,_Z,Not applicable,_Z,Not applicable,USD_PPP_PS,"US dollars per person, PPP converted",V,Current prices,LA,Annual levels,T0102,Table 0102 - GDP identity from the expenditure side,2024-Q4,,63035,,,,,,F,Free (free for publication),1,One,A,Normal value,0,Units,USD,US dollar
DATAFLOW,OECD.SDD.NAD:DSD_NAMAIN1@DF_QNA_EXPENDITURE_CAPITA(1.1),Quarterly GDP per capita,I,Q,Quarterly,Y,Calendar and seasonally adjusted,FRA,France,S1,Total economy,S1,Total economy,B1GQ_POP,"Gross domestic product, per capita",_Z,Not applicable,_Z,Not applicable,_Z,Not applicable,USD_PPP_PS,"US dollars per person, PPP converted",V,Current prices,LA,Annual levels,T0102,Table 0102 - GDP identity from the expenditure side,2024-Q3,,62813,,,,,,F,Free (free for publication),1,One,A,Normal value,0,Units,USD,US dollar
DATAFLOW,OECD.SDD.NAD:DSD_NAMAIN1@DF_QNA_EXPENDITURE_CAPITA(1.1),Quarterly GDP per capita,I,Q,Quarterly,Y,Calendar and seasonally adjusted,FRA,France,S1,Total economy,S1,Total economy,B1GQ_POP,"Gross domestic product, per capita",_Z,Not applicable,_Z,Not applicable,_Z,Not applicable,USD_PPP_PS,"US dollars per person, PPP converted",V,Current prices,LA,Annual levels,T0102,Table 0102 - GDP identity from the expenditure side,2023-Q3,,61589.1,,,,,,F,Free (free for publication),1,One,A,Normal value,0,Units,USD,US dollar
DATAFLOW,OECD.SDD.NAD:DSD_NAMAIN1@DF_QNA_EXPENDITURE_CAPITA(1.1),Quarterly GDP per capita,I,Q,Quarterly,Y,Calendar and seasonally adjusted,FRA,France,S1,Total economy,S1,Total economy,B1GQ_POP,"Gross domestic product, per capita",_Z,Not applicable,_Z,Not applicable,_Z,Not applicable,USD_PPP_PS,"US dollars per person, PPP converted",LR,Chain linked volume (rebased),LA,Annual levels,T0102,Table 0102 - GDP identity from the expenditure side,2024-Q2,,55079.3,,2020,,,,F,Free (free for publication),1,One,A,Normal value,0,Units,USD,US dollar
DATAFLOW,OECD.SDD.NAD:DSD_NAMAIN1@DF_QNA_EXPENDITURE_CAPITA(1.1),Quarterly GDP per capita,I,Q,Quarterly,Y,Calendar and seasonally adjusted,FRA,France,S1,Total economy,S1,Total economy,B1GQ_POP,"Gross domestic product, per capita",_Z,Not applicable,_Z,Not applicable,_Z,Not applicable,USD_PPP_PS,"US dollars per person, PPP converted",LR,Chain linked volume (rebased),LA,Annual levels,T0102,Table 0102 - GDP identity from the expenditure side,2024-Q1,,54963.7,,2020,,,,F,Free (free for publication),1,One,A,Normal value,0,Units,USD,US dollar
DATAFLOW,OECD.SDD.NAD:DSD_NAMAIN1@DF_QNA_EXPENDITURE_CAPITA(1.1),Quarterly GDP per capita,I,Q,Quarterly,Y,Calendar and seasonally adjusted,FRA,France,S1,Total economy,S1,Total economy,B1GQ_POP,"Gross domestic product, per capita",_Z,Not applicable,_Z,Not applicable,_Z,Not applicable,USD_PPP_PS,"US dollars per person, PPP converted",LR,Chain linked volume (rebased),LA,Annual levels,T0102,Table 0102 - GDP identity from the expenditure side,2023-Q4,,54898.4,,2020,,,,F,Free (free for publication),1,One,A,Normal value,0,Units,USD,US dollar
DATAFLOW,OECD.SDD.NAD:DSD_NAMAIN1@DF_QNA_EXPENDITURE_CAPITA(1.1),Quarterly GDP per capita,I,Q,Quarterly,Y,Calendar and seasonally adjusted,DNK,Denmark,S1,Total economy,S1,Total economy,B1GQ_POP,"Gross domestic product, per capita",_Z,Not applicable,_Z,Not applicable,_Z,Not applicable,USD_PPP_PS,"US dollars per person, PPP converted",LR,Chain linked volume (rebased),LA,Annual levels,T0102,Table 0102 - GDP identity from the expenditure side,2025-Q3,,70625.1,,2020,,,,F,Free (free for publication),1,One,A,Normal value,0,Units,USD,US dollar
DATAFLOW,OECD.SDD.NAD:DSD_NAMAIN1@DF_QNA_EXPENDITURE_CAPITA(1.1),Quarterly GDP per capita,I,Q,Quarterly,Y,Calendar and seasonally adjusted,DNK,Denmark,S1,Total economy,S1,Total economy,B1GQ_POP,"Gross domestic product, per capita",_Z,Not applicable,_Z,Not applicable,_Z,Not applicable,USD_PPP_PS,"US dollars per person, PPP converted",LR,Chain linked volume (rebased),LA,Annual levels,T0102,Table 0102 - GDP identity from the expenditure side,2025-Q2,,69066.1,,2020,,,,F,Free (free for publication),1,One,A,Normal value,0,Units,USD,US dollar
DATAFLOW,OECD.SDD.NAD:DSD_NAMAIN1@DF_QNA_EXPENDITURE_CAPITA(1.1),Quarterly GDP per capita,I,Q,Quarterly,Y,Calendar and seasonally adjusted,DNK,Denmark,S1,Total economy,S1,Total economy,B1GQ_POP,"Gross domestic product, per capita",_Z,Not applicable,_Z,Not applicable,_Z,Not applicable,USD_PPP_PS,"US dollars per person, PPP converted",LR,Chain linked volume (rebased),LA,Annual levels,T0102,Table 0102 - GDP identity from the expenditure side,2024-Q4,,68970.3,,2020,,,,F,Free (free for publication),1,One,A,Normal value,0,Units,USD,US dollar
DATAFLOW,OECD.SDD.NAD:DSD_NAMAIN1@DF_QNA_EXPENDITURE_CAPITA(1.1),Quarterly GDP per capita,I,Q,Quarterly,Y,Calendar and seasonally adjusted,DNK,Denmark,S1,Total economy,S1,Total economy,B1GQ_POP,"Gross domestic product, per capita",_Z,Not applicable,_Z,Not applicable,_Z,Not applicable,USD_PPP_PS,"US dollars per person, PPP converted",LR,Chain linked volume (rebased),LA,Annual levels,T0102,Table 0102 - GDP identity from the expenditure side,2024-Q3,,68337.1,,2020,,,,F,Free (free for publication),1,One,A,Normal value,0,Units,USD,US dollar
DATAFLOW,OECD.SDD.NAD:DSD_NAMAIN1@DF_QNA_EXPENDITURE_CAPITA(1.1),Quarterly GDP per capita,I,Q,Quarterly,Y,Calendar and seasonally adjusted,DNK,Denmark,S1,Total economy,S1,Total economy,B1GQ_POP,"Gross domestic product, per capita",_Z,Not applicable,_Z,Not applicable,_Z,Not applicable,USD_PPP_PS,"US dollars per person, PPP converted",V,Current prices,LA,Annual levels,T0102,Table 0102 - GDP identity from the expenditure side,2023-Q1,,79112.2,,,,,,F,Free (free for publication),1,One,A,Normal value,0,Units,USD,US dollar
DATAFLOW,OECD.SDD.NAD:DSD_NAMAIN1@DF_QNA_EXPENDITURE_CAPITA(1.1),Quarterly GDP per capita,I,Q,Quarterly,Y,Calendar and seasonally adjusted,DNK,Denmark,S1,Total economy,S1,Total economy,B1GQ_POP,"Gross domestic product, per capita",_Z,Not applicable,_Z,Not applicable,_Z,Not applicable,USD_PPP_PS,"US dollars per person, PPP converted",LR,Chain linked volume (rebased),LA,Annual levels,T0102,Table 0102 - GDP identity from the expenditure side,2023-Q3,,65465.1,,2020,,,,F,Free (free for publication),1,One,A,Normal value,0,Units,USD,US dollar
DATAFLOW,OECD.SDD.NAD:DSD_NAMAIN1@DF_QNA_EXPENDITURE_CAPITA(1.1),Quarterly GDP per capita,I,Q,Quarterly,Y,Calendar and seasonally adjusted,DNK,Denmark,S1,Total economy,S1,Total economy,B1GQ_POP,"Gross domestic product, per capita",_Z,Not applicable,_Z,Not applicable,_Z,Not applicable,USD_PPP_PS,"US dollars per person, PPP converted",LR,Chain linked volume (rebased),LA,Annual levels,T0102,Table 0102 - GDP identity from the expenditure side,2023-Q2,,65687.6,,2020,,,,F,Free (free for publication),1,One,A,Normal value,0,Units,USD,US dollar
DATAFLOW,OECD.SDD.NAD:DSD_NAMAIN1@DF_QNA_EXPENDITURE_CAPITA(1.1),Quarterly GDP per capita,I,Q,Quarterly,Y,Calendar and seasonally adjusted,DNK,Denmark,S1,Total economy,S1,Total economy,B1GQ_POP,"Gross domestic product, per capita",_Z,Not applicable,_Z,Not applicable,_Z,Not applicable,USD_PPP_PS,"US dollars per person, PPP converted",LR,Chain linked volume (rebased),LA,Annual levels,T0102,Table 0102 - GDP identity from the expenditure side,2023-Q1,,66756.9,,2020,,,,F,Free (free for publication),1,One,A,Normal value,0,Units,USD,US dollar
DATAFLOW,OECD.SDD.NAD:DSD_NAMAIN1@DF_QNA_EXPENDITURE_CAPITA(1.1),Quarterly GDP per capita,I,Q,Quarterly,Y,Calendar and seasonally adjusted,ITA,Italy,S1,Total economy,S1,Total economy,B1GQ_POP,"Gross domestic product, per capita",_Z,Not applicable,_Z,Not applicable,_Z,Not applicable,USD_PPP_PS,"US dollars per person, PPP converted",LR,Chain linked volume (rebased),LA,Annual levels,T0102,Table 0102 - GDP identity from the expenditure side,2024-Q4,,52026.6,,2020,,,,F,Free (free for publication),1,One,A,Normal value,0,Units,USD,US dollar
DATAFLOW,OECD.SDD.NAD:DSD_NAMAIN1@DF_QNA_EXPENDITURE_CAPITA(1.1),Quarterly GDP per capita,I,Q,Quarterly,Y,Calendar and seasonally adjusted,SVN,Slovenia,S1,Total economy,S1,Total economy,B1GQ_POP,"Gross domestic product, per capita",_Z,Not applicable,_Z,Not applicable,_Z,Not applicable,USD_PPP_PS,"US dollars per person, PPP converted",V,Current prices,LA,Annual levels,T0102,Table 0102 - GDP identity from the expenditure side,2023-Q1,,55322.2,,,,,,F,Free (free for publication),1,One,A,Normal value,0,Units,USD,US dollar
DATAFLOW,OECD.SDD.NAD:DSD_NAMAIN1@DF_QNA_EXPENDITURE_CAPITA(1.1),Quarterly GDP per capita,I,Q,Quarterly,Y,Calendar and seasonally adjusted,SVN,Slovenia,S1,Total economy,S1,Total economy,B1GQ_POP,"Gross domestic product, per capita",_Z,Not applicable,_Z,Not applicable,_Z,Not applicable,USD_PPP_PS,"US dollars per person, PPP converted",LR,Chain linked volume (rebased),LA,Annual levels,T0102,Table 0102 - GDP identity from the expenditure side,2025-Q1,,47648.8,,2020,,,,F,Free (free for publication),1,One,A,Normal value,0,Units,USD,US dollar
DATAFLOW,OECD.SDD.NAD:DSD_NAMAIN1@DF_QNA_EXPENDITURE_CAPITA(1.1),Quarterly GDP per capita,I,Q,Quarterly,Y,Calendar and seasonally adjusted,SVN,Slovenia,S1,Total economy,S1,Total economy,B1GQ_POP,"Gross domestic product, per capita",_Z,Not applicable,_Z,Not applicable,_Z,Not applicable,USD_PPP_PS,"US dollars per person, PPP converted",LR,Chain linked volume (rebased),LA,Annual levels,T0102,Table 0102 - GDP identity from the expenditure side,2024-Q4,,48053.6,,2020,,,,F,Free (free for publication),1,One,A,Normal value,0,Units,USD,US dollar
DATAFLOW,OECD.SDD.NAD:DSD_NAMAIN1@DF_QNA_EXPENDITURE_CAPITA(1.1),Quarterly GDP per capita,I,Q,Quarterly,Y,Calendar and seasonally adjusted,SVN,Slovenia,S1,Total economy,S1,Total economy,B1GQ_POP,"Gross domestic product, per capita",_Z,Not applicable,_Z,Not applicable,_Z,Not applicable,USD_PPP_PS,"US dollars per person, PPP converted",LR,Chain linked volume (rebased),LA,Annual levels,T0102,Table 0102 - GDP identity from the expenditure side,2024-Q3,,47805.1,,2020,,,,F,Free (free for publication),1,One,A,Normal value,0,Units,USD,US dollar
DATAFLOW,OECD.SDD.NAD:DSD_NAMAIN1@DF_QNA_EXPENDITURE_CAPITA(1.1),Quarterly GDP per capita,I,Q,Quarterly,Y,Calendar and seasonally adjusted,SVN,Slovenia,S1,Total economy,S1,Total economy,B1GQ_POP,"Gross domestic product, per capita",_Z,Not applicable,_Z,Not applicable,_Z,Not applicable,USD_PPP_PS,"US dollars per person, PPP converted",LR,Chain linked volume (rebased),LA,Annual levels,T0102,Table 0102 - GDP identity from the expenditure side,2024-Q2,,47775.7,,2020,,,,F,Free (free for publication),1,One,A,Normal value,0,Units,USD,US dollar
DATAFLOW,OECD.SDD.NAD:DSD_NAMAIN1@DF_QNA_EXPENDITURE_CAPITA(1.1),Quarterly GDP per capita,I,Q,Quarterly,Y,Calendar and seasonally adjusted,SVN,Slovenia,S1,Total economy,S1,Total economy,B1GQ_POP,"Gross domestic product, per capita",_Z,Not applicable,_Z,Not applicable,_Z,Not applicable,USD_PPP_PS,"US dollars per person, PPP converted",LR,Chain linked volume (rebased),LA,Annual levels,T0102,Table 0102 - GDP identity from the expenditure side,2024-Q1,,48072.3,,2020,,,,F,Free (free for publication),1,One,A,Normal value,0,Units,USD,US dollar
DATAFLOW,OECD.SDD.NAD:DSD_NAMAIN1@DF_QNA_EXPENDITURE_CAPITA(1.1),Quarterly GDP per capita,I,Q,Quarterly,Y,Calendar and seasonally adjusted,SVN,Slovenia,S1,Total economy,S1,Total economy,B1GQ_POP,"Gross domestic product, per capita",_Z,Not applicable,_Z,Not applicable,_Z,Not applicable,USD_PPP_PS,"US dollars per person, PPP converted",LR,Chain linked volume (rebased),LA,Annual levels,T0102,Table 0102 - GDP identity from the expenditure side,2023-Q4,,47629.9,,2020,,,,F,Free (free for publication),1,One,A,Normal value,0,Units,USD,US dollar
DATAFLOW,OECD.SDD.NAD:DSD_NAMAIN1@DF_QNA_EXPENDITURE_CAPITA(1.1),Quarterly GDP per capita,I,Q,Quarterly,Y,Calendar and seasonally adjusted,SVN,Slovenia,S1,Total economy,S1,Total economy,B1GQ_POP,"Gross domestic product, per capita",_Z,Not applicable,_Z,Not applicable,_Z,Not applicable,USD_PPP_PS,"US dollars per person, PPP converted",LR,Chain linked volume (rebased),LA,Annual levels,T0102,Table 0102 - GDP identity from the expenditure side,2023-Q3,,47269.2,,2020,,,,F,Free (free for publication),1,One,A,Normal value,0,Units,USD,US dollar
DATAFLOW,OECD.SDD.NAD:DSD_NAMAIN1@DF_QNA_EXPENDITURE_CAPITA(1.1),Quarterly GDP per capita,I,Q,Quarterly,Y,Calendar and seasonally adjusted,SVN,Slovenia,S1,Total economy,S1,Total economy,B1GQ_POP,"Gross domestic product, per capita",_Z,Not applicable,_Z,Not applicable,_Z,Not applicable,USD_PPP_PS,"US dollars per person, PPP converted",LR,Chain linked volume (rebased),LA,Annual levels,T0102,Table 0102 - GDP identity from the expenditure side,2023-Q2,,47355.7,,2020,,,,F,Free (free for publication),1,One,A,Normal value,0,Units,USD,US dollar
DATAFLOW,OECD.SDD.NAD:DSD_NAMAIN1@DF_QNA_EXPENDITURE_CAPITA(1.1),Quarterly GDP per capita,I,Q,Quarterly,Y,Calendar and seasonally adjusted,SVN,Slovenia,S1,Total economy,S1,Total economy,B1GQ_POP,"Gross domestic product, per capita",_Z,Not applicable,_Z,Not applicable,_Z,Not applicable,USD_PPP_PS,"US dollars per person, PPP converted",LR,Chain linked volume (rebased),LA,Annual levels,T0102,Table 0102 - GDP identity from the expenditure side,2023-Q1,,46761.5,,2020,,,,F,Free (free for publication),1,One,A,Normal value,0,Units,USD,US dollar
DATAFLOW,OECD.SDD.NAD:DSD_NAMAIN1@DF_QNA_EXPENDITURE_CAPITA(1.1),Quarterly GDP per capita,I,Q,Quarterly,Y,Calendar and seasonally adjusted,SVN,Slovenia,S1,Total economy,S1,Total economy,B1GQ_POP,"Gross domestic product, per capita",_Z,Not applicable,_Z,Not applicable,_Z,Not applicable,USD_PPP_PS,"US dollars per person, PPP converted",LR,Chain linked volume (rebased),LA,Annual levels,T0102,Table 0102 - GDP identity from the expenditure side,2025-Q4,,48712.3,,2020,,,,F,Free (free for publication),1,One,A,Normal value,0,Units,USD,US dollar
DATAFLOW,OECD.SDD.NAD:DSD_NAMAIN1@DF_QNA_EXPENDITURE_CAPITA(1.1),Quarterly GDP per capita,I,Q,Quarterly,Y,Calendar and seasonally adjusted,SVN,Slovenia,S1,Total economy,S1,Total economy,B1GQ_POP,"Gross domestic product, per capita",_Z,Not applicable,_Z,Not applicable,_Z,Not applicable,USD_PPP_PS,"US dollars per person, PPP converted",LR,Chain linked volume (rebased),LA,Annual levels,T0102,Table 0102 - GDP identity from the expenditure side,2025-Q3,,48552.1,,2020,,,,F,Free (free for publication),1,One,A,Normal value,0,Units,USD,US dollar
DATAFLOW,OECD.SDD.NAD:DSD_NAMAIN1@DF_QNA_EXPENDITURE_CAPITA(1.1),Quarterly GDP per capita,I,Q,Quarterly,Y,Calendar and seasonally adjusted,SVN,Slovenia,S1,Total economy,S1,Total economy,B1GQ_POP,"Gross domestic product, per capita",_Z,Not applicable,_Z,Not applicable,_Z,Not applicable,USD_PPP_PS,"US dollars per person, PPP converted",LR,Chain linked volume (rebased),LA,Annual levels,T0102,Table 0102 - GDP identity from the expenditure side,2025-Q2,,48092.1,,2020,,,,F,Free (free for publication),1,One,A,Normal value,0,Units,USD,US dollar
DATAFLOW,OECD.SDD.NAD:DSD_NAMAIN1@DF_QNA_EXPENDITURE_CAPITA(1.1),Quarterly GDP per capita,I,Q,Quarterly,Y,Calendar and seasonally adjusted,SVN,Slovenia,S1,Total economy,S1,Total economy,B1GQ_POP,"Gross domestic product, per capita",_Z,Not applicable,_Z,Not applicable,_Z,Not applicable,USD_PPP_PS,"US dollars per person, PPP converted",V,Current prices,LA,Annual levels,T0102,Table 0102 - GDP identity from the expenditure side,2025-Q4,,61148.1,,,,,,F,Free (free for publication),1,One,A,Normal value,0,Units,USD,US dollar
DATAFLOW,OECD.SDD.NAD:DSD_NAMAIN1@DF_QNA_EXPENDITURE_CAPITA(1.1),Quarterly GDP per capita,I,Q,Quarterly,Y,Calendar and seasonally adjusted,SVK,Slovak Republic,S1,Total economy,S1,Total economy,B1GQ_POP,"Gross domestic product, per capita",_Z,Not applicable,_Z,Not applicable,_Z,Not applicable,USD_PPP_PS,"US dollars per person, PPP converted",V,Current prices,LA,Annual levels,T0102,Table 0102 - GDP identity from the expenditure side,2025-Q2,,48869.5,,,,,,F,Free (free for publication),1,One,A,Normal value,0,Units,USD,US dollar
DATAFLOW,OECD.SDD.NAD:DSD_NAMAIN1@DF_QNA_EXPENDITURE_CAPITA(1.1),Quarterly GDP per capita,I,Q,Quarterly,Y,Calendar and seasonally adjusted,SVK,Slovak Republic,S1,Total economy,S1,Total economy,B1GQ_POP,"Gross domestic product, per capita",_Z,Not applicable,_Z,Not applicable,_Z,Not applicable,USD_PPP_PS,"US dollars per person, PPP converted",V,Current prices,LA,Annual levels,T0102,Table 0102 - GDP identity from the expenditure side,2025-Q1,,48386.8,,,,,,F,Free (free for publication),1,One,A,Normal value,0,Units,USD,US dollar
DATAFLOW,OECD.SDD.NAD:DSD_NAMAIN1@DF_QNA_EXPENDITURE_CAPITA(1.1),Quarterly GDP per capita,I,Q,Quarterly,Y,Calendar and seasonally adjusted,SVK,Slovak Republic,S1,Total economy,S1,Total economy,B1GQ_POP,"Gross domestic product, per capita",_Z,Not applicable,_Z,Not applicable,_Z,Not applicable,USD_PPP_PS,"US dollars per person, PPP converted",V,Current prices,LA,Annual levels,T0102,Table 0102 - GDP identity from the expenditure side,2024-Q4,,47975.8,,,,,,F,Free (free for publication),1,One,A,Normal value,0,Units,USD,US dollar
DATAFLOW,OECD.SDD.NAD:DSD_NAMAIN1@DF_QNA_EXPENDITURE_CAPITA(1.1),Quarterly GDP per capita,I,Q,Quarterly,Y,Calendar and seasonally adjusted,SVK,Slovak Republic,S1,Total economy,S1,Total economy,B1GQ_POP,"Gross domestic product, per capita",_Z,Not applicable,_Z,Not applicable,_Z,Not applicable,USD_PPP_PS,"US dollars per person, PPP converted",V,Current prices,LA,Annual levels,T0102,Table 0102 - GDP identity from the expenditure side,2024-Q2,,47408.3,,,,,,F,Free (free for publication),1,One,A,Normal value,0,Units,USD,US dollar
DATAFLOW,OECD.SDD.NAD:DSD_NAMAIN1@DF_QNA_EXPENDITURE_CAPITA(1.1),Quarterly GDP per capita,I,Q,Quarterly,Y,Calendar and seasonally adjusted,SVK,Slovak Republic,S1,Total economy,S1,Total economy,B1GQ_POP,"Gross domestic product, per capita",_Z,Not applicable,_Z,Not applicable,_Z,Not applicable,USD_PPP_PS,"US dollars per person, PPP converted",V,Current prices,LA,Annual levels,T0102,Table 0102 - GDP identity from the expenditure side,2024-Q1,,47151.3,,,,,,F,Free (free for publication),1,One,A,Normal value,0,Units,USD,US dollar
DATAFLOW,OECD.SDD.NAD:DSD_NAMAIN1@DF_QNA_EXPENDITURE_CAPITA(1.1),Quarterly GDP per capita,I,Q,Quarterly,Y,Calendar and seasonally adjusted,SVK,Slovak Republic,S1,Total economy,S1,Total economy,B1GQ_POP,"Gross domestic product, per capita",_Z,Not applicable,_Z,Not applicable,_Z,Not applicable,USD_PPP_PS,"US dollars per person, PPP converted",V,Current prices,LA,Annual levels,T0102,Table 0102 - GDP identity from the expenditure side,2023-Q1,,44172.7,,,,,,F,Free (free for publication),1,One,A,Normal value,0,Units,USD,US dollar
DATAFLOW,OECD.SDD.NAD:DSD_NAMAIN1@DF_QNA_EXPENDITURE_CAPITA(1.1),Quarterly GDP per capita,I,Q,Quarterly,Y,Calendar and seasonally adjusted,SVK,Slovak Republic,S1,Total economy,S1,Total economy,B1GQ_POP,"Gross domestic product, per capita",_Z,Not applicable,_Z,Not applicable,_Z,Not applicable,USD_PPP_PS,"US dollars per person, PPP converted",V,Current prices,LA,Annual levels,T0102,Table 0102 - GDP identity from the expenditure side,2023-Q3,,46260.1,,,,,,F,Free (free for publication),1,One,A,Normal value,0,Units,USD,US dollar
DATAFLOW,OECD.SDD.NAD:DSD_NAMAIN1@DF_QNA_EXPENDITURE_CAPITA(1.1),Quarterly GDP per capita,I,Q,Quarterly,Y,Calendar and seasonally adjusted,SVK,Slovak Republic,S1,Total economy,S1,Total economy,B1GQ_POP,"Gross domestic product, per capita",_Z,Not applicable,_Z,Not applicable,_Z,Not applicable,USD_PPP_PS,"US dollars per person, PPP converted",V,Current prices,LA,Annual levels,T0102,Table 0102 - GDP identity from the expenditure side,2023-Q2,,45250.3,,,,,,F,Free (free for publication),1,One,A,Normal value,0,Units,USD,US dollar
DATAFLOW,OECD.SDD.NAD:DSD_NAMAIN1@DF_QNA_EXPENDITURE_CAPITA(1.1),Quarterly GDP per capita,I,Q,Quarterly,Y,Calendar and seasonally adjusted,SVK,Slovak Republic,S1,Total economy,S1,Total economy,B1GQ_POP,"Gross domestic product, per capita",_Z,Not applicable,_Z,Not applicable,_Z,Not applicable,USD_PPP_PS,"US dollars per person, PPP converted",LR,Chain linked volume (rebased),LA,Annual levels,T0102,Table 0102 - GDP identity from the expenditure side,2024-Q4,,39194.4,,2020,,,,F,Free (free for publication),1,One,A,Normal value,0,Units,USD,US dollar
DATAFLOW,OECD.SDD.NAD:DSD_NAMAIN1@DF_QNA_EXPENDITURE_CAPITA(1.1),Quarterly GDP per capita,I,Q,Quarterly,Y,Calendar and seasonally adjusted,SVK,Slovak Republic,S1,Total economy,S1,Total economy,B1GQ_POP,"Gross domestic product, per capita",_Z,Not applicable,_Z,Not applicable,_Z,Not applicable,USD_PPP_PS,"US dollars per person, PPP converted",LR,Chain linked volume (rebased),LA,Annual levels,T0102,Table 0102 - GDP identity from the expenditure side,2024-Q3,,39086,,2020,,,,F,Free (free for publication),1,One,A,Normal value,0,Units,USD,US dollar
DATAFLOW,OECD.SDD.NAD:DSD_NAMAIN1@DF_QNA_EXPENDITURE_CAPITA(1.1),Quarterly GDP per capita,I,Q,Quarterly,Y,Calendar and seasonally adjusted,SVK,Slovak Republic,S1,Total economy,S1,Total economy,B1GQ_POP,"Gross domestic product, per capita",_Z,Not applicable,_Z,Not applicable,_Z,Not applicable,USD_PPP_PS,"US dollars per person, PPP converted",LR,Chain linked volume (rebased),LA,Annual levels,T0102,Table 0102 - GDP identity from the expenditure side,2024-Q2,,39041.2,,2020,,,,F,Free (free for publication),1,One,A,Normal value,0,Units,USD,US dollar
DATAFLOW,OECD.SDD.NAD:DSD_NAMAIN1@DF_QNA_EXPENDITURE_CAPITA(1.1),Quarterly GDP per capita,I,Q,Quarterly,Y,Calendar and seasonally adjusted,SVK,Slovak Republic,S1,Total economy,S1,Total economy,B1GQ_POP,"Gross domestic product, per capita",_Z,Not applicable,_Z,Not applicable,_Z,Not applicable,USD_PPP_PS,"US dollars per person, PPP converted",LR,Chain linked volume (rebased),LA,Annual levels,T0102,Table 0102 - GDP identity from the expenditure side,2023-Q4,,38710.6,,2020,,,,F,Free (free for publication),1,One,A,Normal value,0,Units,USD,US dollar
DATAFLOW,OECD.SDD.NAD:DSD_NAMAIN1@DF_QNA_EXPENDITURE_CAPITA(1.1),Quarterly GDP per capita,I,Q,Quarterly,Y,Calendar and seasonally adjusted,SVK,Slovak Republic,S1,Total economy,S1,Total economy,B1GQ_POP,"Gross domestic product, per capita",_Z,Not applicable,_Z,Not applicable,_Z,Not applicable,USD_PPP_PS,"US dollars per person, PPP converted",LR,Chain linked volume (rebased),LA,Annual levels,T0102,Table 0102 - GDP identity from the expenditure side,2023-Q2,,38224.6,,2020,,,,F,Free (free for publication),1,One,A,Normal value,0,Units,USD,US dollar
DATAFLOW,OECD.SDD.NAD:DSD_NAMAIN1@DF_QNA_EXPENDITURE_CAPITA(1.1),Quarterly GDP per capita,I,Q,Quarterly,Y,Calendar and seasonally adjusted,SVK,Slovak Republic,S1,Total economy,S1,Total economy,B1GQ_POP,"Gross domestic product, per capita",_Z,Not applicable,_Z,Not applicable,_Z,Not applicable,USD_PPP_PS,"US dollars per person, PPP converted",LR,Chain linked volume (rebased),LA,Annual levels,T0102,Table 0102 - GDP identity from the expenditure side,2023-Q1,,37867.6,,2020,,,,F,Free (free for publication),1,One,A,Normal value,0,Units,USD,US dollar
DATAFLOW,OECD.SDD.NAD:DSD_NAMAIN1@DF_QNA_EXPENDITURE_CAPITA(1.1),Quarterly GDP per capita,I,Q,Quarterly,Y,Calendar and seasonally adjusted,SVK,Slovak Republic,S1,Total economy,S1,Total economy,B1GQ_POP,"Gross domestic product, per capita",_Z,Not applicable,_Z,Not applicable,_Z,Not applicable,USD_PPP_PS,"US dollars per person, PPP converted",V,Current prices,LA,Annual levels,T0102,Table 0102 - GDP identity from the expenditure side,2023-Q4,,46721.5,,,,,,F,Free (free for publication),1,One,A,Normal value,0,Units,USD,US dollar
DATAFLOW,OECD.SDD.NAD:DSD_NAMAIN1@DF_QNA_EXPENDITURE_CAPITA(1.1),Quarterly GDP per capita,I,Q,Quarterly,Y,Calendar and seasonally adjusted,SVK,Slovak Republic,S1,Total economy,S1,Total economy,B1GQ_POP,"Gross domestic product, per capita",_Z,Not applicable,_Z,Not applicable,_Z,Not applicable,USD_PPP_PS,"US dollars per person, PPP converted",LR,Chain linked volume (rebased),LA,Annual levels,T0102,Table 0102 - GDP identity from the expenditure side,2024-Q1,,38937.7,,2020,,,,F,Free (free for publication),1,One,A,Normal value,0,Units,USD,US dollar
DATAFLOW,OECD.SDD.NAD:DSD_NAMAIN1@DF_QNA_EXPENDITURE_CAPITA(1.1),Quarterly GDP per capita,I,Q,Quarterly,Y,Calendar and seasonally adjusted,SVK,Slovak Republic,S1,Total economy,S1,Total economy,B1GQ_POP,"Gross domestic product, per capita",_Z,Not applicable,_Z,Not applicable,_Z,Not applicable,USD_PPP_PS,"US dollars per person, PPP converted",LR,Chain linked volume (rebased),LA,Annual levels,T0102,Table 0102 - GDP identity from the expenditure side,2025-Q4,,39556.1,,2020,,,,F,Free (free for publication),1,One,A,Normal value,0,Units,USD,US dollar
DATAFLOW,OECD.SDD.NAD:DSD_NAMAIN1@DF_QNA_EXPENDITURE_CAPITA(1.1),Quarterly GDP per capita,I,Q,Quarterly,Y,Calendar and seasonally adjusted,SVK,Slovak Republic,S1,Total economy,S1,Total economy,B1GQ_POP,"Gross domestic product, per capita",_Z,Not applicable,_Z,Not applicable,_Z,Not applicable,USD_PPP_PS,"US dollars per person, PPP converted",LR,Chain linked volume (rebased),LA,Annual levels,T0102,Table 0102 - GDP identity from the expenditure side,2025-Q3,,39450,,2020,,,,F,Free (free for publication),1,One,A,Normal value,0,Units,USD,US dollar
DATAFLOW,OECD.SDD.NAD:DSD_NAMAIN1@DF_QNA_EXPENDITURE_CAPITA(1.1),Quarterly GDP per capita,I,Q,Quarterly,Y,Calendar and seasonally adjusted,SVK,Slovak Republic,S1,Total economy,S1,Total economy,B1GQ_POP,"Gross domestic product, per capita",_Z,Not applicable,_Z,Not applicable,_Z,Not applicable,USD_PPP_PS,"US dollars per person, PPP converted",LR,Chain linked volume (rebased),LA,Annual levels,T0102,Table 0102 - GDP identity from the expenditure side,2025-Q2,,39333.9,,2020,,,,F,Free (free for publication),1,One,A,Normal value,0,Units,USD,US dollar
DATAFLOW,OECD.SDD.NAD:DSD_NAMAIN1@DF_QNA_EXPENDITURE_CAPITA(1.1),Quarterly GDP per capita,I,Q,Quarterly,Y,Calendar and seasonally adjusted,SVK,Slovak Republic,S1,Total economy,S1,Total economy,B1GQ_POP,"Gross domestic product, per capita",_Z,Not applicable,_Z,Not applicable,_Z,Not applicable,USD_PPP_PS,"US dollars per person, PPP converted",LR,Chain linked volume (rebased),LA,Annual levels,T0102,Table 0102 - GDP identity from the expenditure side,2025-Q1,,39259.2,,2020,,,,F,Free (free for publication),1,One,A,Normal value,0,Units,USD,US dollar
DATAFLOW,OECD.SDD.NAD:DSD_NAMAIN1@DF_QNA_EXPENDITURE_CAPITA(1.1),Quarterly GDP per capita,I,Q,Quarterly,Y,Calendar and seasonally adjusted,SVK,Slovak Republic,S1,Total economy,S1,Total economy,B1GQ_POP,"Gross domestic product, per capita",_Z,Not applicable,_Z,Not applicable,_Z,Not applicable,USD_PPP_PS,"US dollars per person, PPP converted",LR,Chain linked volume (rebased),LA,Annual levels,T0102,Table 0102 - GDP identity from the expenditure side,2023-Q3,,38523.6,,2020,,,,F,Free (free for publication),1,One,A,Normal value,0,Units,USD,US dollar
DATAFLOW,OECD.SDD.NAD:DSD_NAMAIN1@DF_QNA_EXPENDITURE_CAPITA(1.1),Quarterly GDP per capita,I,Q,Quarterly,Y,Calendar and seasonally adjusted,SVK,Slovak Republic,S1,Total economy,S1,Total economy,B1GQ_POP,"Gross domestic product, per capita",_Z,Not applicable,_Z,Not applicable,_Z,Not applicable,USD_PPP_PS,"US dollars per person, PPP converted",V,Current prices,LA,Annual levels,T0102,Table 0102 - GDP identity from the expenditure side,2024-Q3,,47557.4,,,,,,F,Free (free for publication),1,One,A,Normal value,0,Units,USD,US dollar
DATAFLOW,OECD.SDD.NAD:DSD_NAMAIN1@DF_QNA_EXPENDITURE_CAPITA(1.1),Quarterly GDP per capita,I,Q,Quarterly,Y,Calendar and seasonally adjusted,SVK,Slovak Republic,S1,Total economy,S1,Total economy,B1GQ_POP,"Gross domestic product, per capita",_Z,Not applicable,_Z,Not applicable,_Z,Not applicable,USD_PPP_PS,"US dollars per person, PPP converted",V,Current prices,LA,Annual levels,T0102,Table 0102 - GDP identity from the expenditure side,2025-Q4,,50217.9,,,,,,F,Free (free for publication),1,One,A,Normal value,0,Units,USD,US dollar
DATAFLOW,OECD.SDD.NAD:DSD_NAMAIN1@DF_QNA_EXPENDITURE_CAPITA(1.1),Quarterly GDP per capita,I,Q,Quarterly,Y,Calendar and seasonally adjusted,PRT,Portugal,S1,Total economy,S1,Total economy,B1GQ_POP,"Gross domestic product, per capita",_Z,Not applicable,_Z,Not applicable,_Z,Not applicable,USD_PPP_PS,"US dollars per person, PPP converted",LR,Chain linked volume (rebased),LA,Annual levels,T0102,Table 0102 - GDP identity from the expenditure side,2023-Q3,,40715.1,,2020,,,,F,Free (free for publication),1,One,A,Normal value,0,Units,USD,US dollar
DATAFLOW,OECD.SDD.NAD:DSD_NAMAIN1@DF_QNA_EXPENDITURE_CAPITA(1.1),Quarterly GDP per capita,I,Q,Quarterly,Y,Calendar and seasonally adjusted,PRT,Portugal,S1,Total economy,S1,Total economy,B1GQ_POP,"Gross domestic product, per capita",_Z,Not applicable,_Z,Not applicable,_Z,Not applicable,USD_PPP_PS,"US dollars per person, PPP converted",LR,Chain linked volume (rebased),LA,Annual levels,T0102,Table 0102 - GDP identity from the expenditure side,2023-Q4,,40908.8,,2020,,,,F,Free (free for publication),1,One,A,Normal value,0,Units,USD,US dollar
DATAFLOW,OECD.SDD.NAD:DSD_NAMAIN1@DF_QNA_EXPENDITURE_CAPITA(1.1),Quarterly GDP per capita,I,Q,Quarterly,Y,Calendar and seasonally adjusted,PRT,Portugal,S1,Total economy,S1,Total economy,B1GQ_POP,"Gross domestic product, per capita",_Z,Not applicable,_Z,Not applicable,_Z,Not applicable,USD_PPP_PS,"US dollars per person, PPP converted",LR,Chain linked volume (rebased),LA,Annual levels,T0102,Table 0102 - GDP identity from the expenditure side,2023-Q2,,40765.7,,2020,,,,F,Free (free for publication),1,One,A,Normal value,0,Units,USD,US dollar
DATAFLOW,OECD.SDD.NAD:DSD_NAMAIN1@DF_QNA_EXPENDITURE_CAPITA(1.1),Quarterly GDP per capita,I,Q,Quarterly,Y,Calendar and seasonally adjusted,PRT,Portugal,S1,Total economy,S1,Total economy,B1GQ_POP,"Gross domestic product, per capita",_Z,Not applicable,_Z,Not applicable,_Z,Not applicable,USD_PPP_PS,"US dollars per person, PPP converted",V,Current prices,LA,Annual levels,T0102,Table 0102 - GDP identity from the expenditure side,2023-Q2,,49430.4,,,,,,F,Free (free for publication),1,One,A,Normal value,0,Units,USD,US dollar
DATAFLOW,OECD.SDD.NAD:DSD_NAMAIN1@DF_QNA_EXPENDITURE_CAPITA(1.1),Quarterly GDP per capita,I,Q,Quarterly,Y,Calendar and seasonally adjusted,PRT,Portugal,S1,Total economy,S1,Total economy,B1GQ_POP,"Gross domestic product, per capita",_Z,Not applicable,_Z,Not applicable,_Z,Not applicable,USD_PPP_PS,"US dollars per person, PPP converted",V,Current prices,LA,Annual levels,T0102,Table 0102 - GDP identity from the expenditure side,2023-Q1,,48516.5,,,,,,F,Free (free for publication),1,One,A,Normal value,0,Units,USD,US dollar
DATAFLOW,OECD.SDD.NAD:DSD_NAMAIN1@DF_QNA_EXPENDITURE_CAPITA(1.1),Quarterly GDP per capita,I,Q,Quarterly,Y,Calendar and seasonally adjusted,PRT,Portugal,S1,Total economy,S1,Total economy,B1GQ_POP,"Gross domestic product, per capita",_Z,Not applicable,_Z,Not applicable,_Z,Not applicable,USD_PPP_PS,"US dollars per person, PPP converted",V,Current prices,LA,Annual levels,T0102,Table 0102 - GDP identity from the expenditure side,2023-Q4,,51060.6,,,,,,F,Free (free for publication),1,One,A,Normal value,0,Units,USD,US dollar
DATAFLOW,OECD.SDD.NAD:DSD_NAMAIN1@DF_QNA_EXPENDITURE_CAPITA(1.1),Quarterly GDP per capita,I,Q,Quarterly,Y,Calendar and seasonally adjusted,PRT,Portugal,S1,Total economy,S1,Total economy,B1GQ_POP,"Gross domestic product, per capita",_Z,Not applicable,_Z,Not applicable,_Z,Not applicable,USD_PPP_PS,"US dollars per person, PPP converted",V,Current prices,LA,Annual levels,T0102,Table 0102 - GDP identity from the expenditure side,2023-Q3,,50207.7,,,,,,F,Free (free for publication),1,One,A,Normal value,0,Units,USD,US dollar
DATAFLOW,OECD.SDD.NAD:DSD_NAMAIN1@DF_QNA_EXPENDITURE_CAPITA(1.1),Quarterly GDP per capita,I,Q,Quarterly,Y,Calendar and seasonally adjusted,POL,Poland,S1,Total economy,S1,Total economy,B1GQ_POP,"Gross domestic product, per capita",_Z,Not applicable,_Z,Not applicable,_Z,Not applicable,USD_PPP_PS,"US dollars per person, PPP converted",LR,Chain linked volume (rebased),LA,Annual levels,T0102,Table 0102 - GDP identity from the expenditure side,2024-Q3,,43151.6,,2020,,,,F,Free (free for publication),1,One,A,Normal value,0,Units,USD,US dollar
DATAFLOW,OECD.SDD.NAD:DSD_NAMAIN1@DF_QNA_EXPENDITURE_CAPITA(1.1),Quarterly GDP per capita,I,Q,Quarterly,Y,Calendar and seasonally adjusted,POL,Poland,S1,Total economy,S1,Total economy,B1GQ_POP,"Gross domestic product, per capita",_Z,Not applicable,_Z,Not applicable,_Z,Not applicable,USD_PPP_PS,"US dollars per person, PPP converted",LR,Chain linked volume (rebased),LA,Annual levels,T0102,Table 0102 - GDP identity from the expenditure side,2024-Q2,,43153.7,,2020,,,,F,Free (free for publication),1,One,A,Normal value,0,Units,USD,US dollar
DATAFLOW,OECD.SDD.NAD:DSD_NAMAIN1@DF_QNA_EXPENDITURE_CAPITA(1.1),Quarterly GDP per capita,I,Q,Quarterly,Y,Calendar and seasonally adjusted,JPN,Japan,S1,Total economy,S1,Total economy,B1GQ_POP,"Gross domestic product, per capita",_Z,Not applicable,_Z,Not applicable,_Z,Not applicable,USD_PPP_PS,"US dollars per person, PPP converted",V,Current prices,LA,Annual levels,T0102,Table 0102 - GDP identity from the expenditure side,2025-Q4,,57609.5,,,,,,F,Free (free for publication),1,One,A,Normal value,0,Units,USD,US dollar
DATAFLOW,OECD.SDD.NAD:DSD_NAMAIN1@DF_QNA_EXPENDITURE_CAPITA(1.1),Quarterly GDP per capita,I,Q,Quarterly,Y,Calendar and seasonally adjusted,JPN,Japan,S1,Total economy,S1,Total economy,B1GQ_POP,"Gross domestic product, per capita",_Z,Not applicable,_Z,Not applicable,_Z,Not applicable,USD_PPP_PS,"US dollars per person, PPP converted",V,Current prices,LA,Annual levels,T0102,Table 0102 - GDP identity from the expenditure side,2025-Q3,,56762.8,,,,,,F,Free (free for publication),1,One,A,Normal value,0,Units,USD,US dollar
DATAFLOW,OECD.SDD.NAD:DSD_NAMAIN1@DF_QNA_EXPENDITURE_CAPITA(1.1),Quarterly GDP per capita,I,Q,Quarterly,Y,Calendar and seasonally adjusted,JPN,Japan,S1,Total economy,S1,Total economy,B1GQ_POP,"Gross domestic product, per capita",_Z,Not applicable,_Z,Not applicable,_Z,Not applicable,USD_PPP_PS,"US dollars per person, PPP converted",V,Current prices,LA,Annual levels,T0102,Table 0102 - GDP identity from the expenditure side,2024-Q4,,55175.9,,,,,,F,Free (free for publication),1,One,A,Normal value,0,Units,USD,US dollar
DATAFLOW,OECD.SDD.NAD:DSD_NAMAIN1@DF_QNA_EXPENDITURE_CAPITA(1.1),Quarterly GDP per capita,I,Q,Quarterly,Y,Calendar and seasonally adjusted,JPN,Japan,S1,Total economy,S1,Total economy,B1GQ_POP,"Gross domestic product, per capita",_Z,Not applicable,_Z,Not applicable,_Z,Not applicable,USD_PPP_PS,"US dollars per person, PPP converted",V,Current prices,LA,Annual levels,T0102,Table 0102 - GDP identity from the expenditure side,2024-Q2,,53830.8,,,,,,F,Free (free for publication),1,One,A,Normal value,0,Units,USD,US dollar
DATAFLOW,OECD.SDD.NAD:DSD_NAMAIN1@DF_QNA_EXPENDITURE_CAPITA(1.1),Quarterly GDP per capita,I,Q,Quarterly,Y,Calendar and seasonally adjusted,JPN,Japan,S1,Total economy,S1,Total economy,B1GQ_POP,"Gross domestic product, per capita",_Z,Not applicable,_Z,Not applicable,_Z,Not applicable,USD_PPP_PS,"US dollars per person, PPP converted",V,Current prices,LA,Annual levels,T0102,Table 0102 - GDP identity from the expenditure side,2024-Q1,,53507.5,,,,,,F,Free (free for publication),1,One,A,Normal value,0,Units,USD,US dollar
DATAFLOW,OECD.SDD.NAD:DSD_NAMAIN1@DF_QNA_EXPENDITURE_CAPITA(1.1),Quarterly GDP per capita,I,Q,Quarterly,Y,Calendar and seasonally adjusted,JPN,Japan,S1,Total economy,S1,Total economy,B1GQ_POP,"Gross domestic product, per capita",_Z,Not applicable,_Z,Not applicable,_Z,Not applicable,USD_PPP_PS,"US dollars per person, PPP converted",V,Current prices,LA,Annual levels,T0102,Table 0102 - GDP identity from the expenditure side,2023-Q4,,53428.7,,,,,,F,Free (free for publication),1,One,A,Normal value,0,Units,USD,US dollar
DATAFLOW,OECD.SDD.NAD:DSD_NAMAIN1@DF_QNA_EXPENDITURE_CAPITA(1.1),Quarterly GDP per capita,I,Q,Quarterly,Y,Calendar and seasonally adjusted,JPN,Japan,S1,Total economy,S1,Total economy,B1GQ_POP,"Gross domestic product, per capita",_Z,Not applicable,_Z,Not applicable,_Z,Not applicable,USD_PPP_PS,"US dollars per person, PPP converted",V,Current prices,LA,Annual levels,T0102,Table 0102 - GDP identity from the expenditure side,2023-Q3,,52772.4,,,,,,F,Free (free for publication),1,One,A,Normal value,0,Units,USD,US dollar
DATAFLOW,OECD.SDD.NAD:DSD_NAMAIN1@DF_QNA_EXPENDITURE_CAPITA(1.1),Quarterly GDP per capita,I,Q,Quarterly,Y,Calendar and seasonally adjusted,JPN,Japan,S1,Total economy,S1,Total economy,B1GQ_POP,"Gross domestic product, per capita",_Z,Not applicable,_Z,Not applicable,_Z,Not applicable,USD_PPP_PS,"US dollars per person, PPP converted",V,Current prices,LA,Annual levels,T0102,Table 0102 - GDP identity from the expenditure side,2023-Q2,,52798.9,,,,,,F,Free (free for publication),1,One,A,Normal value,0,Units,USD,US dollar
DATAFLOW,OECD.SDD.NAD:DSD_NAMAIN1@DF_QNA_EXPENDITURE_CAPITA(1.1),Quarterly GDP per capita,I,Q,Quarterly,Y,Calendar and seasonally adjusted,JPN,Japan,S1,Total economy,S1,Total economy,B1GQ_POP,"Gross domestic product, per capita",_Z,Not applicable,_Z,Not applicable,_Z,Not applicable,USD_PPP_PS,"US dollars per person, PPP converted",V,Current prices,LA,Annual levels,T0102,Table 0102 - GDP identity from the expenditure side,2023-Q1,,52113.9,,,,,,F,Free (free for publication),1,One,A,Normal value,0,Units,USD,US dollar
DATAFLOW,OECD.SDD.NAD:DSD_NAMAIN1@DF_QNA_EXPENDITURE_CAPITA(1.1),Quarterly GDP per capita,I,Q,Quarterly,Y,Calendar and seasonally adjusted,JPN,Japan,S1,Total economy,S1,Total economy,B1GQ_POP,"Gross domestic product, per capita",_Z,Not applicable,_Z,Not applicable,_Z,Not applicable,USD_PPP_PS,"US dollars per person, PPP converted",LR,Chain linked volume (rebased),LA,Annual levels,T0102,Table 0102 - GDP identity from the expenditure side,2025-Q3,,47471.4,,2020,,,,F,Free (free for publication),1,One,A,Normal value,0,Units,USD,US dollar
DATAFLOW,OECD.SDD.NAD:DSD_NAMAIN1@DF_QNA_EXPENDITURE_CAPITA(1.1),Quarterly GDP per capita,I,Q,Quarterly,Y,Calendar and seasonally adjusted,JPN,Japan,S1,Total economy,S1,Total economy,B1GQ_POP,"Gross domestic product, per capita",_Z,Not applicable,_Z,Not applicable,_Z,Not applicable,USD_PPP_PS,"US dollars per person, PPP converted",LR,Chain linked volume (rebased),LA,Annual levels,T0102,Table 0102 - GDP identity from the expenditure side,2024-Q4,,47251.6,,2020,,,,F,Free (free for publication),1,One,A,Normal value,0,Units,USD,US dollar
DATAFLOW,OECD.SDD.NAD:DSD_NAMAIN1@DF_QNA_EXPENDITURE_CAPITA(1.1),Quarterly GDP per capita,I,Q,Quarterly,Y,Calendar and seasonally adjusted,JPN,Japan,S1,Total economy,S1,Total economy,B1GQ_POP,"Gross domestic product, per capita",_Z,Not applicable,_Z,Not applicable,_Z,Not applicable,USD_PPP_PS,"US dollars per person, PPP converted",LR,Chain linked volume (rebased),LA,Annual levels,T0102,Table 0102 - GDP identity from the expenditure side,2024-Q2,,46608.5,,2020,,,,F,Free (free for publication),1,One,A,Normal value,0,Units,USD,US dollar
DATAFLOW,OECD.SDD.NAD:DSD_NAMAIN1@DF_QNA_EXPENDITURE_CAPITA(1.1),Quarterly GDP per capita,I,Q,Quarterly,Y,Calendar and seasonally adjusted,NOR,Norway,S1,Total economy,S1,Total economy,B1GQ_POP,"Gross domestic product, per capita",_Z,Not applicable,_Z,Not applicable,_Z,Not applicable,USD_PPP_PS,"US dollars per person, PPP converted",LR,Chain linked volume (rebased),LA,Annual levels,T0102,Table 0102 - GDP identity from the expenditure side,2025-Q4,,74869.1,,2020,,,,F,Free (free for publication),1,One,A,Normal value,0,Units,USD,US dollar
DATAFLOW,OECD.SDD.NAD:DSD_NAMAIN1@DF_QNA_EXPENDITURE_CAPITA(1.1),Quarterly GDP per capita,I,Q,Quarterly,Y,Calendar and seasonally adjusted,NOR,Norway,S1,Total economy,S1,Total economy,B1GQ_POP,"Gross domestic product, per capita",_Z,Not applicable,_Z,Not applicable,_Z,Not applicable,USD_PPP_PS,"US dollars per person, PPP converted",LR,Chain linked volume (rebased),LA,Annual levels,T0102,Table 0102 - GDP identity from the expenditure side,2023-Q1,,74596.8,,2020,,,,F,Free (free for publication),1,One,A,Normal value,0,Units,USD,US dollar
DATAFLOW,OECD.SDD.NAD:DSD_NAMAIN1@DF_QNA_EXPENDITURE_CAPITA(1.1),Quarterly GDP per capita,I,Q,Quarterly,Y,Calendar and seasonally adjusted,NOR,Norway,S1,Total economy,S1,Total economy,B1GQ_POP,"Gross domestic product, per capita",_Z,Not applicable,_Z,Not applicable,_Z,Not applicable,USD_PPP_PS,"US dollars per person, PPP converted",V,Current prices,LA,Annual levels,T0102,Table 0102 - GDP identity from the expenditure side,2025-Q4,,106322.4,,,,,,F,Free (free for publication),1,One,A,Normal value,0,Units,USD,US dollar
DATAFLOW,OECD.SDD.NAD:DSD_NAMAIN1@DF_QNA_EXPENDITURE_CAPITA(1.1),Quarterly GDP per capita,I,Q,Quarterly,Y,Calendar and seasonally adjusted,NOR,Norway,S1,Total economy,S1,Total economy,B1GQ_POP,"Gross domestic product, per capita",_Z,Not applicable,_Z,Not applicable,_Z,Not applicable,USD_PPP_PS,"US dollars per person, PPP converted",V,Current prices,LA,Annual levels,T0102,Table 0102 - GDP identity from the expenditure side,2025-Q3,,108280.9,,,,,,F,Free (free for publication),1,One,A,Normal value,0,Units,USD,US dollar
DATAFLOW,OECD.SDD.NAD:DSD_NAMAIN1@DF_QNA_EXPENDITURE_CAPITA(1.1),Quarterly GDP per capita,I,Q,Quarterly,Y,Calendar and seasonally adjusted,NOR,Norway,S1,Total economy,S1,Total economy,B1GQ_POP,"Gross domestic product, per capita",_Z,Not applicable,_Z,Not applicable,_Z,Not applicable,USD_PPP_PS,"US dollars per person, PPP converted",V,Current prices,LA,Annual levels,T0102,Table 0102 - GDP identity from the expenditure side,2025-Q2,,108652.4,,,,,,F,Free (free for publication),1,One,A,Normal value,0,Units,USD,US dollar
DATAFLOW,OECD.SDD.NAD:DSD_NAMAIN1@DF_QNA_EXPENDITURE_CAPITA(1.1),Quarterly GDP per capita,I,Q,Quarterly,Y,Calendar and seasonally adjusted,NOR,Norway,S1,Total economy,S1,Total economy,B1GQ_POP,"Gross domestic product, per capita",_Z,Not applicable,_Z,Not applicable,_Z,Not applicable,USD_PPP_PS,"US dollars per person, PPP converted",V,Current prices,LA,Annual levels,T0102,Table 0102 - GDP identity from the expenditure side,2025-Q1,,113565.1,,,,,,F,Free (free for publication),1,One,A,Normal value,0,Units,USD,US dollar
DATAFLOW,OECD.SDD.NAD:DSD_NAMAIN1@DF_QNA_EXPENDITURE_CAPITA(1.1),Quarterly GDP per capita,I,Q,Quarterly,Y,Calendar and seasonally adjusted,NOR,Norway,S1,Total economy,S1,Total economy,B1GQ_POP,"Gross domestic product, per capita",_Z,Not applicable,_Z,Not applicable,_Z,Not applicable,USD_PPP_PS,"US dollars per person, PPP converted",V,Current prices,LA,Annual levels,T0102,Table 0102 - GDP identity from the expenditure side,2024-Q4,,108031,,,,,,F,Free (free for publication),1,One,A,Normal value,0,Units,USD,US dollar
DATAFLOW,OECD.SDD.NAD:DSD_NAMAIN1@DF_QNA_EXPENDITURE_CAPITA(1.1),Quarterly GDP per capita,I,Q,Quarterly,Y,Calendar and seasonally adjusted,NOR,Norway,S1,Total economy,S1,Total economy,B1GQ_POP,"Gross domestic product, per capita",_Z,Not applicable,_Z,Not applicable,_Z,Not applicable,USD_PPP_PS,"US dollars per person, PPP converted",V,Current prices,LA,Annual levels,T0102,Table 0102 - GDP identity from the expenditure side,2024-Q3,,105232.8,,,,,,F,Free (free for publication),1,One,A,Normal value,0,Units,USD,US dollar
DATAFLOW,OECD.SDD.NAD:DSD_NAMAIN1@DF_QNA_EXPENDITURE_CAPITA(1.1),Quarterly GDP per capita,I,Q,Quarterly,Y,Calendar and seasonally adjusted,NOR,Norway,S1,Total economy,S1,Total economy,B1GQ_POP,"Gross domestic product, per capita",_Z,Not applicable,_Z,Not applicable,_Z,Not applicable,USD_PPP_PS,"US dollars per person, PPP converted",V,Current prices,LA,Annual levels,T0102,Table 0102 - GDP identity from the expenditure side,2024-Q2,,106502.9,,,,,,F,Free (free for publication),1,One,A,Normal value,0,Units,USD,US dollar
DATAFLOW,OECD.SDD.NAD:DSD_NAMAIN1@DF_QNA_EXPENDITURE_CAPITA(1.1),Quarterly GDP per capita,I,Q,Quarterly,Y,Calendar and seasonally adjusted,NOR,Norway,S1,Total economy,S1,Total economy,B1GQ_POP,"Gross domestic product, per capita",_Z,Not applicable,_Z,Not applicable,_Z,Not applicable,USD_PPP_PS,"US dollars per person, PPP converted",V,Current prices,LA,Annual levels,T0102,Table 0102 - GDP identity from the expenditure side,2024-Q1,,103156.6,,,,,,F,Free (free for publication),1,One,A,Normal value,0,Units,USD,US dollar
DATAFLOW,OECD.SDD.NAD:DSD_NAMAIN1@DF_QNA_EXPENDITURE_CAPITA(1.1),Quarterly GDP per capita,I,Q,Quarterly,Y,Calendar and seasonally adjusted,NOR,Norway,S1,Total economy,S1,Total economy,B1GQ_POP,"Gross domestic product, per capita",_Z,Not applicable,_Z,Not applicable,_Z,Not applicable,USD_PPP_PS,"US dollars per person, PPP converted",LR,Chain linked volume (rebased),LA,Annual levels,T0102,Table 0102 - GDP identity from the expenditure side,2023-Q4,,74404.7,,2020,,,,F,Free (free for publication),1,One,A,Normal value,0,Units,USD,US dollar
DATAFLOW,OECD.SDD.NAD:DSD_NAMAIN1@DF_QNA_EXPENDITURE_CAPITA(1.1),Quarterly GDP per capita,I,Q,Quarterly,Y,Calendar and seasonally adjusted,NOR,Norway,S1,Total economy,S1,Total economy,B1GQ_POP,"Gross domestic product, per capita",_Z,Not applicable,_Z,Not applicable,_Z,Not applicable,USD_PPP_PS,"US dollars per person, PPP converted",LR,Chain linked volume (rebased),LA,Annual levels,T0102,Table 0102 - GDP identity from the expenditure side,2023-Q3,,73132.4,,2020,,,,F,Free (free for publication),1,One,A,Normal value,0,Units,USD,US dollar
DATAFLOW,OECD.SDD.NAD:DSD_NAMAIN1@DF_QNA_EXPENDITURE_CAPITA(1.1),Quarterly GDP per capita,I,Q,Quarterly,Y,Calendar and seasonally adjusted,NOR,Norway,S1,Total economy,S1,Total economy,B1GQ_POP,"Gross domestic product, per capita",_Z,Not applicable,_Z,Not applicable,_Z,Not applicable,USD_PPP_PS,"US dollars per person, PPP converted",LR,Chain linked volume (rebased),LA,Annual levels,T0102,Table 0102 - GDP identity from the expenditure side,2023-Q2,,73967.6,,2020,,,,F,Free (free for publication),1,One,A,Normal value,0,Units,USD,US dollar
DATAFLOW,OECD.SDD.NAD:DSD_NAMAIN1@DF_QNA_EXPENDITURE_CAPITA(1.1),Quarterly GDP per capita,I,Q,Quarterly,Y,Calendar and seasonally adjusted,HUN,Hungary,S1,Total economy,S1,Total economy,B1GQ_POP,"Gross domestic product, per capita",_Z,Not applicable,_Z,Not applicable,_Z,Not applicable,USD_PPP_PS,"US dollars per person, PPP converted",V,Current prices,LA,Annual levels,T0102,Table 0102 - GDP identity from the expenditure side,2024-Q3,,48726.3,,,,,,F,Free (free for publication),1,One,A,Normal value,0,Units,USD,US dollar
DATAFLOW,OECD.SDD.NAD:DSD_NAMAIN1@DF_QNA_EXPENDITURE_CAPITA(1.1),Quarterly GDP per capita,I,Q,Quarterly,Y,Calendar and seasonally adjusted,HUN,Hungary,S1,Total economy,S1,Total economy,B1GQ_POP,"Gross domestic product, per capita",_Z,Not applicable,_Z,Not applicable,_Z,Not applicable,USD_PPP_PS,"US dollars per person, PPP converted",V,Current prices,LA,Annual levels,T0102,Table 0102 - GDP identity from the expenditure side,2024-Q2,,48532.5,,,,,,F,Free (free for publication),1,One,A,Normal value,0,Units,USD,US dollar
DATAFLOW,OECD.SDD.NAD:DSD_NAMAIN1@DF_QNA_EXPENDITURE_CAPITA(1.1),Quarterly GDP per capita,I,Q,Quarterly,Y,Calendar and seasonally adjusted,HUN,Hungary,S1,Total economy,S1,Total economy,B1GQ_POP,"Gross domestic product, per capita",_Z,Not applicable,_Z,Not applicable,_Z,Not applicable,USD_PPP_PS,"US dollars per person, PPP converted",V,Current prices,LA,Annual levels,T0102,Table 0102 - GDP identity from the expenditure side,2024-Q1,,48030.2,,,,,,F,Free (free for publication),1,One,A,Normal value,0,Units,USD,US dollar
DATAFLOW,OECD.SDD.NAD:DSD_NAMAIN1@DF_QNA_EXPENDITURE_CAPITA(1.1),Quarterly GDP per capita,I,Q,Quarterly,Y,Calendar and seasonally adjusted,HUN,Hungary,S1,Total economy,S1,Total economy,B1GQ_POP,"Gross domestic product, per capita",_Z,Not applicable,_Z,Not applicable,_Z,Not applicable,USD_PPP_PS,"US dollars per person, PPP converted",V,Current prices,LA,Annual levels,T0102,Table 0102 - GDP identity from the expenditure side,2023-Q4,,47501.9,,,,,,F,Free (free for publication),1,One,A,Normal value,0,Units,USD,US dollar
DATAFLOW,OECD.SDD.NAD:DSD_NAMAIN1@DF_QNA_EXPENDITURE_CAPITA(1.1),Quarterly GDP per capita,I,Q,Quarterly,Y,Calendar and seasonally adjusted,HUN,Hungary,S1,Total economy,S1,Total economy,B1GQ_POP,"Gross domestic product, per capita",_Z,Not applicable,_Z,Not applicable,_Z,Not applicable,USD_PPP_PS,"US dollars per person, PPP converted",V,Current prices,LA,Annual levels,T0102,Table 0102 - GDP identity from the expenditure side,2023-Q3,,47039.7,,,,,,F,Free (free for publication),1,One,A,Normal value,0,Units,USD,US dollar
DATAFLOW,OECD.SDD.NAD:DSD_NAMAIN1@DF_QNA_EXPENDITURE_CAPITA(1.1),Quarterly GDP per capita,I,Q,Quarterly,Y,Calendar and seasonally adjusted,HUN,Hungary,S1,Total economy,S1,Total economy,B1GQ_POP,"Gross domestic product, per capita",_Z,Not applicable,_Z,Not applicable,_Z,Not applicable,USD_PPP_PS,"US dollars per person, PPP converted",V,Current prices,LA,Annual levels,T0102,Table 0102 - GDP identity from the expenditure side,2023-Q2,,45854.4,,,,,,F,Free (free for publication),1,One,A,Normal value,0,Units,USD,US dollar
DATAFLOW,OECD.SDD.NAD:DSD_NAMAIN1@DF_QNA_EXPENDITURE_CAPITA(1.1),Quarterly GDP per capita,I,Q,Quarterly,Y,Calendar and seasonally adjusted,HUN,Hungary,S1,Total economy,S1,Total economy,B1GQ_POP,"Gross domestic product, per capita",_Z,Not applicable,_Z,Not applicable,_Z,Not applicable,USD_PPP_PS,"US dollars per person, PPP converted",LR,Chain linked volume (rebased),LA,Annual levels,T0102,Table 0102 - GDP identity from the expenditure side,2024-Q4,,40269.4,,2020,,,,F,Free (free for publication),1,One,A,Normal value,0,Units,USD,US dollar
DATAFLOW,OECD.SDD.NAD:DSD_NAMAIN1@DF_QNA_EXPENDITURE_CAPITA(1.1),Quarterly GDP per capita,I,Q,Quarterly,Y,Calendar and seasonally adjusted,HUN,Hungary,S1,Total economy,S1,Total economy,B1GQ_POP,"Gross domestic product, per capita",_Z,Not applicable,_Z,Not applicable,_Z,Not applicable,USD_PPP_PS,"US dollars per person, PPP converted",LR,Chain linked volume (rebased),LA,Annual levels,T0102,Table 0102 - GDP identity from the expenditure side,2023-Q1,,39447.8,,2020,,,,F,Free (free for publication),1,One,A,Normal value,0,Units,USD,US dollar
DATAFLOW,OECD.SDD.NAD:DSD_NAMAIN1@DF_QNA_EXPENDITURE_CAPITA(1.1),Quarterly GDP per capita,I,Q,Quarterly,Y,Calendar and seasonally adjusted,HUN,Hungary,S1,Total economy,S1,Total economy,B1GQ_POP,"Gross domestic product, per capita",_Z,Not applicable,_Z,Not applicable,_Z,Not applicable,USD_PPP_PS,"US dollars per person, PPP converted",LR,Chain linked volume (rebased),LA,Annual levels,T0102,Table 0102 - GDP identity from the expenditure side,2024-Q1,,40168.1,,2020,,,,F,Free (free for publication),1,One,A,Normal value,0,Units,USD,US dollar
DATAFLOW,OECD.SDD.NAD:DSD_NAMAIN1@DF_QNA_EXPENDITURE_CAPITA(1.1),Quarterly GDP per capita,I,Q,Quarterly,Y,Calendar and seasonally adjusted,HUN,Hungary,S1,Total economy,S1,Total economy,B1GQ_POP,"Gross domestic product, per capita",_Z,Not applicable,_Z,Not applicable,_Z,Not applicable,USD_PPP_PS,"US dollars per person, PPP converted",LR,Chain linked volume (rebased),LA,Annual levels,T0102,Table 0102 - GDP identity from the expenditure side,2024-Q3,,40100.4,,2020,,,,F,Free (free for publication),1,One,A,Normal value,0,Units,USD,US dollar
DATAFLOW,OECD.SDD.NAD:DSD_NAMAIN1@DF_QNA_EXPENDITURE_CAPITA(1.1),Quarterly GDP per capita,I,Q,Quarterly,Y,Calendar and seasonally adjusted,HUN,Hungary,S1,Total economy,S1,Total economy,B1GQ_POP,"Gross domestic product, per capita",_Z,Not applicable,_Z,Not applicable,_Z,Not applicable,USD_PPP_PS,"US dollars per person, PPP converted",LR,Chain linked volume (rebased),LA,Annual levels,T0102,Table 0102 - GDP identity from the expenditure side,2023-Q4,,40068.3,,2020,,,,F,Free (free for publication),1,One,A,Normal value,0,Units,USD,US dollar
DATAFLOW,OECD.SDD.NAD:DSD_NAMAIN1@DF_QNA_EXPENDITURE_CAPITA(1.1),Quarterly GDP per capita,I,Q,Quarterly,Y,Calendar and seasonally adjusted,POL,Poland,S1,Total economy,S1,Total economy,B1GQ_POP,"Gross domestic product, per capita",_Z,Not applicable,_Z,Not applicable,_Z,Not applicable,USD_PPP_PS,"US dollars per person, PPP converted",V,Current prices,LA,Annual levels,T0102,Table 0102 - GDP identity from the expenditure side,2023-Q1,,46658.1,,,,,,F,Free (free for publication),1,One,A,Normal value,0,Units,USD,US dollar
DATAFLOW,OECD.SDD.NAD:DSD_NAMAIN1@DF_QNA_EXPENDITURE_CAPITA(1.1),Quarterly GDP per capita,I,Q,Quarterly,Y,Calendar and seasonally adjusted,POL,Poland,S1,Total economy,S1,Total economy,B1GQ_POP,"Gross domestic product, per capita",_Z,Not applicable,_Z,Not applicable,_Z,Not applicable,USD_PPP_PS,"US dollars per person, PPP converted",V,Current prices,LA,Annual levels,T0102,Table 0102 - GDP identity from the expenditure side,2024-Q3,,50231,,,,,,F,Free (free for publication),1,One,A,Normal value,0,Units,USD,US dollar
DATAFLOW,OECD.SDD.NAD:DSD_NAMAIN1@DF_QNA_EXPENDITURE_CAPITA(1.1),Quarterly GDP per capita,I,Q,Quarterly,Y,Calendar and seasonally adjusted,POL,Poland,S1,Total economy,S1,Total economy,B1GQ_POP,"Gross domestic product, per capita",_Z,Not applicable,_Z,Not applicable,_Z,Not applicable,USD_PPP_PS,"US dollars per person, PPP converted",LR,Chain linked volume (rebased),LA,Annual levels,T0102,Table 0102 - GDP identity from the expenditure side,2023-Q4,,41993.1,,2020,,,,F,Free (free for publication),1,One,A,Normal value,0,Units,USD,US dollar
DATAFLOW,OECD.SDD.NAD:DSD_NAMAIN1@DF_QNA_EXPENDITURE_CAPITA(1.1),Quarterly GDP per capita,I,Q,Quarterly,Y,Calendar and seasonally adjusted,POL,Poland,S1,Total economy,S1,Total economy,B1GQ_POP,"Gross domestic product, per capita",_Z,Not applicable,_Z,Not applicable,_Z,Not applicable,USD_PPP_PS,"US dollars per person, PPP converted",LR,Chain linked volume (rebased),LA,Annual levels,T0102,Table 0102 - GDP identity from the expenditure side,2023-Q2,,41281.3,,2020,,,,F,Free (free for publication),1,One,A,Normal value,0,Units,USD,US dollar
DATAFLOW,OECD.SDD.NAD:DSD_NAMAIN1@DF_QNA_EXPENDITURE_CAPITA(1.1),Quarterly GDP per capita,I,Q,Quarterly,Y,Calendar and seasonally adjusted,POL,Poland,S1,Total economy,S1,Total economy,B1GQ_POP,"Gross domestic product, per capita",_Z,Not applicable,_Z,Not applicable,_Z,Not applicable,USD_PPP_PS,"US dollars per person, PPP converted",LR,Chain linked volume (rebased),LA,Annual levels,T0102,Table 0102 - GDP identity from the expenditure side,2023-Q1,,41479.9,,2020,,,,F,Free (free for publication),1,One,A,Normal value,0,Units,USD,US dollar
DATAFLOW,OECD.SDD.NAD:DSD_NAMAIN1@DF_QNA_EXPENDITURE_CAPITA(1.1),Quarterly GDP per capita,I,Q,Quarterly,Y,Calendar and seasonally adjusted,POL,Poland,S1,Total economy,S1,Total economy,B1GQ_POP,"Gross domestic product, per capita",_Z,Not applicable,_Z,Not applicable,_Z,Not applicable,USD_PPP_PS,"US dollars per person, PPP converted",LR,Chain linked volume (rebased),LA,Annual levels,T0102,Table 0102 - GDP identity from the expenditure side,2023-Q3,,42102.7,,2020,,,,F,Free (free for publication),1,One,A,Normal value,0,Units,USD,US dollar
DATAFLOW,OECD.SDD.NAD:DSD_NAMAIN1@DF_QNA_EXPENDITURE_CAPITA(1.1),Quarterly GDP per capita,I,Q,Quarterly,Y,Calendar and seasonally adjusted,POL,Poland,S1,Total economy,S1,Total economy,B1GQ_POP,"Gross domestic product, per capita",_Z,Not applicable,_Z,Not applicable,_Z,Not applicable,USD_PPP_PS,"US dollars per person, PPP converted",V,Current prices,LA,Annual levels,T0102,Table 0102 - GDP identity from the expenditure side,2024-Q4,,51200.3,,,,,,F,Free (free for publication),1,One,A,Normal value,0,Units,USD,US dollar
DATAFLOW,OECD.SDD.NAD:DSD_NAMAIN1@DF_QNA_EXPENDITURE_CAPITA(1.1),Quarterly GDP per capita,I,Q,Quarterly,Y,Calendar and seasonally adjusted,POL,Poland,S1,Total economy,S1,Total economy,B1GQ_POP,"Gross domestic product, per capita",_Z,Not applicable,_Z,Not applicable,_Z,Not applicable,USD_PPP_PS,"US dollars per person, PPP converted",LR,Chain linked volume (rebased),LA,Annual levels,T0102,Table 0102 - GDP identity from the expenditure side,2024-Q1,,42461.9,,2020,,,,F,Free (free for publication),1,One,A,Normal value,0,Units,USD,US dollar
DATAFLOW,OECD.SDD.NAD:DSD_NAMAIN1@DF_QNA_EXPENDITURE_CAPITA(1.1),Quarterly GDP per capita,I,Q,Quarterly,Y,Calendar and seasonally adjusted,NOR,Norway,S1,Total economy,S1,Total economy,B1GQ_POP,"Gross domestic product, per capita",_Z,Not applicable,_Z,Not applicable,_Z,Not applicable,USD_PPP_PS,"US dollars per person, PPP converted",V,Current prices,LA,Annual levels,T0102,Table 0102 - GDP identity from the expenditure side,2023-Q2,,105779.2,,,,,,F,Free (free for publication),1,One,A,Normal value,0,Units,USD,US dollar
DATAFLOW,OECD.SDD.NAD:DSD_NAMAIN1@DF_QNA_EXPENDITURE_CAPITA(1.1),Quarterly GDP per capita,I,Q,Quarterly,Y,Calendar and seasonally adjusted,NOR,Norway,S1,Total economy,S1,Total economy,B1GQ_POP,"Gross domestic product, per capita",_Z,Not applicable,_Z,Not applicable,_Z,Not applicable,USD_PPP_PS,"US dollars per person, PPP converted",V,Current prices,LA,Annual levels,T0102,Table 0102 - GDP identity from the expenditure side,2023-Q1,,113755.8,,,,,,F,Free (free for publication),1,One,A,Normal value,0,Units,USD,US dollar
DATAFLOW,OECD.SDD.NAD:DSD_NAMAIN1@DF_QNA_EXPENDITURE_CAPITA(1.1),Quarterly GDP per capita,I,Q,Quarterly,Y,Calendar and seasonally adjusted,NOR,Norway,S1,Total economy,S1,Total economy,B1GQ_POP,"Gross domestic product, per capita",_Z,Not applicable,_Z,Not applicable,_Z,Not applicable,USD_PPP_PS,"US dollars per person, PPP converted",LR,Chain linked volume (rebased),LA,Annual levels,T0102,Table 0102 - GDP identity from the expenditure side,2025-Q3,,75456.1,,2020,,,,F,Free (free for publication),1,One,A,Normal value,0,Units,USD,US dollar
DATAFLOW,OECD.SDD.NAD:DSD_NAMAIN1@DF_QNA_EXPENDITURE_CAPITA(1.1),Quarterly GDP per capita,I,Q,Quarterly,Y,Calendar and seasonally adjusted,NOR,Norway,S1,Total economy,S1,Total economy,B1GQ_POP,"Gross domestic product, per capita",_Z,Not applicable,_Z,Not applicable,_Z,Not applicable,USD_PPP_PS,"US dollars per person, PPP converted",LR,Chain linked volume (rebased),LA,Annual levels,T0102,Table 0102 - GDP identity from the expenditure side,2025-Q2,,74641.1,,2020,,,,F,Free (free for publication),1,One,A,Normal value,0,Units,USD,US dollar
DATAFLOW,OECD.SDD.NAD:DSD_NAMAIN1@DF_QNA_EXPENDITURE_CAPITA(1.1),Quarterly GDP per capita,I,Q,Quarterly,Y,Calendar and seasonally adjusted,NOR,Norway,S1,Total economy,S1,Total economy,B1GQ_POP,"Gross domestic product, per capita",_Z,Not applicable,_Z,Not applicable,_Z,Not applicable,USD_PPP_PS,"US dollars per person, PPP converted",LR,Chain linked volume (rebased),LA,Annual levels,T0102,Table 0102 - GDP identity from the expenditure side,2025-Q1,,73989.3,,2020,,,,F,Free (free for publication),1,One,A,Normal value,0,Units,USD,US dollar
DATAFLOW,OECD.SDD.NAD:DSD_NAMAIN1@DF_QNA_EXPENDITURE_CAPITA(1.1),Quarterly GDP per capita,I,Q,Quarterly,Y,Calendar and seasonally adjusted,NOR,Norway,S1,Total economy,S1,Total economy,B1GQ_POP,"Gross domestic product, per capita",_Z,Not applicable,_Z,Not applicable,_Z,Not applicable,USD_PPP_PS,"US dollars per person, PPP converted",LR,Chain linked volume (rebased),LA,Annual levels,T0102,Table 0102 - GDP identity from the expenditure side,2024-Q4,,73857.8,,2020,,,,F,Free (free for publication),1,One,A,Normal value,0,Units,USD,US dollar
DATAFLOW,OECD.SDD.NAD:DSD_NAMAIN1@DF_QNA_EXPENDITURE_CAPITA(1.1),Quarterly GDP per capita,I,Q,Quarterly,Y,Calendar and seasonally adjusted,NOR,Norway,S1,Total economy,S1,Total economy,B1GQ_POP,"Gross domestic product, per capita",_Z,Not applicable,_Z,Not applicable,_Z,Not applicable,USD_PPP_PS,"US dollars per person, PPP converted",LR,Chain linked volume (rebased),LA,Annual levels,T0102,Table 0102 - GDP identity from the expenditure side,2024-Q3,,74242,,2020,,,,F,Free (free for publication),1,One,A,Normal value,0,Units,USD,US dollar
DATAFLOW,OECD.SDD.NAD:DSD_NAMAIN1@DF_QNA_EXPENDITURE_CAPITA(1.1),Quarterly GDP per capita,I,Q,Quarterly,Y,Calendar and seasonally adjusted,NOR,Norway,S1,Total economy,S1,Total economy,B1GQ_POP,"Gross domestic product, per capita",_Z,Not applicable,_Z,Not applicable,_Z,Not applicable,USD_PPP_PS,"US dollars per person, PPP converted",LR,Chain linked volume (rebased),LA,Annual levels,T0102,Table 0102 - GDP identity from the expenditure side,2024-Q2,,75008.8,,2020,,,,F,Free (free for publication),1,One,A,Normal value,0,Units,USD,US dollar
DATAFLOW,OECD.SDD.NAD:DSD_NAMAIN1@DF_QNA_EXPENDITURE_CAPITA(1.1),Quarterly GDP per capita,I,Q,Quarterly,Y,Calendar and seasonally adjusted,NOR,Norway,S1,Total economy,S1,Total economy,B1GQ_POP,"Gross domestic product, per capita",_Z,Not applicable,_Z,Not applicable,_Z,Not applicable,USD_PPP_PS,"US dollars per person, PPP converted",LR,Chain linked volume (rebased),LA,Annual levels,T0102,Table 0102 - GDP identity from the expenditure side,2024-Q1,,74317.7,,2020,,,,F,Free (free for publication),1,One,A,Normal value,0,Units,USD,US dollar
DATAFLOW,OECD.SDD.NAD:DSD_NAMAIN1@DF_QNA_EXPENDITURE_CAPITA(1.1),Quarterly GDP per capita,I,Q,Quarterly,Y,Calendar and seasonally adjusted,GBR,United Kingdom,S1,Total economy,S1,Total economy,B1GQ_POP,"Gross domestic product, per capita",_Z,Not applicable,_Z,Not applicable,_Z,Not applicable,USD_PPP_PS,"US dollars per person, PPP converted",V,Current prices,LA,Annual levels,T0102,Table 0102 - GDP identity from the expenditure side,2025-Q4,,65973.8,,,,,,F,Free (free for publication),1,One,A,Normal value,0,Units,USD,US dollar
DATAFLOW,OECD.SDD.NAD:DSD_NAMAIN1@DF_QNA_EXPENDITURE_CAPITA(1.1),Quarterly GDP per capita,I,Q,Quarterly,Y,Calendar and seasonally adjusted,GBR,United Kingdom,S1,Total economy,S1,Total economy,B1GQ_POP,"Gross domestic product, per capita",_Z,Not applicable,_Z,Not applicable,_Z,Not applicable,USD_PPP_PS,"US dollars per person, PPP converted",V,Current prices,LA,Annual levels,T0102,Table 0102 - GDP identity from the expenditure side,2025-Q3,,65426.5,,,,,,F,Free (free for publication),1,One,A,Normal value,0,Units,USD,US dollar
DATAFLOW,OECD.SDD.NAD:DSD_NAMAIN1@DF_QNA_EXPENDITURE_CAPITA(1.1),Quarterly GDP per capita,I,Q,Quarterly,Y,Calendar and seasonally adjusted,GBR,United Kingdom,S1,Total economy,S1,Total economy,B1GQ_POP,"Gross domestic product, per capita",_Z,Not applicable,_Z,Not applicable,_Z,Not applicable,USD_PPP_PS,"US dollars per person, PPP converted",V,Current prices,LA,Annual levels,T0102,Table 0102 - GDP identity from the expenditure side,2025-Q2,,64895.5,,,,,,F,Free (free for publication),1,One,A,Normal value,0,Units,USD,US dollar
DATAFLOW,OECD.SDD.NAD:DSD_NAMAIN1@DF_QNA_EXPENDITURE_CAPITA(1.1),Quarterly GDP per capita,I,Q,Quarterly,Y,Calendar and seasonally adjusted,GBR,United Kingdom,S1,Total economy,S1,Total economy,B1GQ_POP,"Gross domestic product, per capita",_Z,Not applicable,_Z,Not applicable,_Z,Not applicable,USD_PPP_PS,"US dollars per person, PPP converted",V,Current prices,LA,Annual levels,T0102,Table 0102 - GDP identity from the expenditure side,2025-Q1,,64492.2,,,,,,F,Free (free for publication),1,One,A,Normal value,0,Units,USD,US dollar
DATAFLOW,OECD.SDD.NAD:DSD_NAMAIN1@DF_QNA_EXPENDITURE_CAPITA(1.1),Quarterly GDP per capita,I,Q,Quarterly,Y,Calendar and seasonally adjusted,GBR,United Kingdom,S1,Total economy,S1,Total economy,B1GQ_POP,"Gross domestic product, per capita",_Z,Not applicable,_Z,Not applicable,_Z,Not applicable,USD_PPP_PS,"US dollars per person, PPP converted",V,Current prices,LA,Annual levels,T0102,Table 0102 - GDP identity from the expenditure side,2023-Q4,,60455.4,,,,,,F,Free (free for publication),1,One,A,Normal value,0,Units,USD,US dollar
DATAFLOW,OECD.SDD.NAD:DSD_NAMAIN1@DF_QNA_EXPENDITURE_CAPITA(1.1),Quarterly GDP per capita,I,Q,Quarterly,Y,Calendar and seasonally adjusted,GBR,United Kingdom,S1,Total economy,S1,Total economy,B1GQ_POP,"Gross domestic product, per capita",_Z,Not applicable,_Z,Not applicable,_Z,Not applicable,USD_PPP_PS,"US dollars per person, PPP converted",V,Current prices,LA,Annual levels,T0102,Table 0102 - GDP identity from the expenditure side,2023-Q3,,60602.5,,,,,,F,Free (free for publication),1,One,A,Normal value,0,Units,USD,US dollar
DATAFLOW,OECD.SDD.NAD:DSD_NAMAIN1@DF_QNA_EXPENDITURE_CAPITA(1.1),Quarterly GDP per capita,I,Q,Quarterly,Y,Calendar and seasonally adjusted,GBR,United Kingdom,S1,Total economy,S1,Total economy,B1GQ_POP,"Gross domestic product, per capita",_Z,Not applicable,_Z,Not applicable,_Z,Not applicable,USD_PPP_PS,"US dollars per person, PPP converted",V,Current prices,LA,Annual levels,T0102,Table 0102 - GDP identity from the expenditure side,2023-Q2,,60721.2,,,,,,F,Free (free for publication),1,One,A,Normal value,0,Units,USD,US dollar
DATAFLOW,OECD.SDD.NAD:DSD_NAMAIN1@DF_QNA_EXPENDITURE_CAPITA(1.1),Quarterly GDP per capita,I,Q,Quarterly,Y,Calendar and seasonally adjusted,GBR,United Kingdom,S1,Total economy,S1,Total economy,B1GQ_POP,"Gross domestic product, per capita",_Z,Not applicable,_Z,Not applicable,_Z,Not applicable,USD_PPP_PS,"US dollars per person, PPP converted",V,Current prices,LA,Annual levels,T0102,Table 0102 - GDP identity from the expenditure side,2023-Q1,,61066.7,,,,,,F,Free (free for publication),1,One,A,Normal value,0,Units,USD,US dollar
DATAFLOW,OECD.SDD.NAD:DSD_NAMAIN1@DF_QNA_EXPENDITURE_CAPITA(1.1),Quarterly GDP per capita,I,Q,Quarterly,Y,Calendar and seasonally adjusted,GBR,United Kingdom,S1,Total economy,S1,Total economy,B1GQ_POP,"Gross domestic product, per capita",_Z,Not applicable,_Z,Not applicable,_Z,Not applicable,USD_PPP_PS,"US dollars per person, PPP converted",LR,Chain linked volume (rebased),LA,Annual levels,T0102,Table 0102 - GDP identity from the expenditure side,2025-Q4,,54841.6,,2020,,,,F,Free (free for publication),1,One,A,Normal value,0,Units,USD,US dollar
DATAFLOW,OECD.SDD.NAD:DSD_NAMAIN1@DF_QNA_EXPENDITURE_CAPITA(1.1),Quarterly GDP per capita,I,Q,Quarterly,Y,Calendar and seasonally adjusted,GBR,United Kingdom,S1,Total economy,S1,Total economy,B1GQ_POP,"Gross domestic product, per capita",_Z,Not applicable,_Z,Not applicable,_Z,Not applicable,USD_PPP_PS,"US dollars per person, PPP converted",LR,Chain linked volume (rebased),LA,Annual levels,T0102,Table 0102 - GDP identity from the expenditure side,2025-Q3,,54827.4,,2020,,,,F,Free (free for publication),1,One,A,Normal value,0,Units,USD,US dollar
DATAFLOW,OECD.SDD.NAD:DSD_NAMAIN1@DF_QNA_EXPENDITURE_CAPITA(1.1),Quarterly GDP per capita,I,Q,Quarterly,Y,Calendar and seasonally adjusted,GBR,United Kingdom,S1,Total economy,S1,Total economy,B1GQ_POP,"Gross domestic product, per capita",_Z,Not applicable,_Z,Not applicable,_Z,Not applicable,USD_PPP_PS,"US dollars per person, PPP converted",LR,Chain linked volume (rebased),LA,Annual levels,T0102,Table 0102 - GDP identity from the expenditure side,2024-Q1,,54058.3,,2020,,,,F,Free (free for publication),1,One,A,Normal value,0,Units,USD,US dollar
DATAFLOW,OECD.SDD.NAD:DSD_NAMAIN1@DF_QNA_EXPENDITURE_CAPITA(1.1),Quarterly GDP per capita,I,Q,Quarterly,Y,Calendar and seasonally adjusted,GBR,United Kingdom,S1,Total economy,S1,Total economy,B1GQ_POP,"Gross domestic product, per capita",_Z,Not applicable,_Z,Not applicable,_Z,Not applicable,USD_PPP_PS,"US dollars per person, PPP converted",LR,Chain linked volume (rebased),LA,Annual levels,T0102,Table 0102 - GDP identity from the expenditure side,2024-Q2,,54239.8,,2020,,,,F,Free (free for publication),1,One,A,Normal value,0,Units,USD,US dollar
DATAFLOW,OECD.SDD.NAD:DSD_NAMAIN1@DF_QNA_EXPENDITURE_CAPITA(1.1),Quarterly GDP per capita,I,Q,Quarterly,Y,Calendar and seasonally adjusted,GBR,United Kingdom,S1,Total economy,S1,Total economy,B1GQ_POP,"Gross domestic product, per capita",_Z,Not applicable,_Z,Not applicable,_Z,Not applicable,USD_PPP_PS,"US dollars per person, PPP converted",LR,Chain linked volume (rebased),LA,Annual levels,T0102,Table 0102 - GDP identity from the expenditure side,2023-Q1,,54571.9,,2020,,,,F,Free (free for publication),1,One,A,Normal value,0,Units,USD,US dollar
DATAFLOW,OECD.SDD.NAD:DSD_NAMAIN1@DF_QNA_EXPENDITURE_CAPITA(1.1),Quarterly GDP per capita,I,Q,Quarterly,Y,Calendar and seasonally adjusted,GBR,United Kingdom,S1,Total economy,S1,Total economy,B1GQ_POP,"Gross domestic product, per capita",_Z,Not applicable,_Z,Not applicable,_Z,Not applicable,USD_PPP_PS,"US dollars per person, PPP converted",LR,Chain linked volume (rebased),LA,Annual levels,T0102,Table 0102 - GDP identity from the expenditure side,2023-Q4,,53815.9,,2020,,,,F,Free (free for publication),1,One,A,Normal value,0,Units,USD,US dollar
DATAFLOW,OECD.SDD.NAD:DSD_NAMAIN1@DF_QNA_EXPENDITURE_CAPITA(1.1),Quarterly GDP per capita,I,Q,Quarterly,Y,Calendar and seasonally adjusted,GBR,United Kingdom,S1,Total economy,S1,Total economy,B1GQ_POP,"Gross domestic product, per capita",_Z,Not applicable,_Z,Not applicable,_Z,Not applicable,USD_PPP_PS,"US dollars per person, PPP converted",LR,Chain linked volume (rebased),LA,Annual levels,T0102,Table 0102 - GDP identity from the expenditure side,2023-Q3,,54137.9,,2020,,,,F,Free (free for publication),1,One,A,Normal value,0,Units,USD,US dollar
DATAFLOW,OECD.SDD.NAD:DSD_NAMAIN1@DF_QNA_EXPENDITURE_CAPITA(1.1),Quarterly GDP per capita,I,Q,Quarterly,Y,Calendar and seasonally adjusted,GBR,United Kingdom,S1,Total economy,S1,Total economy,B1GQ_POP,"Gross domestic product, per capita",_Z,Not applicable,_Z,Not applicable,_Z,Not applicable,USD_PPP_PS,"US dollars per person, PPP converted",LR,Chain linked volume (rebased),LA,Annual levels,T0102,Table 0102 - GDP identity from the expenditure side,2023-Q2,,54417.6,,2020,,,,F,Free (free for publication),1,One,A,Normal value,0,Units,USD,US dollar
DATAFLOW,OECD.SDD.NAD:DSD_NAMAIN1@DF_QNA_EXPENDITURE_CAPITA(1.1),Quarterly GDP per capita,I,Q,Quarterly,Y,Calendar and seasonally adjusted,GBR,United Kingdom,S1,Total economy,S1,Total economy,B1GQ_POP,"Gross domestic product, per capita",_Z,Not applicable,_Z,Not applicable,_Z,Not applicable,USD_PPP_PS,"US dollars per person, PPP converted",LR,Chain linked volume (rebased),LA,Annual levels,T0102,Table 0102 - GDP identity from the expenditure side,2025-Q2,,54810.4,,2020,,,,F,Free (free for publication),1,One,A,Normal value,0,Units,USD,US dollar
DATAFLOW,OECD.SDD.NAD:DSD_NAMAIN1@DF_QNA_EXPENDITURE_CAPITA(1.1),Quarterly GDP per capita,I,Q,Quarterly,Y,Calendar and seasonally adjusted,CHE,Switzerland,S1,Total economy,S1,Total economy,B1GQ_POP,"Gross domestic product, per capita",_Z,Not applicable,_Z,Not applicable,_Z,Not applicable,USD_PPP_PS,"US dollars per person, PPP converted",V,Current prices,LA,Annual levels,T0102,Table 0102 - GDP identity from the expenditure side,2025-Q1,,102232,,,,,,F,Free (free for publication),1,One,A,Normal value,0,Units,USD,US dollar
DATAFLOW,OECD.SDD.NAD:DSD_NAMAIN1@DF_QNA_EXPENDITURE_CAPITA(1.1),Quarterly GDP per capita,I,Q,Quarterly,Y,Calendar and seasonally adjusted,CHE,Switzerland,S1,Total economy,S1,Total economy,B1GQ_POP,"Gross domestic product, per capita",_Z,Not applicable,_Z,Not applicable,_Z,Not applicable,USD_PPP_PS,"US dollars per person, PPP converted",V,Current prices,LA,Annual levels,T0102,Table 0102 - GDP identity from the expenditure side,2024-Q4,,100712.3,,,,,,F,Free (free for publication),1,One,A,Normal value,0,Units,USD,US dollar
DATAFLOW,OECD.SDD.NAD:DSD_NAMAIN1@DF_QNA_EXPENDITURE_CAPITA(1.1),Quarterly GDP per capita,I,Q,Quarterly,Y,Calendar and seasonally adjusted,CHE,Switzerland,S1,Total economy,S1,Total economy,B1GQ_POP,"Gross domestic product, per capita",_Z,Not applicable,_Z,Not applicable,_Z,Not applicable,USD_PPP_PS,"US dollars per person, PPP converted",V,Current prices,LA,Annual levels,T0102,Table 0102 - GDP identity from the expenditure side,2024-Q3,,100230.6,,,,,,F,Free (free for publication),1,One,A,Normal value,0,Units,USD,US dollar
DATAFLOW,OECD.SDD.NAD:DSD_NAMAIN1@DF_QNA_EXPENDITURE_CAPITA(1.1),Quarterly GDP per capita,I,Q,Quarterly,Y,Calendar and seasonally adjusted,CHE,Switzerland,S1,Total economy,S1,Total economy,B1GQ_POP,"Gross domestic product, per capita",_Z,Not applicable,_Z,Not applicable,_Z,Not applicable,USD_PPP_PS,"US dollars per person, PPP converted",V,Current prices,LA,Annual levels,T0102,Table 0102 - GDP identity from the expenditure side,2024-Q2,,99854.2,,,,,,F,Free (free for publication),1,One,A,Normal value,0,Units,USD,US dollar
DATAFLOW,OECD.SDD.NAD:DSD_NAMAIN1@DF_QNA_EXPENDITURE_CAPITA(1.1),Quarterly GDP per capita,I,Q,Quarterly,Y,Calendar and seasonally adjusted,CHE,Switzerland,S1,Total economy,S1,Total economy,B1GQ_POP,"Gross domestic product, per capita",_Z,Not applicable,_Z,Not applicable,_Z,Not applicable,USD_PPP_PS,"US dollars per person, PPP converted",V,Current prices,LA,Annual levels,T0102,Table 0102 - GDP identity from the expenditure side,2024-Q1,,98605.6,,,,,,F,Free (free for publication),1,One,A,Normal value,0,Units,USD,US dollar
DATAFLOW,OECD.SDD.NAD:DSD_NAMAIN1@DF_QNA_EXPENDITURE_CAPITA(1.1),Quarterly GDP per capita,I,Q,Quarterly,Y,Calendar and seasonally adjusted,CHE,Switzerland,S1,Total economy,S1,Total economy,B1GQ_POP,"Gross domestic product, per capita",_Z,Not applicable,_Z,Not applicable,_Z,Not applicable,USD_PPP_PS,"US dollars per person, PPP converted",V,Current prices,LA,Annual levels,T0102,Table 0102 - GDP identity from the expenditure side,2023-Q4,,98231.4,,,,,,F,Free (free for publication),1,One,A,Normal value,0,Units,USD,US dollar
DATAFLOW,OECD.SDD.NAD:DSD_NAMAIN1@DF_QNA_EXPENDITURE_CAPITA(1.1),Quarterly GDP per capita,I,Q,Quarterly,Y,Calendar and seasonally adjusted,CHE,Switzerland,S1,Total economy,S1,Total economy,B1GQ_POP,"Gross domestic product, per capita",_Z,Not applicable,_Z,Not applicable,_Z,Not applicable,USD_PPP_PS,"US dollars per person, PPP converted",V,Current prices,LA,Annual levels,T0102,Table 0102 - GDP identity from the expenditure side,2023-Q3,,98339.4,,,,,,F,Free (free for publication),1,One,A,Normal value,0,Units,USD,US dollar
DATAFLOW,OECD.SDD.NAD:DSD_NAMAIN1@DF_QNA_EXPENDITURE_CAPITA(1.1),Quarterly GDP per capita,I,Q,Quarterly,Y,Calendar and seasonally adjusted,CHE,Switzerland,S1,Total economy,S1,Total economy,B1GQ_POP,"Gross domestic product, per capita",_Z,Not applicable,_Z,Not applicable,_Z,Not applicable,USD_PPP_PS,"US dollars per person, PPP converted",V,Current prices,LA,Annual levels,T0102,Table 0102 - GDP identity from the expenditure side,2023-Q2,,98041,,,,,,F,Free (free for publication),1,One,A,Normal value,0,Units,USD,US dollar
DATAFLOW,OECD.SDD.NAD:DSD_NAMAIN1@DF_QNA_EXPENDITURE_CAPITA(1.1),Quarterly GDP per capita,I,Q,Quarterly,Y,Calendar and seasonally adjusted,CHE,Switzerland,S1,Total economy,S1,Total economy,B1GQ_POP,"Gross domestic product, per capita",_Z,Not applicable,_Z,Not applicable,_Z,Not applicable,USD_PPP_PS,"US dollars per person, PPP converted",V,Current prices,LA,Annual levels,T0102,Table 0102 - GDP identity from the expenditure side,2023-Q1,,99364.2,,,,,,F,Free (free for publication),1,One,A,Normal value,0,Units,USD,US dollar
DATAFLOW,OECD.SDD.NAD:DSD_NAMAIN1@DF_QNA_EXPENDITURE_CAPITA(1.1),Quarterly GDP per capita,I,Q,Quarterly,Y,Calendar and seasonally adjusted,CHE,Switzerland,S1,Total economy,S1,Total economy,B1GQ_POP,"Gross domestic product, per capita",_Z,Not applicable,_Z,Not applicable,_Z,Not applicable,USD_PPP_PS,"US dollars per person, PPP converted",LR,Chain linked volume (rebased),LA,Annual levels,T0102,Table 0102 - GDP identity from the expenditure side,2023-Q3,,79806.5,,2020,,,,F,Free (free for publication),1,One,A,Normal value,0,Units,USD,US dollar
DATAFLOW,OECD.SDD.NAD:DSD_NAMAIN1@DF_QNA_EXPENDITURE_CAPITA(1.1),Quarterly GDP per capita,I,Q,Quarterly,Y,Calendar and seasonally adjusted,CHE,Switzerland,S1,Total economy,S1,Total economy,B1GQ_POP,"Gross domestic product, per capita",_Z,Not applicable,_Z,Not applicable,_Z,Not applicable,USD_PPP_PS,"US dollars per person, PPP converted",LR,Chain linked volume (rebased),LA,Annual levels,T0102,Table 0102 - GDP identity from the expenditure side,2025-Q1,,80803.4,,2020,,,,F,Free (free for publication),1,One,A,Normal value,0,Units,USD,US dollar
DATAFLOW,OECD.SDD.NAD:DSD_NAMAIN1@DF_QNA_EXPENDITURE_CAPITA(1.1),Quarterly GDP per capita,I,Q,Quarterly,Y,Calendar and seasonally adjusted,CHE,Switzerland,S1,Total economy,S1,Total economy,B1GQ_POP,"Gross domestic product, per capita",_Z,Not applicable,_Z,Not applicable,_Z,Not applicable,USD_PPP_PS,"US dollars per person, PPP converted",LR,Chain linked volume (rebased),LA,Annual levels,T0102,Table 0102 - GDP identity from the expenditure side,2024-Q4,,80297,,2020,,,,F,Free (free for publication),1,One,A,Normal value,0,Units,USD,US dollar
DATAFLOW,OECD.SDD.NAD:DSD_NAMAIN1@DF_QNA_EXPENDITURE_CAPITA(1.1),Quarterly GDP per capita,I,Q,Quarterly,Y,Calendar and seasonally adjusted,CHE,Switzerland,S1,Total economy,S1,Total economy,B1GQ_POP,"Gross domestic product, per capita",_Z,Not applicable,_Z,Not applicable,_Z,Not applicable,USD_PPP_PS,"US dollars per person, PPP converted",LR,Chain linked volume (rebased),LA,Annual levels,T0102,Table 0102 - GDP identity from the expenditure side,2024-Q3,,80344,,2020,,,,F,Free (free for publication),1,One,A,Normal value,0,Units,USD,US dollar
DATAFLOW,OECD.SDD.NAD:DSD_NAMAIN1@DF_QNA_EXPENDITURE_CAPITA(1.1),Quarterly GDP per capita,I,Q,Quarterly,Y,Calendar and seasonally adjusted,CHE,Switzerland,S1,Total economy,S1,Total economy,B1GQ_POP,"Gross domestic product, per capita",_Z,Not applicable,_Z,Not applicable,_Z,Not applicable,USD_PPP_PS,"US dollars per person, PPP converted",LR,Chain linked volume (rebased),LA,Annual levels,T0102,Table 0102 - GDP identity from the expenditure side,2023-Q2,,79719.2,,2020,,,,F,Free (free for publication),1,One,A,Normal value,0,Units,USD,US dollar
DATAFLOW,OECD.SDD.NAD:DSD_NAMAIN1@DF_QNA_EXPENDITURE_CAPITA(1.1),Quarterly GDP per capita,I,Q,Quarterly,Y,Calendar and seasonally adjusted,CHE,Switzerland,S1,Total economy,S1,Total economy,B1GQ_POP,"Gross domestic product, per capita",_Z,Not applicable,_Z,Not applicable,_Z,Not applicable,USD_PPP_PS,"US dollars per person, PPP converted",LR,Chain linked volume (rebased),LA,Annual levels,T0102,Table 0102 - GDP identity from the expenditure side,2023-Q1,,80340.4,,2020,,,,F,Free (free for publication),1,One,A,Normal value,0,Units,USD,US dollar
DATAFLOW,OECD.SDD.NAD:DSD_NAMAIN1@DF_QNA_EXPENDITURE_CAPITA(1.1),Quarterly GDP per capita,I,Q,Quarterly,Y,Calendar and seasonally adjusted,CHE,Switzerland,S1,Total economy,S1,Total economy,B1GQ_POP,"Gross domestic product, per capita",_Z,Not applicable,_Z,Not applicable,_Z,Not applicable,USD_PPP_PS,"US dollars per person, PPP converted",LR,Chain linked volume (rebased),LA,Annual levels,T0102,Table 0102 - GDP identity from the expenditure side,2024-Q2,,80223.8,,2020,,,,F,Free (free for publication),1,One,A,Normal value,0,Units,USD,US dollar
DATAFLOW,OECD.SDD.NAD:DSD_NAMAIN1@DF_QNA_EXPENDITURE_CAPITA(1.1),Quarterly GDP per capita,I,Q,Quarterly,Y,Calendar and seasonally adjusted,CHE,Switzerland,S1,Total economy,S1,Total economy,B1GQ_POP,"Gross domestic product, per capita",_Z,Not applicable,_Z,Not applicable,_Z,Not applicable,USD_PPP_PS,"US dollars per person, PPP converted",LR,Chain linked volume (rebased),LA,Annual levels,T0102,Table 0102 - GDP identity from the expenditure side,2024-Q1,,79635.9,,2020,,,,F,Free (free for publication),1,One,A,Normal value,0,Units,USD,US dollar
DATAFLOW,OECD.SDD.NAD:DSD_NAMAIN1@DF_QNA_EXPENDITURE_CAPITA(1.1),Quarterly GDP per capita,I,Q,Quarterly,Y,Calendar and seasonally adjusted,CHE,Switzerland,S1,Total economy,S1,Total economy,B1GQ_POP,"Gross domestic product, per capita",_Z,Not applicable,_Z,Not applicable,_Z,Not applicable,USD_PPP_PS,"US dollars per person, PPP converted",LR,Chain linked volume (rebased),LA,Annual levels,T0102,Table 0102 - GDP identity from the expenditure side,2023-Q4,,79802.5,,2020,,,,F,Free (free for publication),1,One,A,Normal value,0,Units,USD,US dollar
DATAFLOW,OECD.SDD.NAD:DSD_NAMAIN1@DF_QNA_EXPENDITURE_CAPITA(1.1),Quarterly GDP per capita,I,Q,Quarterly,Y,Calendar and seasonally adjusted,CHE,Switzerland,S1,Total economy,S1,Total economy,B1GQ_POP,"Gross domestic product, per capita",_Z,Not applicable,_Z,Not applicable,_Z,Not applicable,USD_PPP_PS,"US dollars per person, PPP converted",V,Current prices,LA,Annual levels,T0102,Table 0102 - GDP identity from the expenditure side,2025-Q4,,104307.4,,,,,,F,Free (free for publication),1,One,A,Normal value,0,Units,USD,US dollar
DATAFLOW,OECD.SDD.NAD:DSD_NAMAIN1@DF_QNA_EXPENDITURE_CAPITA(1.1),Quarterly GDP per capita,I,Q,Quarterly,Y,Calendar and seasonally adjusted,CHE,Switzerland,S1,Total economy,S1,Total economy,B1GQ_POP,"Gross domestic product, per capita",_Z,Not applicable,_Z,Not applicable,_Z,Not applicable,USD_PPP_PS,"US dollars per person, PPP converted",LR,Chain linked volume (rebased),LA,Annual levels,T0102,Table 0102 - GDP identity from the expenditure side,2025-Q4,,80244.7,,2020,,,,F,Free (free for publication),1,One,A,Normal value,0,Units,USD,US dollar
DATAFLOW,OECD.SDD.NAD:DSD_NAMAIN1@DF_QNA_EXPENDITURE_CAPITA(1.1),Quarterly GDP per capita,I,Q,Quarterly,Y,Calendar and seasonally adjusted,CHE,Switzerland,S1,Total economy,S1,Total economy,B1GQ_POP,"Gross domestic product, per capita",_Z,Not applicable,_Z,Not applicable,_Z,Not applicable,USD_PPP_PS,"US dollars per person, PPP converted",LR,Chain linked volume (rebased),LA,Annual levels,T0102,Table 0102 - GDP identity from the expenditure side,2025-Q3,,80249.2,,2020,,,,F,Free (free for publication),1,One,A,Normal value,0,Units,USD,US dollar
DATAFLOW,OECD.SDD.NAD:DSD_NAMAIN1@DF_QNA_EXPENDITURE_CAPITA(1.1),Quarterly GDP per capita,I,Q,Quarterly,Y,Calendar and seasonally adjusted,CHE,Switzerland,S1,Total economy,S1,Total economy,B1GQ_POP,"Gross domestic product, per capita",_Z,Not applicable,_Z,Not applicable,_Z,Not applicable,USD_PPP_PS,"US dollars per person, PPP converted",LR,Chain linked volume (rebased),LA,Annual levels,T0102,Table 0102 - GDP identity from the expenditure side,2025-Q2,,80779.2,,2020,,,,F,Free (free for publication),1,One,A,Normal value,0,Units,USD,US dollar
DATAFLOW,OECD.SDD.NAD:DSD_NAMAIN1@DF_QNA_EXPENDITURE_CAPITA(1.1),Quarterly GDP per capita,I,Q,Quarterly,Y,Calendar and seasonally adjusted,CHE,Switzerland,S1,Total economy,S1,Total economy,B1GQ_POP,"Gross domestic product, per capita",_Z,Not applicable,_Z,Not applicable,_Z,Not applicable,USD_PPP_PS,"US dollars per person, PPP converted",V,Current prices,LA,Annual levels,T0102,Table 0102 - GDP identity from the expenditure side,2025-Q3,,103220.1,,,,,,F,Free (free for publication),1,One,A,Normal value,0,Units,USD,US dollar
DATAFLOW,OECD.SDD.NAD:DSD_NAMAIN1@DF_QNA_EXPENDITURE_CAPITA(1.1),Quarterly GDP per capita,I,Q,Quarterly,Y,Calendar and seasonally adjusted,SWE,Sweden,S1,Total economy,S1,Total economy,B1GQ_POP,"Gross domestic product, per capita",_Z,Not applicable,_Z,Not applicable,_Z,Not applicable,USD_PPP_PS,"US dollars per person, PPP converted",LR,Chain linked volume (rebased),LA,Annual levels,T0102,Table 0102 - GDP identity from the expenditure side,2024-Q2,,60063.9,,2020,,,,F,Free (free for publication),1,One,A,Normal value,0,Units,USD,US dollar
DATAFLOW,OECD.SDD.NAD:DSD_NAMAIN1@DF_QNA_EXPENDITURE_CAPITA(1.1),Quarterly GDP per capita,I,Q,Quarterly,Y,Calendar and seasonally adjusted,SWE,Sweden,S1,Total economy,S1,Total economy,B1GQ_POP,"Gross domestic product, per capita",_Z,Not applicable,_Z,Not applicable,_Z,Not applicable,USD_PPP_PS,"US dollars per person, PPP converted",LR,Chain linked volume (rebased),LA,Annual levels,T0102,Table 0102 - GDP identity from the expenditure side,2024-Q1,,60890.2,,2020,,,,F,Free (free for publication),1,One,A,Normal value,0,Units,USD,US dollar
DATAFLOW,OECD.SDD.NAD:DSD_NAMAIN1@DF_QNA_EXPENDITURE_CAPITA(1.1),Quarterly GDP per capita,I,Q,Quarterly,Y,Calendar and seasonally adjusted,SWE,Sweden,S1,Total economy,S1,Total economy,B1GQ_POP,"Gross domestic product, per capita",_Z,Not applicable,_Z,Not applicable,_Z,Not applicable,USD_PPP_PS,"US dollars per person, PPP converted",LR,Chain linked volume (rebased),LA,Annual levels,T0102,Table 0102 - GDP identity from the expenditure side,2023-Q4,,59112.8,,2020,,,,F,Free (free for publication),1,One,A,Normal value,0,Units,USD,US dollar
DATAFLOW,OECD.SDD.NAD:DSD_NAMAIN1@DF_QNA_EXPENDITURE_CAPITA(1.1),Quarterly GDP per capita,I,Q,Quarterly,Y,Calendar and seasonally adjusted,SWE,Sweden,S1,Total economy,S1,Total economy,B1GQ_POP,"Gross domestic product, per capita",_Z,Not applicable,_Z,Not applicable,_Z,Not applicable,USD_PPP_PS,"US dollars per person, PPP converted",LR,Chain linked volume (rebased),LA,Annual levels,T0102,Table 0102 - GDP identity from the expenditure side,2023-Q3,,60123.8,,2020,,,,F,Free (free for publication),1,One,A,Normal value,0,Units,USD,US dollar
DATAFLOW,OECD.SDD.NAD:DSD_NAMAIN1@DF_QNA_EXPENDITURE_CAPITA(1.1),Quarterly GDP per capita,I,Q,Quarterly,Y,Calendar and seasonally adjusted,SWE,Sweden,S1,Total economy,S1,Total economy,B1GQ_POP,"Gross domestic product, per capita",_Z,Not applicable,_Z,Not applicable,_Z,Not applicable,USD_PPP_PS,"US dollars per person, PPP converted",LR,Chain linked volume (rebased),LA,Annual levels,T0102,Table 0102 - GDP identity from the expenditure side,2023-Q2,,59323.5,,2020,,,,F,Free (free for publication),1,One,A,Normal value,0,Units,USD,US dollar
DATAFLOW,OECD.SDD.NAD:DSD_NAMAIN1@DF_QNA_EXPENDITURE_CAPITA(1.1),Quarterly GDP per capita,I,Q,Quarterly,Y,Calendar and seasonally adjusted,SWE,Sweden,S1,Total economy,S1,Total economy,B1GQ_POP,"Gross domestic product, per capita",_Z,Not applicable,_Z,Not applicable,_Z,Not applicable,USD_PPP_PS,"US dollars per person, PPP converted",LR,Chain linked volume (rebased),LA,Annual levels,T0102,Table 0102 - GDP identity from the expenditure side,2023-Q1,,59991.9,,2020,,,,F,Free (free for publication),1,One,A,Normal value,0,Units,USD,US dollar
DATAFLOW,OECD.SDD.NAD:DSD_NAMAIN1@DF_QNA_EXPENDITURE_CAPITA(1.1),Quarterly GDP per capita,I,Q,Quarterly,Y,Calendar and seasonally adjusted,SWE,Sweden,S1,Total economy,S1,Total economy,B1GQ_POP,"Gross domestic product, per capita",_Z,Not applicable,_Z,Not applicable,_Z,Not applicable,USD_PPP_PS,"US dollars per person, PPP converted",LR,Chain linked volume (rebased),LA,Annual levels,T0102,Table 0102 - GDP identity from the expenditure side,2025-Q3,,61542.2,,2020,,,,F,Free (free for publication),1,One,A,Normal value,0,Units,USD,US dollar
DATAFLOW,OECD.SDD.NAD:DSD_NAMAIN1@DF_QNA_EXPENDITURE_CAPITA(1.1),Quarterly GDP per capita,I,Q,Quarterly,Y,Calendar and seasonally adjusted,SWE,Sweden,S1,Total economy,S1,Total economy,B1GQ_POP,"Gross domestic product, per capita",_Z,Not applicable,_Z,Not applicable,_Z,Not applicable,USD_PPP_PS,"US dollars per person, PPP converted",LR,Chain linked volume (rebased),LA,Annual levels,T0102,Table 0102 - GDP identity from the expenditure side,2025-Q2,,61393,,2020,,,,F,Free (free for publication),1,One,A,Normal value,0,Units,USD,US dollar
DATAFLOW,OECD.SDD.NAD:DSD_NAMAIN1@DF_QNA_EXPENDITURE_CAPITA(1.1),Quarterly GDP per capita,I,Q,Quarterly,Y,Calendar and seasonally adjusted,SWE,Sweden,S1,Total economy,S1,Total economy,B1GQ_POP,"Gross domestic product, per capita",_Z,Not applicable,_Z,Not applicable,_Z,Not applicable,USD_PPP_PS,"US dollars per person, PPP converted",LR,Chain linked volume (rebased),LA,Annual levels,T0102,Table 0102 - GDP identity from the expenditure side,2025-Q1,,60735.9,,2020,,,,F,Free (free for publication),1,One,A,Normal value,0,Units,USD,US dollar
DATAFLOW,OECD.SDD.NAD:DSD_NAMAIN1@DF_QNA_EXPENDITURE_CAPITA(1.1),Quarterly GDP per capita,I,Q,Quarterly,Y,Calendar and seasonally adjusted,SWE,Sweden,S1,Total economy,S1,Total economy,B1GQ_POP,"Gross domestic product, per capita",_Z,Not applicable,_Z,Not applicable,_Z,Not applicable,USD_PPP_PS,"US dollars per person, PPP converted",LR,Chain linked volume (rebased),LA,Annual levels,T0102,Table 0102 - GDP identity from the expenditure side,2025-Q4,,62002.2,,2020,,,,F,Free (free for publication),1,One,A,Normal value,0,Units,USD,US dollar
DATAFLOW,OECD.SDD.NAD:DSD_NAMAIN1@DF_QNA_EXPENDITURE_CAPITA(1.1),Quarterly GDP per capita,I,Q,Quarterly,Y,Calendar and seasonally adjusted,SWE,Sweden,S1,Total economy,S1,Total economy,B1GQ_POP,"Gross domestic product, per capita",_Z,Not applicable,_Z,Not applicable,_Z,Not applicable,USD_PPP_PS,"US dollars per person, PPP converted",V,Current prices,LA,Annual levels,T0102,Table 0102 - GDP identity from the expenditure side,2025-Q1,,72198.7,,,,,,F,Free (free for publication),1,One,A,Normal value,0,Units,USD,US dollar
DATAFLOW,OECD.SDD.NAD:DSD_NAMAIN1@DF_QNA_EXPENDITURE_CAPITA(1.1),Quarterly GDP per capita,I,Q,Quarterly,Y,Calendar and seasonally adjusted,FRA,France,S1,Total economy,S1,Total economy,B1GQ_POP,"Gross domestic product, per capita",_Z,Not applicable,_Z,Not applicable,_Z,Not applicable,USD_PPP_PS,"US dollars per person, PPP converted",LR,Chain linked volume (rebased),LA,Annual levels,T0102,Table 0102 - GDP identity from the expenditure side,2023-Q3,,54676.2,,2020,,,,F,Free (free for publication),1,One,A,Normal value,0,Units,USD,US dollar
DATAFLOW,OECD.SDD.NAD:DSD_NAMAIN1@DF_QNA_EXPENDITURE_CAPITA(1.1),Quarterly GDP per capita,I,Q,Quarterly,Y,Calendar and seasonally adjusted,FRA,France,S1,Total economy,S1,Total economy,B1GQ_POP,"Gross domestic product, per capita",_Z,Not applicable,_Z,Not applicable,_Z,Not applicable,USD_PPP_PS,"US dollars per person, PPP converted",LR,Chain linked volume (rebased),LA,Annual levels,T0102,Table 0102 - GDP identity from the expenditure side,2023-Q2,,54524.3,,2020,,,,F,Free (free for publication),1,One,A,Normal value,0,Units,USD,US dollar
DATAFLOW,OECD.SDD.NAD:DSD_NAMAIN1@DF_QNA_EXPENDITURE_CAPITA(1.1),Quarterly GDP per capita,I,Q,Quarterly,Y,Calendar and seasonally adjusted,FRA,France,S1,Total economy,S1,Total economy,B1GQ_POP,"Gross domestic product, per capita",_Z,Not applicable,_Z,Not applicable,_Z,Not applicable,USD_PPP_PS,"US dollars per person, PPP converted",LR,Chain linked volume (rebased),LA,Annual levels,T0102,Table 0102 - GDP identity from the expenditure side,2023-Q1,,54055.1,,2020,,,,F,Free (free for publication),1,One,A,Normal value,0,Units,USD,US dollar
DATAFLOW,OECD.SDD.NAD:DSD_NAMAIN1@DF_QNA_EXPENDITURE_CAPITA(1.1),Quarterly GDP per capita,I,Q,Quarterly,Y,Calendar and seasonally adjusted,FRA,France,S1,Total economy,S1,Total economy,B1GQ_POP,"Gross domestic product, per capita",_Z,Not applicable,_Z,Not applicable,_Z,Not applicable,USD_PPP_PS,"US dollars per person, PPP converted",V,Current prices,LA,Annual levels,T0102,Table 0102 - GDP identity from the expenditure side,2024-Q2,,62593.3,,,,,,F,Free (free for publication),1,One,A,Normal value,0,Units,USD,US dollar
DATAFLOW,OECD.SDD.NAD:DSD_NAMAIN1@DF_QNA_EXPENDITURE_CAPITA(1.1),Quarterly GDP per capita,I,Q,Quarterly,Y,Calendar and seasonally adjusted,FRA,France,S1,Total economy,S1,Total economy,B1GQ_POP,"Gross domestic product, per capita",_Z,Not applicable,_Z,Not applicable,_Z,Not applicable,USD_PPP_PS,"US dollars per person, PPP converted",V,Current prices,LA,Annual levels,T0102,Table 0102 - GDP identity from the expenditure side,2024-Q1,,62277.6,,,,,,F,Free (free for publication),1,One,A,Normal value,0,Units,USD,US dollar
DATAFLOW,OECD.SDD.NAD:DSD_NAMAIN1@DF_QNA_EXPENDITURE_CAPITA(1.1),Quarterly GDP per capita,I,Q,Quarterly,Y,Calendar and seasonally adjusted,FRA,France,S1,Total economy,S1,Total economy,B1GQ_POP,"Gross domestic product, per capita",_Z,Not applicable,_Z,Not applicable,_Z,Not applicable,USD_PPP_PS,"US dollars per person, PPP converted",V,Current prices,LA,Annual levels,T0102,Table 0102 - GDP identity from the expenditure side,2023-Q4,,61998.4,,,,,,F,Free (free for publication),1,One,A,Normal value,0,Units,USD,US dollar
DATAFLOW,OECD.SDD.NAD:DSD_NAMAIN1@DF_QNA_EXPENDITURE_CAPITA(1.1),Quarterly GDP per capita,I,Q,Quarterly,Y,Calendar and seasonally adjusted,JPN,Japan,S1,Total economy,S1,Total economy,B1GQ_POP,"Gross domestic product, per capita",_Z,Not applicable,_Z,Not applicable,_Z,Not applicable,USD_PPP_PS,"US dollars per person, PPP converted",LR,Chain linked volume (rebased),LA,Annual levels,T0102,Table 0102 - GDP identity from the expenditure side,2024-Q1,,46608.1,,2020,,,,F,Free (free for publication),1,One,A,Normal value,0,Units,USD,US dollar
DATAFLOW,OECD.SDD.NAD:DSD_NAMAIN1@DF_QNA_EXPENDITURE_CAPITA(1.1),Quarterly GDP per capita,I,Q,Quarterly,Y,Calendar and seasonally adjusted,JPN,Japan,S1,Total economy,S1,Total economy,B1GQ_POP,"Gross domestic product, per capita",_Z,Not applicable,_Z,Not applicable,_Z,Not applicable,USD_PPP_PS,"US dollars per person, PPP converted",LR,Chain linked volume (rebased),LA,Annual levels,T0102,Table 0102 - GDP identity from the expenditure side,2023-Q4,,46695,,2020,,,,F,Free (free for publication),1,One,A,Normal value,0,Units,USD,US dollar
DATAFLOW,OECD.SDD.NAD:DSD_NAMAIN1@DF_QNA_EXPENDITURE_CAPITA(1.1),Quarterly GDP per capita,I,Q,Quarterly,Y,Calendar and seasonally adjusted,JPN,Japan,S1,Total economy,S1,Total economy,B1GQ_POP,"Gross domestic product, per capita",_Z,Not applicable,_Z,Not applicable,_Z,Not applicable,USD_PPP_PS,"US dollars per person, PPP converted",LR,Chain linked volume (rebased),LA,Annual levels,T0102,Table 0102 - GDP identity from the expenditure side,2023-Q3,,46371.2,,2020,,,,F,Free (free for publication),1,One,A,Normal value,0,Units,USD,US dollar
DATAFLOW,OECD.SDD.NAD:DSD_NAMAIN1@DF_QNA_EXPENDITURE_CAPITA(1.1),Quarterly GDP per capita,I,Q,Quarterly,Y,Calendar and seasonally adjusted,JPN,Japan,S1,Total economy,S1,Total economy,B1GQ_POP,"Gross domestic product, per capita",_Z,Not applicable,_Z,Not applicable,_Z,Not applicable,USD_PPP_PS,"US dollars per person, PPP converted",LR,Chain linked volume (rebased),LA,Annual levels,T0102,Table 0102 - GDP identity from the expenditure side,2023-Q2,,46951.2,,2020,,,,F,Free (free for publication),1,One,A,Normal value,0,Units,USD,US dollar
DATAFLOW,OECD.SDD.NAD:DSD_NAMAIN1@DF_QNA_EXPENDITURE_CAPITA(1.1),Quarterly GDP per capita,I,Q,Quarterly,Y,Calendar and seasonally adjusted,JPN,Japan,S1,Total economy,S1,Total economy,B1GQ_POP,"Gross domestic product, per capita",_Z,Not applicable,_Z,Not applicable,_Z,Not applicable,USD_PPP_PS,"US dollars per person, PPP converted",LR,Chain linked volume (rebased),LA,Annual levels,T0102,Table 0102 - GDP identity from the expenditure side,2023-Q1,,46899.9,,2020,,,,F,Free (free for publication),1,One,A,Normal value,0,Units,USD,US dollar
DATAFLOW,OECD.SDD.NAD:DSD_NAMAIN1@DF_QNA_EXPENDITURE_CAPITA(1.1),Quarterly GDP per capita,I,Q,Quarterly,Y,Calendar and seasonally adjusted,JPN,Japan,S1,Total economy,S1,Total economy,B1GQ_POP,"Gross domestic product, per capita",_Z,Not applicable,_Z,Not applicable,_Z,Not applicable,USD_PPP_PS,"US dollars per person, PPP converted",LR,Chain linked volume (rebased),LA,Annual levels,T0102,Table 0102 - GDP identity from the expenditure side,2025-Q4,,47659.5,,2020,,,,F,Free (free for publication),1,One,A,Normal value,0,Units,USD,US dollar
DATAFLOW,OECD.SDD.NAD:DSD_NAMAIN1@DF_QNA_EXPENDITURE_CAPITA(1.1),Quarterly GDP per capita,I,Q,Quarterly,Y,Calendar and seasonally adjusted,ITA,Italy,S1,Total economy,S1,Total economy,B1GQ_POP,"Gross domestic product, per capita",_Z,Not applicable,_Z,Not applicable,_Z,Not applicable,USD_PPP_PS,"US dollars per person, PPP converted",V,Current prices,LA,Annual levels,T0102,Table 0102 - GDP identity from the expenditure side,2024-Q2,,62317.8,,,,,,F,Free (free for publication),1,One,A,Normal value,0,Units,USD,US dollar
DATAFLOW,OECD.SDD.NAD:DSD_NAMAIN1@DF_QNA_EXPENDITURE_CAPITA(1.1),Quarterly GDP per capita,I,Q,Quarterly,Y,Calendar and seasonally adjusted,ITA,Italy,S1,Total economy,S1,Total economy,B1GQ_POP,"Gross domestic product, per capita",_Z,Not applicable,_Z,Not applicable,_Z,Not applicable,USD_PPP_PS,"US dollars per person, PPP converted",V,Current prices,LA,Annual levels,T0102,Table 0102 - GDP identity from the expenditure side,2024-Q1,,61786.8,,,,,,F,Free (free for publication),1,One,A,Normal value,0,Units,USD,US dollar
DATAFLOW,OECD.SDD.NAD:DSD_NAMAIN1@DF_QNA_EXPENDITURE_CAPITA(1.1),Quarterly GDP per capita,I,Q,Quarterly,Y,Calendar and seasonally adjusted,ROU,Romania,S1,Total economy,S1,Total economy,B1GQ_POP,"Gross domestic product, per capita",_Z,Not applicable,_Z,Not applicable,_Z,Not applicable,USD_PPP_PS,"US dollars per person, PPP converted",LR,Chain linked volume (rebased),LA,Annual levels,T0102,Table 0102 - GDP identity from the expenditure side,2023-Q2,,36523.2,,2020,,,,F,Free (free for publication),1,One,A,Normal value,0,Units,USD,US dollar
DATAFLOW,OECD.SDD.NAD:DSD_NAMAIN1@DF_QNA_EXPENDITURE_CAPITA(1.1),Quarterly GDP per capita,I,Q,Quarterly,Y,Calendar and seasonally adjusted,ROU,Romania,S1,Total economy,S1,Total economy,B1GQ_POP,"Gross domestic product, per capita",_Z,Not applicable,_Z,Not applicable,_Z,Not applicable,USD_PPP_PS,"US dollars per person, PPP converted",LR,Chain linked volume (rebased),LA,Annual levels,T0102,Table 0102 - GDP identity from the expenditure side,2023-Q1,,36158.7,,2020,,,,F,Free (free for publication),1,One,A,Normal value,0,Units,USD,US dollar
DATAFLOW,OECD.SDD.NAD:DSD_NAMAIN1@DF_QNA_EXPENDITURE_CAPITA(1.1),Quarterly GDP per capita,I,Q,Quarterly,Y,Calendar and seasonally adjusted,HRV,Croatia,S1,Total economy,S1,Total economy,B1GQ_POP,"Gross domestic product, per capita",_Z,Not applicable,_Z,Not applicable,_Z,Not applicable,USD_PPP_PS,"US dollars per person, PPP converted",LR,Chain linked volume (rebased),LA,Annual levels,T0102,Table 0102 - GDP identity from the expenditure side,2023-Q3,,37844.593854475,,2020,,,,F,Free (free for publication),1,One,A,Normal value,0,Units,USD,US dollar
DATAFLOW,OECD.SDD.NAD:DSD_NAMAIN1@DF_QNA_EXPENDITURE_CAPITA(1.1),Quarterly GDP per capita,I,Q,Quarterly,Y,Calendar and seasonally adjusted,HRV,Croatia,S1,Total economy,S1,Total economy,B1GQ_POP,"Gross domestic product, per capita",_Z,Not applicable,_Z,Not applicable,_Z,Not applicable,USD_PPP_PS,"US dollars per person, PPP converted",LR,Chain linked volume (rebased),LA,Annual levels,T0102,Table 0102 - GDP identity from the expenditure side,2023-Q2,,37853.44189945,,2020,,,,F,Free (free for publication),1,One,A,Normal value,0,Units,USD,US dollar
DATAFLOW,OECD.SDD.NAD:DSD_NAMAIN1@DF_QNA_EXPENDITURE_CAPITA(1.1),Quarterly GDP per capita,I,Q,Quarterly,Y,Calendar and seasonally adjusted,HRV,Croatia,S1,Total economy,S1,Total economy,B1GQ_POP,"Gross domestic product, per capita",_Z,Not applicable,_Z,Not applicable,_Z,Not applicable,USD_PPP_PS,"US dollars per person, PPP converted",LR,Chain linked volume (rebased),LA,Annual levels,T0102,Table 0102 - GDP identity from the expenditure side,2023-Q1,,37159.385172198,,2020,,,,F,Free (free for publication),1,One,A,Normal value,0,Units,USD,US dollar
DATAFLOW,OECD.SDD.NAD:DSD_NAMAIN1@DF_QNA_EXPENDITURE_CAPITA(1.1),Quarterly GDP per capita,I,Q,Quarterly,Y,Calendar and seasonally adjusted,HRV,Croatia,S1,Total economy,S1,Total economy,B1GQ_POP,"Gross domestic product, per capita",_Z,Not applicable,_Z,Not applicable,_Z,Not applicable,USD_PPP_PS,"US dollars per person, PPP converted",LR,Chain linked volume (rebased),LA,Annual levels,T0102,Table 0102 - GDP identity from the expenditure side,2023-Q4,,38459.455619309,,2020,,,,F,Free (free for publication),1,One,A,Normal value,0,Units,USD,US dollar
DATAFLOW,OECD.SDD.NAD:DSD_NAMAIN1@DF_QNA_EXPENDITURE_CAPITA(1.1),Quarterly GDP per capita,I,Q,Quarterly,Y,Calendar and seasonally adjusted,HRV,Croatia,S1,Total economy,S1,Total economy,B1GQ_POP,"Gross domestic product, per capita",_Z,Not applicable,_Z,Not applicable,_Z,Not applicable,USD_PPP_PS,"US dollars per person, PPP converted",V,Current prices,LA,Annual levels,T0102,Table 0102 - GDP identity from the expenditure side,2023-Q4,,49153.454406002,,,,,,F,Free (free for publication),1,One,A,Normal value,0,Units,USD,US dollar
DATAFLOW,OECD.SDD.NAD:DSD_NAMAIN1@DF_QNA_EXPENDITURE_CAPITA(1.1),Quarterly GDP per capita,I,Q,Quarterly,Y,Calendar and seasonally adjusted,HRV,Croatia,S1,Total economy,S1,Total economy,B1GQ_POP,"Gross domestic product, per capita",_Z,Not applicable,_Z,Not applicable,_Z,Not applicable,USD_PPP_PS,"US dollars per person, PPP converted",V,Current prices,LA,Annual levels,T0102,Table 0102 - GDP identity from the expenditure side,2023-Q3,,48470.082054322,,,,,,F,Free (free for publication),1,One,A,Normal value,0,Units,USD,US dollar
DATAFLOW,OECD.SDD.NAD:DSD_NAMAIN1@DF_QNA_EXPENDITURE_CAPITA(1.1),Quarterly GDP per capita,I,Q,Quarterly,Y,Calendar and seasonally adjusted,HRV,Croatia,S1,Total economy,S1,Total economy,B1GQ_POP,"Gross domestic product, per capita",_Z,Not applicable,_Z,Not applicable,_Z,Not applicable,USD_PPP_PS,"US dollars per person, PPP converted",V,Current prices,LA,Annual levels,T0102,Table 0102 - GDP identity from the expenditure side,2023-Q2,,47544.808121364,,,,,,F,Free (free for publication),1,One,A,Normal value,0,Units,USD,US dollar
DATAFLOW,OECD.SDD.NAD:DSD_NAMAIN1@DF_QNA_EXPENDITURE_CAPITA(1.1),Quarterly GDP per capita,I,Q,Quarterly,Y,Calendar and seasonally adjusted,HRV,Croatia,S1,Total economy,S1,Total economy,B1GQ_POP,"Gross domestic product, per capita",_Z,Not applicable,_Z,Not applicable,_Z,Not applicable,USD_PPP_PS,"US dollars per person, PPP converted",V,Current prices,LA,Annual levels,T0102,Table 0102 - GDP identity from the expenditure side,2023-Q1,,45336.152311875,,,,,,F,Free (free for publication),1,One,A,Normal value,0,Units,USD,US dollar
DATAFLOW,OECD.SDD.NAD:DSD_NAMAIN1@DF_QNA_EXPENDITURE_CAPITA(1.1),Quarterly GDP per capita,I,Q,Quarterly,Y,Calendar and seasonally adjusted,BGR,Bulgaria,S1,Total economy,S1,Total economy,B1GQ_POP,"Gross domestic product, per capita",_Z,Not applicable,_Z,Not applicable,_Z,Not applicable,USD_PPP_PS,"US dollars per person, PPP converted",V,Current prices,LA,Annual levels,T0102,Table 0102 - GDP identity from the expenditure side,2023-Q1,,37236.7,,,,,,F,Free (free for publication),1,One,A,Normal value,0,Units,USD,US dollar
DATAFLOW,OECD.SDD.NAD:DSD_NAMAIN1@DF_QNA_EXPENDITURE_CAPITA(1.1),Quarterly GDP per capita,I,Q,Quarterly,Y,Calendar and seasonally adjusted,BGR,Bulgaria,S1,Total economy,S1,Total economy,B1GQ_POP,"Gross domestic product, per capita",_Z,Not applicable,_Z,Not applicable,_Z,Not applicable,USD_PPP_PS,"US dollars per person, PPP converted",LR,Chain linked volume (rebased),LA,Annual levels,T0102,Table 0102 - GDP identity from the expenditure side,2023-Q1,,29638.6,,2020,,,,F,Free (free for publication),1,One,A,Normal value,0,Units,USD,US dollar
DATAFLOW,OECD.SDD.NAD:DSD_NAMAIN1@DF_QNA_EXPENDITURE_CAPITA(1.1),Quarterly GDP per capita,I,Q,Quarterly,Y,Calendar and seasonally adjusted,BGR,Bulgaria,S1,Total economy,S1,Total economy,B1GQ_POP,"Gross domestic product, per capita",_Z,Not applicable,_Z,Not applicable,_Z,Not applicable,USD_PPP_PS,"US dollars per person, PPP converted",LR,Chain linked volume (rebased),LA,Annual levels,T0102,Table 0102 - GDP identity from the expenditure side,2024-Q3,,30896.8,,2020,,,,F,Free (free for publication),1,One,A,Normal value,0,Units,USD,US dollar
DATAFLOW,OECD.SDD.NAD:DSD_NAMAIN1@DF_QNA_EXPENDITURE_CAPITA(1.1),Quarterly GDP per capita,I,Q,Quarterly,Y,Calendar and seasonally adjusted,BGR,Bulgaria,S1,Total economy,S1,Total economy,B1GQ_POP,"Gross domestic product, per capita",_Z,Not applicable,_Z,Not applicable,_Z,Not applicable,USD_PPP_PS,"US dollars per person, PPP converted",LR,Chain linked volume (rebased),LA,Annual levels,T0102,Table 0102 - GDP identity from the expenditure side,2024-Q2,,30640.2,,2020,,,,F,Free (free for publication),1,One,A,Normal value,0,Units,USD,US dollar
DATAFLOW,OECD.SDD.NAD:DSD_NAMAIN1@DF_QNA_EXPENDITURE_CAPITA(1.1),Quarterly GDP per capita,I,Q,Quarterly,Y,Calendar and seasonally adjusted,BGR,Bulgaria,S1,Total economy,S1,Total economy,B1GQ_POP,"Gross domestic product, per capita",_Z,Not applicable,_Z,Not applicable,_Z,Not applicable,USD_PPP_PS,"US dollars per person, PPP converted",LR,Chain linked volume (rebased),LA,Annual levels,T0102,Table 0102 - GDP identity from the expenditure side,2024-Q1,,30352.9,,2020,,,,F,Free (free for publication),1,One,A,Normal value,0,Units,USD,US dollar
DATAFLOW,OECD.SDD.NAD:DSD_NAMAIN1@DF_QNA_EXPENDITURE_CAPITA(1.1),Quarterly GDP per capita,I,Q,Quarterly,Y,Calendar and seasonally adjusted,SWE,Sweden,S1,Total economy,S1,Total economy,B1GQ_POP,"Gross domestic product, per capita",_Z,Not applicable,_Z,Not applicable,_Z,Not applicable,USD_PPP_PS,"US dollars per person, PPP converted",V,Current prices,LA,Annual levels,T0102,Table 0102 - GDP identity from the expenditure side,2025-Q2,,73342,,,,,,F,Free (free for publication),1,One,A,Normal value,0,Units,USD,US dollar
DATAFLOW,OECD.SDD.NAD:DSD_NAMAIN1@DF_QNA_EXPENDITURE_CAPITA(1.1),Quarterly GDP per capita,I,Q,Quarterly,Y,Calendar and seasonally adjusted,SWE,Sweden,S1,Total economy,S1,Total economy,B1GQ_POP,"Gross domestic product, per capita",_Z,Not applicable,_Z,Not applicable,_Z,Not applicable,USD_PPP_PS,"US dollars per person, PPP converted",LR,Chain linked volume (rebased),LA,Annual levels,T0102,Table 0102 - GDP identity from the expenditure side,2024-Q4,,61053.4,,2020,,,,F,Free (free for publication),1,One,A,Normal value,0,Units,USD,US dollar
DATAFLOW,OECD.SDD.NAD:DSD_NAMAIN1@DF_QNA_EXPENDITURE_CAPITA(1.1),Quarterly GDP per capita,I,Q,Quarterly,Y,Calendar and seasonally adjusted,SVN,Slovenia,S1,Total economy,S1,Total economy,B1GQ_POP,"Gross domestic product, per capita",_Z,Not applicable,_Z,Not applicable,_Z,Not applicable,USD_PPP_PS,"US dollars per person, PPP converted",V,Current prices,LA,Annual levels,T0102,Table 0102 - GDP identity from the expenditure side,2025-Q2,,59218.2,,,,,,F,Free (free for publication),1,One,A,Normal value,0,Units,USD,US dollar
DATAFLOW,OECD.SDD.NAD:DSD_NAMAIN1@DF_QNA_EXPENDITURE_CAPITA(1.1),Quarterly GDP per capita,I,Q,Quarterly,Y,Calendar and seasonally adjusted,SVN,Slovenia,S1,Total economy,S1,Total economy,B1GQ_POP,"Gross domestic product, per capita",_Z,Not applicable,_Z,Not applicable,_Z,Not applicable,USD_PPP_PS,"US dollars per person, PPP converted",V,Current prices,LA,Annual levels,T0102,Table 0102 - GDP identity from the expenditure side,2025-Q1,,58280.5,,,,,,F,Free (free for publication),1,One,A,Normal value,0,Units,USD,US dollar
DATAFLOW,OECD.SDD.NAD:DSD_NAMAIN1@DF_QNA_EXPENDITURE_CAPITA(1.1),Quarterly GDP per capita,I,Q,Quarterly,Y,Calendar and seasonally adjusted,SVN,Slovenia,S1,Total economy,S1,Total economy,B1GQ_POP,"Gross domestic product, per capita",_Z,Not applicable,_Z,Not applicable,_Z,Not applicable,USD_PPP_PS,"US dollars per person, PPP converted",V,Current prices,LA,Annual levels,T0102,Table 0102 - GDP identity from the expenditure side,2024-Q4,,57975.5,,,,,,F,Free (free for publication),1,One,A,Normal value,0,Units,USD,US dollar
DATAFLOW,OECD.SDD.NAD:DSD_NAMAIN1@DF_QNA_EXPENDITURE_CAPITA(1.1),Quarterly GDP per capita,I,Q,Quarterly,Y,Calendar and seasonally adjusted,SVN,Slovenia,S1,Total economy,S1,Total economy,B1GQ_POP,"Gross domestic product, per capita",_Z,Not applicable,_Z,Not applicable,_Z,Not applicable,USD_PPP_PS,"US dollars per person, PPP converted",V,Current prices,LA,Annual levels,T0102,Table 0102 - GDP identity from the expenditure side,2024-Q3,,57337.7,,,,,,F,Free (free for publication),1,One,A,Normal value,0,Units,USD,US dollar
DATAFLOW,OECD.SDD.NAD:DSD_NAMAIN1@DF_QNA_EXPENDITURE_CAPITA(1.1),Quarterly GDP per capita,I,Q,Quarterly,Y,Calendar and seasonally adjusted,SVN,Slovenia,S1,Total economy,S1,Total economy,B1GQ_POP,"Gross domestic product, per capita",_Z,Not applicable,_Z,Not applicable,_Z,Not applicable,USD_PPP_PS,"US dollars per person, PPP converted",V,Current prices,LA,Annual levels,T0102,Table 0102 - GDP identity from the expenditure side,2024-Q2,,57225.1,,,,,,F,Free (free for publication),1,One,A,Normal value,0,Units,USD,US dollar
DATAFLOW,OECD.SDD.NAD:DSD_NAMAIN1@DF_QNA_EXPENDITURE_CAPITA(1.1),Quarterly GDP per capita,I,Q,Quarterly,Y,Calendar and seasonally adjusted,SVN,Slovenia,S1,Total economy,S1,Total economy,B1GQ_POP,"Gross domestic product, per capita",_Z,Not applicable,_Z,Not applicable,_Z,Not applicable,USD_PPP_PS,"US dollars per person, PPP converted",V,Current prices,LA,Annual levels,T0102,Table 0102 - GDP identity from the expenditure side,2024-Q1,,57510,,,,,,F,Free (free for publication),1,One,A,Normal value,0,Units,USD,US dollar
DATAFLOW,OECD.SDD.NAD:DSD_NAMAIN1@DF_QNA_EXPENDITURE_CAPITA(1.1),Quarterly GDP per capita,I,Q,Quarterly,Y,Calendar and seasonally adjusted,SVN,Slovenia,S1,Total economy,S1,Total economy,B1GQ_POP,"Gross domestic product, per capita",_Z,Not applicable,_Z,Not applicable,_Z,Not applicable,USD_PPP_PS,"US dollars per person, PPP converted",V,Current prices,LA,Annual levels,T0102,Table 0102 - GDP identity from the expenditure side,2023-Q4,,56951.2,,,,,,F,Free (free for publication),1,One,A,Normal value,0,Units,USD,US dollar
DATAFLOW,OECD.SDD.NAD:DSD_NAMAIN1@DF_QNA_EXPENDITURE_CAPITA(1.1),Quarterly GDP per capita,I,Q,Quarterly,Y,Calendar and seasonally adjusted,SVN,Slovenia,S1,Total economy,S1,Total economy,B1GQ_POP,"Gross domestic product, per capita",_Z,Not applicable,_Z,Not applicable,_Z,Not applicable,USD_PPP_PS,"US dollars per person, PPP converted",V,Current prices,LA,Annual levels,T0102,Table 0102 - GDP identity from the expenditure side,2023-Q3,,56604.6,,,,,,F,Free (free for publication),1,One,A,Normal value,0,Units,USD,US dollar
DATAFLOW,OECD.SDD.NAD:DSD_NAMAIN1@DF_QNA_EXPENDITURE_CAPITA(1.1),Quarterly GDP per capita,I,Q,Quarterly,Y,Calendar and seasonally adjusted,OECD,OECD,S1,Total economy,S1,Total economy,B1GQ_POP,"Gross domestic product, per capita",_Z,Not applicable,_Z,Not applicable,_Z,Not applicable,USD_PPP_PS,"US dollars per person, PPP converted",V,Current prices,LA,Annual levels,T0102,Table 0102 - GDP identity from the expenditure side,2025-Q3,,65236.1,,,,,,F,Free (free for publication),1,One,A,Normal value,0,Units,USD,US dollar
DATAFLOW,OECD.SDD.NAD:DSD_NAMAIN1@DF_QNA_EXPENDITURE_CAPITA(1.1),Quarterly GDP per capita,I,Q,Quarterly,Y,Calendar and seasonally adjusted,OECD,OECD,S1,Total economy,S1,Total economy,B1GQ_POP,"Gross domestic product, per capita",_Z,Not applicable,_Z,Not applicable,_Z,Not applicable,USD_PPP_PS,"US dollars per person, PPP converted",V,Current prices,LA,Annual levels,T0102,Table 0102 - GDP identity from the expenditure side,2025-Q2,,64337.5,,,,,,F,Free (free for publication),1,One,A,Normal value,0,Units,USD,US dollar
DATAFLOW,OECD.SDD.NAD:DSD_NAMAIN1@DF_QNA_EXPENDITURE_CAPITA(1.1),Quarterly GDP per capita,I,Q,Quarterly,Y,Calendar and seasonally adjusted,OECD,OECD,S1,Total economy,S1,Total economy,B1GQ_POP,"Gross domestic product, per capita",_Z,Not applicable,_Z,Not applicable,_Z,Not applicable,USD_PPP_PS,"US dollars per person, PPP converted",LR,Chain linked volume (rebased),LA,Annual levels,T0102,Table 0102 - GDP identity from the expenditure side,2024-Q4,,52317.9,,2020,,,,F,Free (free for publication),1,One,A,Normal value,0,Units,USD,US dollar
DATAFLOW,OECD.SDD.NAD:DSD_NAMAIN1@DF_QNA_EXPENDITURE_CAPITA(1.1),Quarterly GDP per capita,I,Q,Quarterly,Y,Calendar and seasonally adjusted,OECD,OECD,S1,Total economy,S1,Total economy,B1GQ_POP,"Gross domestic product, per capita",_Z,Not applicable,_Z,Not applicable,_Z,Not applicable,USD_PPP_PS,"US dollars per person, PPP converted",LR,Chain linked volume (rebased),LA,Annual levels,T0102,Table 0102 - GDP identity from the expenditure side,2024-Q3,,52139.1,,2020,,,,F,Free (free for publication),1,One,A,Normal value,0,Units,USD,US dollar
DATAFLOW,OECD.SDD.NAD:DSD_NAMAIN1@DF_QNA_EXPENDITURE_CAPITA(1.1),Quarterly GDP per capita,I,Q,Quarterly,Y,Calendar and seasonally adjusted,OECD,OECD,S1,Total economy,S1,Total economy,B1GQ_POP,"Gross domestic product, per capita",_Z,Not applicable,_Z,Not applicable,_Z,Not applicable,USD_PPP_PS,"US dollars per person, PPP converted",V,Current prices,LA,Annual levels,T0102,Table 0102 - GDP identity from the expenditure side,2025-Q1,,63802.1,,,,,,F,Free (free for publication),1,One,A,Normal value,0,Units,USD,US dollar
DATAFLOW,OECD.SDD.NAD:DSD_NAMAIN1@DF_QNA_EXPENDITURE_CAPITA(1.1),Quarterly GDP per capita,I,Q,Quarterly,Y,Calendar and seasonally adjusted,OECD,OECD,S1,Total economy,S1,Total economy,B1GQ_POP,"Gross domestic product, per capita",_Z,Not applicable,_Z,Not applicable,_Z,Not applicable,USD_PPP_PS,"US dollars per person, PPP converted",V,Current prices,LA,Annual levels,T0102,Table 0102 - GDP identity from the expenditure side,2024-Q4,,63124.3,,,,,,F,Free (free for publication),1,One,A,Normal value,0,Units,USD,US dollar
DATAFLOW,OECD.SDD.NAD:DSD_NAMAIN1@DF_QNA_EXPENDITURE_CAPITA(1.1),Quarterly GDP per capita,I,Q,Quarterly,Y,Calendar and seasonally adjusted,OECD,OECD,S1,Total economy,S1,Total economy,B1GQ_POP,"Gross domestic product, per capita",_Z,Not applicable,_Z,Not applicable,_Z,Not applicable,USD_PPP_PS,"US dollars per person, PPP converted",LR,Chain linked volume (rebased),LA,Annual levels,T0102,Table 0102 - GDP identity from the expenditure side,2023-Q3,,51498.7,,2020,,,,F,Free (free for publication),1,One,A,Normal value,0,Units,USD,US dollar
DATAFLOW,OECD.SDD.NAD:DSD_NAMAIN1@DF_QNA_EXPENDITURE_CAPITA(1.1),Quarterly GDP per capita,I,Q,Quarterly,Y,Calendar and seasonally adjusted,OECD,OECD,S1,Total economy,S1,Total economy,B1GQ_POP,"Gross domestic product, per capita",_Z,Not applicable,_Z,Not applicable,_Z,Not applicable,USD_PPP_PS,"US dollars per person, PPP converted",LR,Chain linked volume (rebased),LA,Annual levels,T0102,Table 0102 - GDP identity from the expenditure side,2025-Q3,,52938.2,,2020,,,,F,Free (free for publication),1,One,A,Normal value,0,Units,USD,US dollar
DATAFLOW,OECD.SDD.NAD:DSD_NAMAIN1@DF_QNA_EXPENDITURE_CAPITA(1.1),Quarterly GDP per capita,I,Q,Quarterly,Y,Calendar and seasonally adjusted,OECD,OECD,S1,Total economy,S1,Total economy,B1GQ_POP,"Gross domestic product, per capita",_Z,Not applicable,_Z,Not applicable,_Z,Not applicable,USD_PPP_PS,"US dollars per person, PPP converted",LR,Chain linked volume (rebased),LA,Annual levels,T0102,Table 0102 - GDP identity from the expenditure side,2024-Q1,,51738.3,,2020,,,,F,Free (free for publication),1,One,A,Normal value,0,Units,USD,US dollar
DATAFLOW,OECD.SDD.NAD:DSD_NAMAIN1@DF_QNA_EXPENDITURE_CAPITA(1.1),Quarterly GDP per capita,I,Q,Quarterly,Y,Calendar and seasonally adjusted,OECD,OECD,S1,Total economy,S1,Total economy,B1GQ_POP,"Gross domestic product, per capita",_Z,Not applicable,_Z,Not applicable,_Z,Not applicable,USD_PPP_PS,"US dollars per person, PPP converted",LR,Chain linked volume (rebased),LA,Annual levels,T0102,Table 0102 - GDP identity from the expenditure side,2024-Q2,,51904.6,,2020,,,,F,Free (free for publication),1,One,A,Normal value,0,Units,USD,US dollar
DATAFLOW,OECD.SDD.NAD:DSD_NAMAIN1@DF_QNA_EXPENDITURE_CAPITA(1.1),Quarterly GDP per capita,I,Q,Quarterly,Y,Calendar and seasonally adjusted,OECD,OECD,S1,Total economy,S1,Total economy,B1GQ_POP,"Gross domestic product, per capita",_Z,Not applicable,_Z,Not applicable,_Z,Not applicable,USD_PPP_PS,"US dollars per person, PPP converted",V,Current prices,LA,Annual levels,T0102,Table 0102 - GDP identity from the expenditure side,2023-Q1,,59158.3,,,,,,F,Free (free for publication),1,One,A,Normal value,0,Units,USD,US dollar
DATAFLOW,OECD.SDD.NAD:DSD_NAMAIN1@DF_QNA_EXPENDITURE_CAPITA(1.1),Quarterly GDP per capita,I,Q,Quarterly,Y,Calendar and seasonally adjusted,OECD,OECD,S1,Total economy,S1,Total economy,B1GQ_POP,"Gross domestic product, per capita",_Z,Not applicable,_Z,Not applicable,_Z,Not applicable,USD_PPP_PS,"US dollars per person, PPP converted",LR,Chain linked volume (rebased),LA,Annual levels,T0102,Table 0102 - GDP identity from the expenditure side,2025-Q2,,52669.7,,2020,,,,F,Free (free for publication),1,One,A,Normal value,0,Units,USD,US dollar
DATAFLOW,OECD.SDD.NAD:DSD_NAMAIN1@DF_QNA_EXPENDITURE_CAPITA(1.1),Quarterly GDP per capita,I,Q,Quarterly,Y,Calendar and seasonally adjusted,OECD,OECD,S1,Total economy,S1,Total economy,B1GQ_POP,"Gross domestic product, per capita",_Z,Not applicable,_Z,Not applicable,_Z,Not applicable,USD_PPP_PS,"US dollars per person, PPP converted",LR,Chain linked volume (rebased),LA,Annual levels,T0102,Table 0102 - GDP identity from the expenditure side,2025-Q1,,52435.1,,2020,,,,F,Free (free for publication),1,One,A,Normal value,0,Units,USD,US dollar
DATAFLOW,OECD.SDD.NAD:DSD_NAMAIN1@DF_QNA_EXPENDITURE_CAPITA(1.1),Quarterly GDP per capita,I,Q,Quarterly,Y,Calendar and seasonally adjusted,OECD,OECD,S1,Total economy,S1,Total economy,B1GQ_POP,"Gross domestic product, per capita",_Z,Not applicable,_Z,Not applicable,_Z,Not applicable,USD_PPP_PS,"US dollars per person, PPP converted",V,Current prices,LA,Annual levels,T0102,Table 0102 - GDP identity from the expenditure side,2024-Q1,,61474.5,,,,,,F,Free (free for publication),1,One,A,Normal value,0,Units,USD,US dollar
DATAFLOW,OECD.SDD.NAD:DSD_NAMAIN1@DF_QNA_EXPENDITURE_CAPITA(1.1),Quarterly GDP per capita,I,Q,Quarterly,Y,Calendar and seasonally adjusted,OECD,OECD,S1,Total economy,S1,Total economy,B1GQ_POP,"Gross domestic product, per capita",_Z,Not applicable,_Z,Not applicable,_Z,Not applicable,USD_PPP_PS,"US dollars per person, PPP converted",V,Current prices,LA,Annual levels,T0102,Table 0102 - GDP identity from the expenditure side,2023-Q4,,60770.4,,,,,,F,Free (free for publication),1,One,A,Normal value,0,Units,USD,US dollar
DATAFLOW,OECD.SDD.NAD:DSD_NAMAIN1@DF_QNA_EXPENDITURE_CAPITA(1.1),Quarterly GDP per capita,I,Q,Quarterly,Y,Calendar and seasonally adjusted,OECD,OECD,S1,Total economy,S1,Total economy,B1GQ_POP,"Gross domestic product, per capita",_Z,Not applicable,_Z,Not applicable,_Z,Not applicable,USD_PPP_PS,"US dollars per person, PPP converted",LR,Chain linked volume (rebased),LA,Annual levels,T0102,Table 0102 - GDP identity from the expenditure side,2023-Q2,,51355.3,,2020,,,,F,Free (free for publication),1,One,A,Normal value,0,Units,USD,US dollar
DATAFLOW,OECD.SDD.NAD:DSD_NAMAIN1@DF_QNA_EXPENDITURE_CAPITA(1.1),Quarterly GDP per capita,I,Q,Quarterly,Y,Calendar and seasonally adjusted,OECD,OECD,S1,Total economy,S1,Total economy,B1GQ_POP,"Gross domestic product, per capita",_Z,Not applicable,_Z,Not applicable,_Z,Not applicable,USD_PPP_PS,"US dollars per person, PPP converted",LR,Chain linked volume (rebased),LA,Annual levels,T0102,Table 0102 - GDP identity from the expenditure side,2023-Q1,,51167.4,,2020,,,,F,Free (free for publication),1,One,A,Normal value,0,Units,USD,US dollar
DATAFLOW,OECD.SDD.NAD:DSD_NAMAIN1@DF_QNA_EXPENDITURE_CAPITA(1.1),Quarterly GDP per capita,I,Q,Quarterly,Y,Calendar and seasonally adjusted,OECD,OECD,S1,Total economy,S1,Total economy,B1GQ_POP,"Gross domestic product, per capita",_Z,Not applicable,_Z,Not applicable,_Z,Not applicable,USD_PPP_PS,"US dollars per person, PPP converted",LR,Chain linked volume (rebased),LA,Annual levels,T0102,Table 0102 - GDP identity from the expenditure side,2023-Q4,,51609.3,,2020,,,,F,Free (free for publication),1,One,A,Normal value,0,Units,USD,US dollar
DATAFLOW,OECD.SDD.NAD:DSD_NAMAIN1@DF_QNA_EXPENDITURE_CAPITA(1.1),Quarterly GDP per capita,I,Q,Quarterly,Y,Calendar and seasonally adjusted,OECD,OECD,S1,Total economy,S1,Total economy,B1GQ_POP,"Gross domestic product, per capita",_Z,Not applicable,_Z,Not applicable,_Z,Not applicable,USD_PPP_PS,"US dollars per person, PPP converted",V,Current prices,LA,Annual levels,T0102,Table 0102 - GDP identity from the expenditure side,2023-Q3,,60374.3,,,,,,F,Free (free for publication),1,One,A,Normal value,0,Units,USD,US dollar
DATAFLOW,OECD.SDD.NAD:DSD_NAMAIN1@DF_QNA_EXPENDITURE_CAPITA(1.1),Quarterly GDP per capita,I,Q,Quarterly,Y,Calendar and seasonally adjusted,EU,European Union,S1,Total economy,S1,Total economy,B1GQ_POP,"Gross domestic product, per capita",_Z,Not applicable,_Z,Not applicable,_Z,Not applicable,USD_PPP_PS,"US dollars per person, PPP converted",V,Current prices,LA,Annual levels,T0102,Table 0102 - GDP identity from the expenditure side,2023-Q4,,62455.3,,,,,,F,Free (free for publication),1,One,A,Normal value,0,Units,USD,US dollar
DATAFLOW,OECD.SDD.NAD:DSD_NAMAIN1@DF_QNA_EXPENDITURE_CAPITA(1.1),Quarterly GDP per capita,I,Q,Quarterly,Y,Calendar and seasonally adjusted,EU,European Union,S1,Total economy,S1,Total economy,B1GQ_POP,"Gross domestic product, per capita",_Z,Not applicable,_Z,Not applicable,_Z,Not applicable,USD_PPP_PS,"US dollars per person, PPP converted",V,Current prices,LA,Annual levels,T0102,Table 0102 - GDP identity from the expenditure side,2025-Q4,,66913.9,,,,,,F,Free (free for publication),1,One,A,Normal value,0,Units,USD,US dollar
DATAFLOW,OECD.SDD.NAD:DSD_NAMAIN1@DF_QNA_EXPENDITURE_CAPITA(1.1),Quarterly GDP per capita,I,Q,Quarterly,Y,Calendar and seasonally adjusted,EU,European Union,S1,Total economy,S1,Total economy,B1GQ_POP,"Gross domestic product, per capita",_Z,Not applicable,_Z,Not applicable,_Z,Not applicable,USD_PPP_PS,"US dollars per person, PPP converted",V,Current prices,LA,Annual levels,T0102,Table 0102 - GDP identity from the expenditure side,2025-Q3,,66247.9,,,,,,F,Free (free for publication),1,One,A,Normal value,0,Units,USD,US dollar
DATAFLOW,OECD.SDD.NAD:DSD_NAMAIN1@DF_QNA_EXPENDITURE_CAPITA(1.1),Quarterly GDP per capita,I,Q,Quarterly,Y,Calendar and seasonally adjusted,EU,European Union,S1,Total economy,S1,Total economy,B1GQ_POP,"Gross domestic product, per capita",_Z,Not applicable,_Z,Not applicable,_Z,Not applicable,USD_PPP_PS,"US dollars per person, PPP converted",V,Current prices,LA,Annual levels,T0102,Table 0102 - GDP identity from the expenditure side,2025-Q2,,65530.4,,,,,,F,Free (free for publication),1,One,A,Normal value,0,Units,USD,US dollar
DATAFLOW,OECD.SDD.NAD:DSD_NAMAIN1@DF_QNA_EXPENDITURE_CAPITA(1.1),Quarterly GDP per capita,I,Q,Quarterly,Y,Calendar and seasonally adjusted,EU,European Union,S1,Total economy,S1,Total economy,B1GQ_POP,"Gross domestic product, per capita",_Z,Not applicable,_Z,Not applicable,_Z,Not applicable,USD_PPP_PS,"US dollars per person, PPP converted",V,Current prices,LA,Annual levels,T0102,Table 0102 - GDP identity from the expenditure side,2025-Q1,,65244.5,,,,,,F,Free (free for publication),1,One,A,Normal value,0,Units,USD,US dollar
DATAFLOW,OECD.SDD.NAD:DSD_NAMAIN1@DF_QNA_EXPENDITURE_CAPITA(1.1),Quarterly GDP per capita,I,Q,Quarterly,Y,Calendar and seasonally adjusted,EU,European Union,S1,Total economy,S1,Total economy,B1GQ_POP,"Gross domestic product, per capita",_Z,Not applicable,_Z,Not applicable,_Z,Not applicable,USD_PPP_PS,"US dollars per person, PPP converted",V,Current prices,LA,Annual levels,T0102,Table 0102 - GDP identity from the expenditure side,2024-Q4,,64279.9,,,,,,F,Free (free for publication),1,One,A,Normal value,0,Units,USD,US dollar
DATAFLOW,OECD.SDD.NAD:DSD_NAMAIN1@DF_QNA_EXPENDITURE_CAPITA(1.1),Quarterly GDP per capita,I,Q,Quarterly,Y,Calendar and seasonally adjusted,EU,European Union,S1,Total economy,S1,Total economy,B1GQ_POP,"Gross domestic product, per capita",_Z,Not applicable,_Z,Not applicable,_Z,Not applicable,USD_PPP_PS,"US dollars per person, PPP converted",V,Current prices,LA,Annual levels,T0102,Table 0102 - GDP identity from the expenditure side,2023-Q3,,62053.5,,,,,,F,Free (free for publication),1,One,A,Normal value,0,Units,USD,US dollar
DATAFLOW,OECD.SDD.NAD:DSD_NAMAIN1@DF_QNA_EXPENDITURE_CAPITA(1.1),Quarterly GDP per capita,I,Q,Quarterly,Y,Calendar and seasonally adjusted,EU,European Union,S1,Total economy,S1,Total economy,B1GQ_POP,"Gross domestic product, per capita",_Z,Not applicable,_Z,Not applicable,_Z,Not applicable,USD_PPP_PS,"US dollars per person, PPP converted",V,Current prices,LA,Annual levels,T0102,Table 0102 - GDP identity from the expenditure side,2023-Q2,,61026.4,,,,,,F,Free (free for publication),1,One,A,Normal value,0,Units,USD,US dollar
DATAFLOW,OECD.SDD.NAD:DSD_NAMAIN1@DF_QNA_EXPENDITURE_CAPITA(1.1),Quarterly GDP per capita,I,Q,Quarterly,Y,Calendar and seasonally adjusted,EU,European Union,S1,Total economy,S1,Total economy,B1GQ_POP,"Gross domestic product, per capita",_Z,Not applicable,_Z,Not applicable,_Z,Not applicable,USD_PPP_PS,"US dollars per person, PPP converted",V,Current prices,LA,Annual levels,T0102,Table 0102 - GDP identity from the expenditure side,2023-Q1,,59871.9,,,,,,F,Free (free for publication),1,One,A,Normal value,0,Units,USD,US dollar
DATAFLOW,OECD.SDD.NAD:DSD_NAMAIN1@DF_QNA_EXPENDITURE_CAPITA(1.1),Quarterly GDP per capita,I,Q,Quarterly,Y,Calendar and seasonally adjusted,EU,European Union,S1,Total economy,S1,Total economy,B1GQ_POP,"Gross domestic product, per capita",_Z,Not applicable,_Z,Not applicable,_Z,Not applicable,USD_PPP_PS,"US dollars per person, PPP converted",V,Current prices,LA,Annual levels,T0102,Table 0102 - GDP identity from the expenditure side,2024-Q3,,63825,,,,,,F,Free (free for publication),1,One,A,Normal value,0,Units,USD,US dollar
DATAFLOW,OECD.SDD.NAD:DSD_NAMAIN1@DF_QNA_EXPENDITURE_CAPITA(1.1),Quarterly GDP per capita,I,Q,Quarterly,Y,Calendar and seasonally adjusted,EU,European Union,S1,Total economy,S1,Total economy,B1GQ_POP,"Gross domestic product, per capita",_Z,Not applicable,_Z,Not applicable,_Z,Not applicable,USD_PPP_PS,"US dollars per person, PPP converted",LR,Chain linked volume (rebased),LA,Annual levels,T0102,Table 0102 - GDP identity from the expenditure side,2025-Q1,,50186.9,,2020,,,,F,Free (free for publication),1,One,A,Normal value,0,Units,USD,US dollar
DATAFLOW,OECD.SDD.NAD:DSD_NAMAIN1@DF_QNA_EXPENDITURE_CAPITA(1.1),Quarterly GDP per capita,I,Q,Quarterly,Y,Calendar and seasonally adjusted,EU,European Union,S1,Total economy,S1,Total economy,B1GQ_POP,"Gross domestic product, per capita",_Z,Not applicable,_Z,Not applicable,_Z,Not applicable,USD_PPP_PS,"US dollars per person, PPP converted",LR,Chain linked volume (rebased),LA,Annual levels,T0102,Table 0102 - GDP identity from the expenditure side,2024-Q4,,49914.9,,2020,,,,F,Free (free for publication),1,One,A,Normal value,0,Units,USD,US dollar
DATAFLOW,OECD.SDD.NAD:DSD_NAMAIN1@DF_QNA_EXPENDITURE_CAPITA(1.1),Quarterly GDP per capita,I,Q,Quarterly,Y,Calendar and seasonally adjusted,EU,European Union,S1,Total economy,S1,Total economy,B1GQ_POP,"Gross domestic product, per capita",_Z,Not applicable,_Z,Not applicable,_Z,Not applicable,USD_PPP_PS,"US dollars per person, PPP converted",LR,Chain linked volume (rebased),LA,Annual levels,T0102,Table 0102 - GDP identity from the expenditure side,2024-Q3,,49720.6,,2020,,,,F,Free (free for publication),1,One,A,Normal value,0,Units,USD,US dollar
DATAFLOW,OECD.SDD.NAD:DSD_NAMAIN1@DF_QNA_EXPENDITURE_CAPITA(1.1),Quarterly GDP per capita,I,Q,Quarterly,Y,Calendar and seasonally adjusted,EU,European Union,S1,Total economy,S1,Total economy,B1GQ_POP,"Gross domestic product, per capita",_Z,Not applicable,_Z,Not applicable,_Z,Not applicable,USD_PPP_PS,"US dollars per person, PPP converted",LR,Chain linked volume (rebased),LA,Annual levels,T0102,Table 0102 - GDP identity from the expenditure side,2024-Q2,,49548.5,,2020,,,,F,Free (free for publication),1,One,A,Normal value,0,Units,USD,US dollar
DATAFLOW,OECD.SDD.NAD:DSD_NAMAIN1@DF_QNA_EXPENDITURE_CAPITA(1.1),Quarterly GDP per capita,I,Q,Quarterly,Y,Calendar and seasonally adjusted,EU,European Union,S1,Total economy,S1,Total economy,B1GQ_POP,"Gross domestic product, per capita",_Z,Not applicable,_Z,Not applicable,_Z,Not applicable,USD_PPP_PS,"US dollars per person, PPP converted",LR,Chain linked volume (rebased),LA,Annual levels,T0102,Table 0102 - GDP identity from the expenditure side,2024-Q1,,49452.5,,2020,,,,F,Free (free for publication),1,One,A,Normal value,0,Units,USD,US dollar
DATAFLOW,OECD.SDD.NAD:DSD_NAMAIN1@DF_QNA_EXPENDITURE_CAPITA(1.1),Quarterly GDP per capita,I,Q,Quarterly,Y,Calendar and seasonally adjusted,EU,European Union,S1,Total economy,S1,Total economy,B1GQ_POP,"Gross domestic product, per capita",_Z,Not applicable,_Z,Not applicable,_Z,Not applicable,USD_PPP_PS,"US dollars per person, PPP converted",LR,Chain linked volume (rebased),LA,Annual levels,T0102,Table 0102 - GDP identity from the expenditure side,2023-Q4,,49258.4,,2020,,,,F,Free (free for publication),1,One,A,Normal value,0,Units,USD,US dollar
DATAFLOW,OECD.SDD.NAD:DSD_NAMAIN1@DF_QNA_EXPENDITURE_CAPITA(1.1),Quarterly GDP per capita,I,Q,Quarterly,Y,Calendar and seasonally adjusted,EU,European Union,S1,Total economy,S1,Total economy,B1GQ_POP,"Gross domestic product, per capita",_Z,Not applicable,_Z,Not applicable,_Z,Not applicable,USD_PPP_PS,"US dollars per person, PPP converted",LR,Chain linked volume (rebased),LA,Annual levels,T0102,Table 0102 - GDP identity from the expenditure side,2023-Q3,,49287.8,,2020,,,,F,Free (free for publication),1,One,A,Normal value,0,Units,USD,US dollar
DATAFLOW,OECD.SDD.NAD:DSD_NAMAIN1@DF_QNA_EXPENDITURE_CAPITA(1.1),Quarterly GDP per capita,I,Q,Quarterly,Y,Calendar and seasonally adjusted,EU,European Union,S1,Total economy,S1,Total economy,B1GQ_POP,"Gross domestic product, per capita",_Z,Not applicable,_Z,Not applicable,_Z,Not applicable,USD_PPP_PS,"US dollars per person, PPP converted",LR,Chain linked volume (rebased),LA,Annual levels,T0102,Table 0102 - GDP identity from the expenditure side,2023-Q2,,49259.7,,2020,,,,F,Free (free for publication),1,One,A,Normal value,0,Units,USD,US dollar
DATAFLOW,OECD.SDD.NAD:DSD_NAMAIN1@DF_QNA_EXPENDITURE_CAPITA(1.1),Quarterly GDP per capita,I,Q,Quarterly,Y,Calendar and seasonally adjusted,EU,European Union,S1,Total economy,S1,Total economy,B1GQ_POP,"Gross domestic product, per capita",_Z,Not applicable,_Z,Not applicable,_Z,Not applicable,USD_PPP_PS,"US dollars per person, PPP converted",LR,Chain linked volume (rebased),LA,Annual levels,T0102,Table 0102 - GDP identity from the expenditure side,2023-Q1,,49240.9,,2020,,,,F,Free (free for publication),1,One,A,Normal value,0,Units,USD,US dollar
DATAFLOW,OECD.SDD.NAD:DSD_NAMAIN1@DF_QNA_EXPENDITURE_CAPITA(1.1),Quarterly GDP per capita,I,Q,Quarterly,Y,Calendar and seasonally adjusted,EU,European Union,S1,Total economy,S1,Total economy,B1GQ_POP,"Gross domestic product, per capita",_Z,Not applicable,_Z,Not applicable,_Z,Not applicable,USD_PPP_PS,"US dollars per person, PPP converted",LR,Chain linked volume (rebased),LA,Annual levels,T0102,Table 0102 - GDP identity from the expenditure side,2025-Q4,,50506.5,,2020,,,,F,Free (free for publication),1,One,A,Normal value,0,Units,USD,US dollar
DATAFLOW,OECD.SDD.NAD:DSD_NAMAIN1@DF_QNA_EXPENDITURE_CAPITA(1.1),Quarterly GDP per capita,I,Q,Quarterly,Y,Calendar and seasonally adjusted,EU,European Union,S1,Total economy,S1,Total economy,B1GQ_POP,"Gross domestic product, per capita",_Z,Not applicable,_Z,Not applicable,_Z,Not applicable,USD_PPP_PS,"US dollars per person, PPP converted",LR,Chain linked volume (rebased),LA,Annual levels,T0102,Table 0102 - GDP identity from the expenditure side,2025-Q3,,50440,,2020,,,,F,Free (free for publication),1,One,A,Normal value,0,Units,USD,US dollar
DATAFLOW,OECD.SDD.NAD:DSD_NAMAIN1@DF_QNA_EXPENDITURE_CAPITA(1.1),Quarterly GDP per capita,I,Q,Quarterly,Y,Calendar and seasonally adjusted,EU,European Union,S1,Total economy,S1,Total economy,B1GQ_POP,"Gross domestic product, per capita",_Z,Not applicable,_Z,Not applicable,_Z,Not applicable,USD_PPP_PS,"US dollars per person, PPP converted",LR,Chain linked volume (rebased),LA,Annual levels,T0102,Table 0102 - GDP identity from the expenditure side,2025-Q2,,50287.7,,2020,,,,F,Free (free for publication),1,One,A,Normal value,0,Units,USD,US dollar
DATAFLOW,OECD.SDD.NAD:DSD_NAMAIN1@DF_QNA_EXPENDITURE_CAPITA(1.1),Quarterly GDP per capita,I,Q,Quarterly,Y,Calendar and seasonally adjusted,NOR,Norway,S1,Total economy,S1,Total economy,B1GQ_POP,"Gross domestic product, per capita",_Z,Not applicable,_Z,Not applicable,_Z,Not applicable,USD_PPP_PS,"US dollars per person, PPP converted",V,Current prices,LA,Annual levels,T0102,Table 0102 - GDP identity from the expenditure side,2023-Q4,,108142.8,,,,,,F,Free (free for publication),1,One,A,Normal value,0,Units,USD,US dollar
DATAFLOW,OECD.SDD.NAD:DSD_NAMAIN1@DF_QNA_EXPENDITURE_CAPITA(1.1),Quarterly GDP per capita,I,Q,Quarterly,Y,Calendar and seasonally adjusted,NZL,New Zealand,S1,Total economy,S1,Total economy,B1GQ_POP,"Gross domestic product, per capita",_Z,Not applicable,_Z,Not applicable,_Z,Not applicable,USD_PPP_PS,"US dollars per person, PPP converted",V,Current prices,LA,Annual levels,T0102,Table 0102 - GDP identity from the expenditure side,2024-Q4,,55309.3,,,,,,F,Free (free for publication),1,One,A,Normal value,0,Units,USD,US dollar
DATAFLOW,OECD.SDD.NAD:DSD_NAMAIN1@DF_QNA_EXPENDITURE_CAPITA(1.1),Quarterly GDP per capita,I,Q,Quarterly,Y,Calendar and seasonally adjusted,NZL,New Zealand,S1,Total economy,S1,Total economy,B1GQ_POP,"Gross domestic product, per capita",_Z,Not applicable,_Z,Not applicable,_Z,Not applicable,USD_PPP_PS,"US dollars per person, PPP converted",V,Current prices,LA,Annual levels,T0102,Table 0102 - GDP identity from the expenditure side,2024-Q3,,54970.6,,,,,,F,Free (free for publication),1,One,A,Normal value,0,Units,USD,US dollar
DATAFLOW,OECD.SDD.NAD:DSD_NAMAIN1@DF_QNA_EXPENDITURE_CAPITA(1.1),Quarterly GDP per capita,I,Q,Quarterly,Y,Calendar and seasonally adjusted,NZL,New Zealand,S1,Total economy,S1,Total economy,B1GQ_POP,"Gross domestic product, per capita",_Z,Not applicable,_Z,Not applicable,_Z,Not applicable,USD_PPP_PS,"US dollars per person, PPP converted",V,Current prices,LA,Annual levels,T0102,Table 0102 - GDP identity from the expenditure side,2024-Q2,,55341.8,,,,,,F,Free (free for publication),1,One,A,Normal value,0,Units,USD,US dollar
DATAFLOW,OECD.SDD.NAD:DSD_NAMAIN1@DF_QNA_EXPENDITURE_CAPITA(1.1),Quarterly GDP per capita,I,Q,Quarterly,Y,Calendar and seasonally adjusted,NZL,New Zealand,S1,Total economy,S1,Total economy,B1GQ_POP,"Gross domestic product, per capita",_Z,Not applicable,_Z,Not applicable,_Z,Not applicable,USD_PPP_PS,"US dollars per person, PPP converted",V,Current prices,LA,Annual levels,T0102,Table 0102 - GDP identity from the expenditure side,2024-Q1,,55095,,,,,,F,Free (free for publication),1,One,A,Normal value,0,Units,USD,US dollar
DATAFLOW,OECD.SDD.NAD:DSD_NAMAIN1@DF_QNA_EXPENDITURE_CAPITA(1.1),Quarterly GDP per capita,I,Q,Quarterly,Y,Calendar and seasonally adjusted,NZL,New Zealand,S1,Total economy,S1,Total economy,B1GQ_POP,"Gross domestic product, per capita",_Z,Not applicable,_Z,Not applicable,_Z,Not applicable,USD_PPP_PS,"US dollars per person, PPP converted",V,Current prices,LA,Annual levels,T0102,Table 0102 - GDP identity from the expenditure side,2023-Q4,,54508.2,,,,,,F,Free (free for publication),1,One,A,Normal value,0,Units,USD,US dollar
DATAFLOW,OECD.SDD.NAD:DSD_NAMAIN1@DF_QNA_EXPENDITURE_CAPITA(1.1),Quarterly GDP per capita,I,Q,Quarterly,Y,Calendar and seasonally adjusted,NZL,New Zealand,S1,Total economy,S1,Total economy,B1GQ_POP,"Gross domestic product, per capita",_Z,Not applicable,_Z,Not applicable,_Z,Not applicable,USD_PPP_PS,"US dollars per person, PPP converted",V,Current prices,LA,Annual levels,T0102,Table 0102 - GDP identity from the expenditure side,2023-Q3,,54317.7,,,,,,F,Free (free for publication),1,One,A,Normal value,0,Units,USD,US dollar
DATAFLOW,OECD.SDD.NAD:DSD_NAMAIN1@DF_QNA_EXPENDITURE_CAPITA(1.1),Quarterly GDP per capita,I,Q,Quarterly,Y,Calendar and seasonally adjusted,NZL,New Zealand,S1,Total economy,S1,Total economy,B1GQ_POP,"Gross domestic product, per capita",_Z,Not applicable,_Z,Not applicable,_Z,Not applicable,USD_PPP_PS,"US dollars per person, PPP converted",V,Current prices,LA,Annual levels,T0102,Table 0102 - GDP identity from the expenditure side,2023-Q2,,54285.2,,,,,,F,Free (free for publication),1,One,A,Normal value,0,Units,USD,US dollar
DATAFLOW,OECD.SDD.NAD:DSD_NAMAIN1@DF_QNA_EXPENDITURE_CAPITA(1.1),Quarterly GDP per capita,I,Q,Quarterly,Y,Calendar and seasonally adjusted,NZL,New Zealand,S1,Total economy,S1,Total economy,B1GQ_POP,"Gross domestic product, per capita",_Z,Not applicable,_Z,Not applicable,_Z,Not applicable,USD_PPP_PS,"US dollars per person, PPP converted",V,Current prices,LA,Annual levels,T0102,Table 0102 - GDP identity from the expenditure side,2023-Q1,,54161.4,,,,,,F,Free (free for publication),1,One,A,Normal value,0,Units,USD,US dollar
DATAFLOW,OECD.SDD.NAD:DSD_NAMAIN1@DF_QNA_EXPENDITURE_CAPITA(1.1),Quarterly GDP per capita,I,Q,Quarterly,Y,Calendar and seasonally adjusted,NZL,New Zealand,S1,Total economy,S1,Total economy,B1GQ_POP,"Gross domestic product, per capita",_Z,Not applicable,_Z,Not applicable,_Z,Not applicable,USD_PPP_PS,"US dollars per person, PPP converted",LR,Chain linked volume (rebased),LA,Annual levels,T0102,Table 0102 - GDP identity from the expenditure side,2023-Q2,,48982.5,,2020,,,,F,Free (free for publication),1,One,A,Normal value,0,Units,USD,US dollar
DATAFLOW,OECD.SDD.NAD:DSD_NAMAIN1@DF_QNA_EXPENDITURE_CAPITA(1.1),Quarterly GDP per capita,I,Q,Quarterly,Y,Calendar and seasonally adjusted,NZL,New Zealand,S1,Total economy,S1,Total economy,B1GQ_POP,"Gross domestic product, per capita",_Z,Not applicable,_Z,Not applicable,_Z,Not applicable,USD_PPP_PS,"US dollars per person, PPP converted",LR,Chain linked volume (rebased),LA,Annual levels,T0102,Table 0102 - GDP identity from the expenditure side,2023-Q1,,48988,,2020,,,,F,Free (free for publication),1,One,A,Normal value,0,Units,USD,US dollar
DATAFLOW,OECD.SDD.NAD:DSD_NAMAIN1@DF_QNA_EXPENDITURE_CAPITA(1.1),Quarterly GDP per capita,I,Q,Quarterly,Y,Calendar and seasonally adjusted,NZL,New Zealand,S1,Total economy,S1,Total economy,B1GQ_POP,"Gross domestic product, per capita",_Z,Not applicable,_Z,Not applicable,_Z,Not applicable,USD_PPP_PS,"US dollars per person, PPP converted",LR,Chain linked volume (rebased),LA,Annual levels,T0102,Table 0102 - GDP identity from the expenditure side,2025-Q1,,47811,,2020,,,,F,Free (free for publication),1,One,A,Normal value,0,Units,USD,US dollar
DATAFLOW,OECD.SDD.NAD:DSD_NAMAIN1@DF_QNA_EXPENDITURE_CAPITA(1.1),Quarterly GDP per capita,I,Q,Quarterly,Y,Calendar and seasonally adjusted,NZL,New Zealand,S1,Total economy,S1,Total economy,B1GQ_POP,"Gross domestic product, per capita",_Z,Not applicable,_Z,Not applicable,_Z,Not applicable,USD_PPP_PS,"US dollars per person, PPP converted",LR,Chain linked volume (rebased),LA,Annual levels,T0102,Table 0102 - GDP identity from the expenditure side,2024-Q4,,47365.6,,2020,,,,F,Free (free for publication),1,One,A,Normal value,0,Units,USD,US dollar
DATAFLOW,OECD.SDD.NAD:DSD_NAMAIN1@DF_QNA_EXPENDITURE_CAPITA(1.1),Quarterly GDP per capita,I,Q,Quarterly,Y,Calendar and seasonally adjusted,NZL,New Zealand,S1,Total economy,S1,Total economy,B1GQ_POP,"Gross domestic product, per capita",_Z,Not applicable,_Z,Not applicable,_Z,Not applicable,USD_PPP_PS,"US dollars per person, PPP converted",LR,Chain linked volume (rebased),LA,Annual levels,T0102,Table 0102 - GDP identity from the expenditure side,2024-Q3,,47383.7,,2020,,,,F,Free (free for publication),1,One,A,Normal value,0,Units,USD,US dollar
DATAFLOW,OECD.SDD.NAD:DSD_NAMAIN1@DF_QNA_EXPENDITURE_CAPITA(1.1),Quarterly GDP per capita,I,Q,Quarterly,Y,Calendar and seasonally adjusted,NZL,New Zealand,S1,Total economy,S1,Total economy,B1GQ_POP,"Gross domestic product, per capita",_Z,Not applicable,_Z,Not applicable,_Z,Not applicable,USD_PPP_PS,"US dollars per person, PPP converted",LR,Chain linked volume (rebased),LA,Annual levels,T0102,Table 0102 - GDP identity from the expenditure side,2024-Q2,,48040.1,,2020,,,,F,Free (free for publication),1,One,A,Normal value,0,Units,USD,US dollar
DATAFLOW,OECD.SDD.NAD:DSD_NAMAIN1@DF_QNA_EXPENDITURE_CAPITA(1.1),Quarterly GDP per capita,I,Q,Quarterly,Y,Calendar and seasonally adjusted,NZL,New Zealand,S1,Total economy,S1,Total economy,B1GQ_POP,"Gross domestic product, per capita",_Z,Not applicable,_Z,Not applicable,_Z,Not applicable,USD_PPP_PS,"US dollars per person, PPP converted",LR,Chain linked volume (rebased),LA,Annual levels,T0102,Table 0102 - GDP identity from the expenditure side,2024-Q1,,48333.5,,2020,,,,F,Free (free for publication),1,One,A,Normal value,0,Units,USD,US dollar
DATAFLOW,OECD.SDD.NAD:DSD_NAMAIN1@DF_QNA_EXPENDITURE_CAPITA(1.1),Quarterly GDP per capita,I,Q,Quarterly,Y,Calendar and seasonally adjusted,OECDE,OECD Europe,S1,Total economy,S1,Total economy,B1GQ_POP,"Gross domestic product, per capita",_Z,Not applicable,_Z,Not applicable,_Z,Not applicable,USD_PPP_PS,"US dollars per person, PPP converted",LR,Chain linked volume (rebased),LA,Annual levels,T0102,Table 0102 - GDP identity from the expenditure side,2023-Q2,,51286.9,,2020,,,,F,Free (free for publication),1,One,A,Normal value,0,Units,USD,US dollar
DATAFLOW,OECD.SDD.NAD:DSD_NAMAIN1@DF_QNA_EXPENDITURE_CAPITA(1.1),Quarterly GDP per capita,I,Q,Quarterly,Y,Calendar and seasonally adjusted,OECDE,OECD Europe,S1,Total economy,S1,Total economy,B1GQ_POP,"Gross domestic product, per capita",_Z,Not applicable,_Z,Not applicable,_Z,Not applicable,USD_PPP_PS,"US dollars per person, PPP converted",LR,Chain linked volume (rebased),LA,Annual levels,T0102,Table 0102 - GDP identity from the expenditure side,2023-Q3,,51334.3,,2020,,,,F,Free (free for publication),1,One,A,Normal value,0,Units,USD,US dollar
DATAFLOW,OECD.SDD.NAD:DSD_NAMAIN1@DF_QNA_EXPENDITURE_CAPITA(1.1),Quarterly GDP per capita,I,Q,Quarterly,Y,Calendar and seasonally adjusted,OECDE,OECD Europe,S1,Total economy,S1,Total economy,B1GQ_POP,"Gross domestic product, per capita",_Z,Not applicable,_Z,Not applicable,_Z,Not applicable,USD_PPP_PS,"US dollars per person, PPP converted",LR,Chain linked volume (rebased),LA,Annual levels,T0102,Table 0102 - GDP identity from the expenditure side,2023-Q1,,51067.6,,2020,,,,F,Free (free for publication),1,One,A,Normal value,0,Units,USD,US dollar
DATAFLOW,OECD.SDD.NAD:DSD_NAMAIN1@DF_QNA_EXPENDITURE_CAPITA(1.1),Quarterly GDP per capita,I,Q,Quarterly,Y,Calendar and seasonally adjusted,OECDE,OECD Europe,S1,Total economy,S1,Total economy,B1GQ_POP,"Gross domestic product, per capita",_Z,Not applicable,_Z,Not applicable,_Z,Not applicable,USD_PPP_PS,"US dollars per person, PPP converted",LR,Chain linked volume (rebased),LA,Annual levels,T0102,Table 0102 - GDP identity from the expenditure side,2025-Q4,,52750.7,,2020,,,,F,Free (free for publication),1,One,A,Normal value,0,Units,USD,US dollar
DATAFLOW,OECD.SDD.NAD:DSD_NAMAIN1@DF_QNA_EXPENDITURE_CAPITA(1.1),Quarterly GDP per capita,I,Q,Quarterly,Y,Calendar and seasonally adjusted,OECDE,OECD Europe,S1,Total economy,S1,Total economy,B1GQ_POP,"Gross domestic product, per capita",_Z,Not applicable,_Z,Not applicable,_Z,Not applicable,USD_PPP_PS,"US dollars per person, PPP converted",V,Current prices,LA,Annual levels,T0102,Table 0102 - GDP identity from the expenditure side,2025-Q4,,65661.1,,,,,,F,Free (free for publication),1,One,A,Normal value,0,Units,USD,US dollar
DATAFLOW,OECD.SDD.NAD:DSD_NAMAIN1@DF_QNA_EXPENDITURE_CAPITA(1.1),Quarterly GDP per capita,I,Q,Quarterly,Y,Calendar and seasonally adjusted,OECD,OECD,S1,Total economy,S1,Total economy,B1GQ_POP,"Gross domestic product, per capita",_Z,Not applicable,_Z,Not applicable,_Z,Not applicable,USD_PPP_PS,"US dollars per person, PPP converted",V,Current prices,LA,Annual levels,T0102,Table 0102 - GDP identity from the expenditure side,2024-Q3,,62601.4,,,,,,F,Free (free for publication),1,One,A,Normal value,0,Units,USD,US dollar
DATAFLOW,OECD.SDD.NAD:DSD_NAMAIN1@DF_QNA_EXPENDITURE_CAPITA(1.1),Quarterly GDP per capita,I,Q,Quarterly,Y,Calendar and seasonally adjusted,OECD,OECD,S1,Total economy,S1,Total economy,B1GQ_POP,"Gross domestic product, per capita",_Z,Not applicable,_Z,Not applicable,_Z,Not applicable,USD_PPP_PS,"US dollars per person, PPP converted",V,Current prices,LA,Annual levels,T0102,Table 0102 - GDP identity from the expenditure side,2024-Q2,,62062.6,,,,,,F,Free (free for publication),1,One,A,Normal value,0,Units,USD,US dollar
DATAFLOW,OECD.SDD.NAD:DSD_NAMAIN1@DF_QNA_EXPENDITURE_CAPITA(1.1),Quarterly GDP per capita,I,Q,Quarterly,Y,Calendar and seasonally adjusted,USMCA,United States - Mexico - Canada Agreement (USMCA),S1,Total economy,S1,Total economy,B1GQ_POP,"Gross domestic product, per capita",_Z,Not applicable,_Z,Not applicable,_Z,Not applicable,USD_PPP_PS,"US dollars per person, PPP converted",V,Current prices,LA,Annual levels,T0102,Table 0102 - GDP identity from the expenditure side,2023-Q3,,67067.6,,,,,,F,Free (free for publication),1,One,A,Normal value,0,Units,USD,US dollar
DATAFLOW,OECD.SDD.NAD:DSD_NAMAIN1@DF_QNA_EXPENDITURE_CAPITA(1.1),Quarterly GDP per capita,I,Q,Quarterly,Y,Calendar and seasonally adjusted,ZAF,South Africa,S1,Total economy,S1,Total economy,B1GQ_POP,"Gross domestic product, per capita",_Z,Not applicable,_Z,Not applicable,_Z,Not applicable,USD_PPP_PS,"US dollars per person, PPP converted",V,Current prices,LA,Annual levels,T0102,Table 0102 - GDP identity from the expenditure side,2025-Q3,,16782.1,,,,,,F,Free (free for publication),1,One,A,Normal value,0,Units,USD,US dollar
DATAFLOW,OECD.SDD.NAD:DSD_NAMAIN1@DF_QNA_EXPENDITURE_CAPITA(1.1),Quarterly GDP per capita,I,Q,Quarterly,Y,Calendar and seasonally adjusted,BGR,Bulgaria,S1,Total economy,S1,Total economy,B1GQ_POP,"Gross domestic product, per capita",_Z,Not applicable,_Z,Not applicable,_Z,Not applicable,USD_PPP_PS,"US dollars per person, PPP converted",V,Current prices,LA,Annual levels,T0102,Table 0102 - GDP identity from the expenditure side,2023-Q2,,38373,,,,,,F,Free (free for publication),1,One,A,Normal value,0,Units,USD,US dollar
DATAFLOW,OECD.SDD.NAD:DSD_NAMAIN1@DF_QNA_EXPENDITURE_CAPITA(1.1),Quarterly GDP per capita,I,Q,Quarterly,Y,Calendar and seasonally adjusted,OECDE,OECD Europe,S1,Total economy,S1,Total economy,B1GQ_POP,"Gross domestic product, per capita",_Z,Not applicable,_Z,Not applicable,_Z,Not applicable,USD_PPP_PS,"US dollars per person, PPP converted",V,Current prices,LA,Annual levels,T0102,Table 0102 - GDP identity from the expenditure side,2025-Q3,,65004.8,,,,,,F,Free (free for publication),1,One,A,Normal value,0,Units,USD,US dollar
DATAFLOW,OECD.SDD.NAD:DSD_NAMAIN1@DF_QNA_EXPENDITURE_CAPITA(1.1),Quarterly GDP per capita,I,Q,Quarterly,Y,Calendar and seasonally adjusted,OECD,OECD,S1,Total economy,S1,Total economy,B1GQ_POP,"Gross domestic product, per capita",_Z,Not applicable,_Z,Not applicable,_Z,Not applicable,USD_PPP_PS,"US dollars per person, PPP converted",V,Current prices,LA,Annual levels,T0102,Table 0102 - GDP identity from the expenditure side,2023-Q2,,59633.9,,,,,,F,Free (free for publication),1,One,A,Normal value,0,Units,USD,US dollar
DATAFLOW,OECD.SDD.NAD:DSD_NAMAIN1@DF_QNA_EXPENDITURE_CAPITA(1.1),Quarterly GDP per capita,I,Q,Quarterly,Y,Calendar and seasonally adjusted,EU,European Union,S1,Total economy,S1,Total economy,B1GQ_POP,"Gross domestic product, per capita",_Z,Not applicable,_Z,Not applicable,_Z,Not applicable,USD_PPP_PS,"US dollars per person, PPP converted",V,Current prices,LA,Annual levels,T0102,Table 0102 - GDP identity from the expenditure side,2024-Q1,,63123.8,,,,,,F,Free (free for publication),1,One,A,Normal value,0,Units,USD,US dollar
DATAFLOW,OECD.SDD.NAD:DSD_NAMAIN1@DF_QNA_EXPENDITURE_CAPITA(1.1),Quarterly GDP per capita,I,Q,Quarterly,Y,Calendar and seasonally adjusted,G7,G7,S1,Total economy,S1,Total economy,B1GQ_POP,"Gross domestic product, per capita",_Z,Not applicable,_Z,Not applicable,_Z,Not applicable,USD_PPP_PS,"US dollars per person, PPP converted",LR,Chain linked volume (rebased),LA,Annual levels,T0102,Table 0102 - GDP identity from the expenditure side,2023-Q2,,60711.1,,2020,,,,F,Free (free for publication),1,One,A,Normal value,0,Units,USD,US dollar
DATAFLOW,OECD.SDD.NAD:DSD_NAMAIN1@DF_QNA_EXPENDITURE_CAPITA(1.1),Quarterly GDP per capita,I,Q,Quarterly,Y,Calendar and seasonally adjusted,USA,United States,S1,Total economy,S1,Total economy,B1GQ_POP,"Gross domestic product, per capita",_Z,Not applicable,_Z,Not applicable,_Z,Not applicable,USD_PPP_PS,"US dollars per person, PPP converted",V,Current prices,LA,Annual levels,T0102,Table 0102 - GDP identity from the expenditure side,2024-Q3,,86668.5,,,,,,F,Free (free for publication),1,One,A,Normal value,0,Units,USD,US dollar
DATAFLOW,OECD.SDD.NAD:DSD_NAMAIN1@DF_QNA_EXPENDITURE_CAPITA(1.1),Quarterly GDP per capita,I,Q,Quarterly,Y,Calendar and seasonally adjusted,GBR,United Kingdom,S1,Total economy,S1,Total economy,B1GQ_POP,"Gross domestic product, per capita",_Z,Not applicable,_Z,Not applicable,_Z,Not applicable,USD_PPP_PS,"US dollars per person, PPP converted",LR,Chain linked volume (rebased),LA,Annual levels,T0102,Table 0102 - GDP identity from the expenditure side,2024-Q3,,54306.3,,2020,,,,F,Free (free for publication),1,One,A,Normal value,0,Units,USD,US dollar
DATAFLOW,OECD.SDD.NAD:DSD_NAMAIN1@DF_QNA_EXPENDITURE_CAPITA(1.1),Quarterly GDP per capita,I,Q,Quarterly,Y,Calendar and seasonally adjusted,CHE,Switzerland,S1,Total economy,S1,Total economy,B1GQ_POP,"Gross domestic product, per capita",_Z,Not applicable,_Z,Not applicable,_Z,Not applicable,USD_PPP_PS,"US dollars per person, PPP converted",V,Current prices,LA,Annual levels,T0102,Table 0102 - GDP identity from the expenditure side,2025-Q2,,102750.3,,,,,,F,Free (free for publication),1,One,A,Normal value,0,Units,USD,US dollar
DATAFLOW,OECD.SDD.NAD:DSD_NAMAIN1@DF_QNA_EXPENDITURE_CAPITA(1.1),Quarterly GDP per capita,I,Q,Quarterly,Y,Calendar and seasonally adjusted,SWE,Sweden,S1,Total economy,S1,Total economy,B1GQ_POP,"Gross domestic product, per capita",_Z,Not applicable,_Z,Not applicable,_Z,Not applicable,USD_PPP_PS,"US dollars per person, PPP converted",LR,Chain linked volume (rebased),LA,Annual levels,T0102,Table 0102 - GDP identity from the expenditure side,2024-Q3,,60415.8,,2020,,,,F,Free (free for publication),1,One,A,Normal value,0,Units,USD,US dollar
DATAFLOW,OECD.SDD.NAD:DSD_NAMAIN1@DF_QNA_EXPENDITURE_CAPITA(1.1),Quarterly GDP per capita,I,Q,Quarterly,Y,Calendar and seasonally adjusted,SVN,Slovenia,S1,Total economy,S1,Total economy,B1GQ_POP,"Gross domestic product, per capita",_Z,Not applicable,_Z,Not applicable,_Z,Not applicable,USD_PPP_PS,"US dollars per person, PPP converted",V,Current prices,LA,Annual levels,T0102,Table 0102 - GDP identity from the expenditure side,2025-Q3,,60378.6,,,,,,F,Free (free for publication),1,One,A,Normal value,0,Units,USD,US dollar
DATAFLOW,OECD.SDD.NAD:DSD_NAMAIN1@DF_QNA_EXPENDITURE_CAPITA(1.1),Quarterly GDP per capita,I,Q,Quarterly,Y,Calendar and seasonally adjusted,SVK,Slovak Republic,S1,Total economy,S1,Total economy,B1GQ_POP,"Gross domestic product, per capita",_Z,Not applicable,_Z,Not applicable,_Z,Not applicable,USD_PPP_PS,"US dollars per person, PPP converted",V,Current prices,LA,Annual levels,T0102,Table 0102 - GDP identity from the expenditure side,2025-Q3,,49532.4,,,,,,F,Free (free for publication),1,One,A,Normal value,0,Units,USD,US dollar
DATAFLOW,OECD.SDD.NAD:DSD_NAMAIN1@DF_QNA_EXPENDITURE_CAPITA(1.1),Quarterly GDP per capita,I,Q,Quarterly,Y,Calendar and seasonally adjusted,PRT,Portugal,S1,Total economy,S1,Total economy,B1GQ_POP,"Gross domestic product, per capita",_Z,Not applicable,_Z,Not applicable,_Z,Not applicable,USD_PPP_PS,"US dollars per person, PPP converted",LR,Chain linked volume (rebased),LA,Annual levels,T0102,Table 0102 - GDP identity from the expenditure side,2023-Q1,,40668.2,,2020,,,,F,Free (free for publication),1,One,A,Normal value,0,Units,USD,US dollar
DATAFLOW,OECD.SDD.NAD:DSD_NAMAIN1@DF_QNA_EXPENDITURE_CAPITA(1.1),Quarterly GDP per capita,I,Q,Quarterly,Y,Calendar and seasonally adjusted,POL,Poland,S1,Total economy,S1,Total economy,B1GQ_POP,"Gross domestic product, per capita",_Z,Not applicable,_Z,Not applicable,_Z,Not applicable,USD_PPP_PS,"US dollars per person, PPP converted",LR,Chain linked volume (rebased),LA,Annual levels,T0102,Table 0102 - GDP identity from the expenditure side,2024-Q4,,43777.8,,2020,,,,F,Free (free for publication),1,One,A,Normal value,0,Units,USD,US dollar
DATAFLOW,OECD.SDD.NAD:DSD_NAMAIN1@DF_QNA_EXPENDITURE_CAPITA(1.1),Quarterly GDP per capita,I,Q,Quarterly,Y,Calendar and seasonally adjusted,NOR,Norway,S1,Total economy,S1,Total economy,B1GQ_POP,"Gross domestic product, per capita",_Z,Not applicable,_Z,Not applicable,_Z,Not applicable,USD_PPP_PS,"US dollars per person, PPP converted",V,Current prices,LA,Annual levels,T0102,Table 0102 - GDP identity from the expenditure side,2023-Q3,,103595.3,,,,,,F,Free (free for publication),1,One,A,Normal value,0,Units,USD,US dollar
DATAFLOW,OECD.SDD.NAD:DSD_NAMAIN1@DF_QNA_EXPENDITURE_CAPITA(1.1),Quarterly GDP per capita,I,Q,Quarterly,Y,Calendar and seasonally adjusted,NZL,New Zealand,S1,Total economy,S1,Total economy,B1GQ_POP,"Gross domestic product, per capita",_Z,Not applicable,_Z,Not applicable,_Z,Not applicable,USD_PPP_PS,"US dollars per person, PPP converted",V,Current prices,LA,Annual levels,T0102,Table 0102 - GDP identity from the expenditure side,2025-Q1,,56231.9,,,,,,F,Free (free for publication),1,One,A,Normal value,0,Units,USD,US dollar
DATAFLOW,OECD.SDD.NAD:DSD_NAMAIN1@DF_QNA_EXPENDITURE_CAPITA(1.1),Quarterly GDP per capita,I,Q,Quarterly,Y,Calendar and seasonally adjusted,LTU,Lithuania,S1,Total economy,S1,Total economy,B1GQ_POP,"Gross domestic product, per capita",_Z,Not applicable,_Z,Not applicable,_Z,Not applicable,USD_PPP_PS,"US dollars per person, PPP converted",V,Current prices,LA,Annual levels,T0102,Table 0102 - GDP identity from the expenditure side,2025-Q3,,57804.7,,,,,,F,Free (free for publication),1,One,A,Normal value,0,Units,USD,US dollar
DATAFLOW,OECD.SDD.NAD:DSD_NAMAIN1@DF_QNA_EXPENDITURE_CAPITA(1.1),Quarterly GDP per capita,I,Q,Quarterly,Y,Calendar and seasonally adjusted,LVA,Latvia,S1,Total economy,S1,Total economy,B1GQ_POP,"Gross domestic product, per capita",_Z,Not applicable,_Z,Not applicable,_Z,Not applicable,USD_PPP_PS,"US dollars per person, PPP converted",V,Current prices,LA,Annual levels,T0102,Table 0102 - GDP identity from the expenditure side,2023-Q3,,43272.8,,,,,,F,Free (free for publication),1,One,A,Normal value,0,Units,USD,US dollar
DATAFLOW,OECD.SDD.NAD:DSD_NAMAIN1@DF_QNA_EXPENDITURE_CAPITA(1.1),Quarterly GDP per capita,I,Q,Quarterly,Y,Calendar and seasonally adjusted,ITA,Italy,S1,Total economy,S1,Total economy,B1GQ_POP,"Gross domestic product, per capita",_Z,Not applicable,_Z,Not applicable,_Z,Not applicable,USD_PPP_PS,"US dollars per person, PPP converted",V,Current prices,LA,Annual levels,T0102,Table 0102 - GDP identity from the expenditure side,2023-Q4,,61144.9,,,,,,F,Free (free for publication),1,One,A,Normal value,0,Units,USD,US dollar
DATAFLOW,OECD.SDD.NAD:DSD_NAMAIN1@DF_QNA_EXPENDITURE_CAPITA(1.1),Quarterly GDP per capita,I,Q,Quarterly,Y,Calendar and seasonally adjusted,ISR,Israel,S1,Total economy,S1,Total economy,B1GQ_POP,"Gross domestic product, per capita",_Z,Not applicable,_Z,Not applicable,_Z,Not applicable,USD_PPP_PS,"US dollars per person, PPP converted",V,Current prices,LA,Annual levels,T0102,Table 0102 - GDP identity from the expenditure side,2025-Q1,,59379.8,,,,,,F,Free (free for publication),1,One,A,Normal value,0,Units,USD,US dollar
DATAFLOW,OECD.SDD.NAD:DSD_NAMAIN1@DF_QNA_EXPENDITURE_CAPITA(1.1),Quarterly GDP per capita,I,Q,Quarterly,Y,Calendar and seasonally adjusted,IRL,Ireland,S1,Total economy,S1,Total economy,B1GQ_POP,"Gross domestic product, per capita",_Z,Not applicable,_Z,Not applicable,_Z,Not applicable,USD_PPP_PS,"US dollars per person, PPP converted",V,Current prices,LA,Annual levels,T0102,Table 0102 - GDP identity from the expenditure side,2023-Q3,,132564.1,,,,,,F,Free (free for publication),1,One,A,Normal value,0,Units,USD,US dollar
DATAFLOW,OECD.SDD.NAD:DSD_NAMAIN1@DF_QNA_EXPENDITURE_CAPITA(1.1),Quarterly GDP per capita,I,Q,Quarterly,Y,Calendar and seasonally adjusted,FRA,France,S1,Total economy,S1,Total economy,B1GQ_POP,"Gross domestic product, per capita",_Z,Not applicable,_Z,Not applicable,_Z,Not applicable,USD_PPP_PS,"US dollars per person, PPP converted",LR,Chain linked volume (rebased),LA,Annual levels,T0102,Table 0102 - GDP identity from the expenditure side,2025-Q4,,55624,,2020,,,,F,Free (free for publication),1,One,A,Normal value,0,Units,USD,US dollar
DATAFLOW,OECD.SDD.NAD:DSD_NAMAIN1@DF_QNA_EXPENDITURE_CAPITA(1.1),Quarterly GDP per capita,I,Q,Quarterly,Y,Calendar and seasonally adjusted,FIN,Finland,S1,Total economy,S1,Total economy,B1GQ_POP,"Gross domestic product, per capita",_Z,Not applicable,_Z,Not applicable,_Z,Not applicable,USD_PPP_PS,"US dollars per person, PPP converted",V,Current prices,LA,Annual levels,T0102,Table 0102 - GDP identity from the expenditure side,2023-Q3,,63323.4,,,,,,F,Free (free for publication),1,One,A,Normal value,0,Units,USD,US dollar
DATAFLOW,OECD.SDD.NAD:DSD_NAMAIN1@DF_QNA_EXPENDITURE_CAPITA(1.1),Quarterly GDP per capita,I,Q,Quarterly,Y,Calendar and seasonally adjusted,EST,Estonia,S1,Total economy,S1,Total economy,B1GQ_POP,"Gross domestic product, per capita",_Z,Not applicable,_Z,Not applicable,_Z,Not applicable,USD_PPP_PS,"US dollars per person, PPP converted",V,Current prices,LA,Annual levels,T0102,Table 0102 - GDP identity from the expenditure side,2025-Q3,,52420.6,,,,,,F,Free (free for publication),1,One,A,Normal value,0,Units,USD,US dollar
DATAFLOW,OECD.SDD.NAD:DSD_NAMAIN1@DF_QNA_EXPENDITURE_CAPITA(1.1),Quarterly GDP per capita,I,Q,Quarterly,Y,Calendar and seasonally adjusted,DNK,Denmark,S1,Total economy,S1,Total economy,B1GQ_POP,"Gross domestic product, per capita",_Z,Not applicable,_Z,Not applicable,_Z,Not applicable,USD_PPP_PS,"US dollars per person, PPP converted",V,Current prices,LA,Annual levels,T0102,Table 0102 - GDP identity from the expenditure side,2025-Q4,,85511.8,,,,,,F,Free (free for publication),1,One,A,Normal value,0,Units,USD,US dollar
DATAFLOW,OECD.SDD.NAD:DSD_NAMAIN1@DF_QNA_EXPENDITURE_CAPITA(1.1),Quarterly GDP per capita,I,Q,Quarterly,Y,Calendar and seasonally adjusted,CZE,Czechia,S1,Total economy,S1,Total economy,B1GQ_POP,"Gross domestic product, per capita",_Z,Not applicable,_Z,Not applicable,_Z,Not applicable,USD_PPP_PS,"US dollars per person, PPP converted",LR,Chain linked volume (rebased),LA,Annual levels,T0102,Table 0102 - GDP identity from the expenditure side,2025-Q3,,49142.4,,2020,,,,F,Free (free for publication),1,One,A,Normal value,0,Units,USD,US dollar
DATAFLOW,OECD.SDD.NAD:DSD_NAMAIN1@DF_QNA_EXPENDITURE_CAPITA(1.1),Quarterly GDP per capita,I,Q,Quarterly,Y,Calendar and seasonally adjusted,CRI,Costa Rica,S1,Total economy,S1,Total economy,B1GQ_POP,"Gross domestic product, per capita",_Z,Not applicable,_Z,Not applicable,_Z,Not applicable,USD_PPP_PS,"US dollars per person, PPP converted",V,Current prices,LA,Annual levels,T0102,Table 0102 - GDP identity from the expenditure side,2023-Q4,,29132.3,,,,,,F,Free (free for publication),1,One,A,Normal value,0,Units,USD,US dollar
DATAFLOW,OECD.SDD.NAD:DSD_NAMAIN1@DF_QNA_EXPENDITURE_CAPITA(1.1),Quarterly GDP per capita,I,Q,Quarterly,Y,Calendar and seasonally adjusted,COL,Colombia,S1,Total economy,S1,Total economy,B1GQ_POP,"Gross domestic product, per capita",_Z,Not applicable,_Z,Not applicable,_Z,Not applicable,USD_PPP_PS,"US dollars per person, PPP converted",V,Current prices,LA,Annual levels,T0102,Table 0102 - GDP identity from the expenditure side,2023-Q4,,22042.3,,,,,,F,Free (free for publication),1,One,A,Normal value,0,Units,USD,US dollar
DATAFLOW,OECD.SDD.NAD:DSD_NAMAIN1@DF_QNA_EXPENDITURE_CAPITA(1.1),Quarterly GDP per capita,I,Q,Quarterly,Y,Calendar and seasonally adjusted,CHL,Chile,S1,Total economy,S1,Total economy,B1GQ_POP,"Gross domestic product, per capita",_Z,Not applicable,_Z,Not applicable,_Z,Not applicable,USD_PPP_PS,"US dollars per person, PPP converted",V,Current prices,LA,Annual levels,T0102,Table 0102 - GDP identity from the expenditure side,2025-Q3,,37206.8,,,,,,F,Free (free for publication),1,One,A,Normal value,0,Units,USD,US dollar
DATAFLOW,OECD.SDD.NAD:DSD_NAMAIN1@DF_QNA_EXPENDITURE_CAPITA(1.1),Quarterly GDP per capita,I,Q,Quarterly,Y,Calendar and seasonally adjusted,CAN,Canada,S1,Total economy,S1,Total economy,B1GQ_POP,"Gross domestic product, per capita",_Z,Not applicable,_Z,Not applicable,_Z,Not applicable,USD_PPP_PS,"US dollars per person, PPP converted",V,Current prices,LA,Annual levels,T0102,Table 0102 - GDP identity from the expenditure side,2023-Q3,,65189,,,,,,F,Free (free for publication),1,One,A,Normal value,0,Units,USD,US dollar
DATAFLOW,OECD.SDD.NAD:DSD_NAMAIN1@DF_QNA_EXPENDITURE_CAPITA(1.1),Quarterly GDP per capita,I,Q,Quarterly,Y,Calendar and seasonally adjusted,AUT,Austria,S1,Total economy,S1,Total economy,B1GQ_POP,"Gross domestic product, per capita",_Z,Not applicable,_Z,Not applicable,_Z,Not applicable,USD_PPP_PS,"US dollars per person, PPP converted",LR,Chain linked volume (rebased),LA,Annual levels,T0102,Table 0102 - GDP identity from the expenditure side,2025-Q4,,62506.1,,2020,,,,F,Free (free for publication),1,One,A,Normal value,0,Units,USD,US dollar
DATAFLOW,OECD.SDD.NAD:DSD_NAMAIN1@DF_QNA_EXPENDITURE_CAPITA(1.1),Quarterly GDP per capita,I,Q,Quarterly,Y,Calendar and seasonally adjusted,AUS,Australia,S1,Total economy,S1,Total economy,B1GQ_POP,"Gross domestic product, per capita",_Z,Not applicable,_Z,Not applicable,_Z,Not applicable,USD_PPP_PS,"US dollars per person, PPP converted",V,Current prices,LA,Annual levels,T0102,Table 0102 - GDP identity from the expenditure side,2024-Q1,,73155.5,,,,,,F,Free (free for publication),1,One,A,Normal value,0,Units,USD,US dollar
DATAFLOW,OECD.SDD.NAD:DSD_NAMAIN1@DF_QNA_EXPENDITURE_CAPITA(1.1),Quarterly GDP per capita,I,Q,Quarterly,Y,Calendar and seasonally adjusted,USMCA,United States - Mexico - Canada Agreement (USMCA),S1,Total economy,S1,Total economy,B1GQ_POP,"Gross domestic product, per capita",_Z,Not applicable,_Z,Not applicable,_Z,Not applicable,USD_PPP_PS,"US dollars per person, PPP converted",V,Current prices,LA,Annual levels,T0102,Table 0102 - GDP identity from the expenditure side,2023-Q2,,66006.9,,,,,,F,Free (free for publication),1,One,A,Normal value,0,Units,USD,US dollar
DATAFLOW,OECD.SDD.NAD:DSD_NAMAIN1@DF_QNA_EXPENDITURE_CAPITA(1.1),Quarterly GDP per capita,I,Q,Quarterly,Y,Calendar and seasonally adjusted,USMCA,United States - Mexico - Canada Agreement (USMCA),S1,Total economy,S1,Total economy,B1GQ_POP,"Gross domestic product, per capita",_Z,Not applicable,_Z,Not applicable,_Z,Not applicable,USD_PPP_PS,"US dollars per person, PPP converted",V,Current prices,LA,Annual levels,T0102,Table 0102 - GDP identity from the expenditure side,2023-Q1,,65389.4,,,,,,F,Free (free for publication),1,One,A,Normal value,0,Units,USD,US dollar
DATAFLOW,OECD.SDD.NAD:DSD_NAMAIN1@DF_QNA_EXPENDITURE_CAPITA(1.1),Quarterly GDP per capita,I,Q,Quarterly,Y,Calendar and seasonally adjusted,USMCA,United States - Mexico - Canada Agreement (USMCA),S1,Total economy,S1,Total economy,B1GQ_POP,"Gross domestic product, per capita",_Z,Not applicable,_Z,Not applicable,_Z,Not applicable,USD_PPP_PS,"US dollars per person, PPP converted",LR,Chain linked volume (rebased),LA,Annual levels,T0102,Table 0102 - GDP identity from the expenditure side,2025-Q4,,58977.8,,2020,,,,F,Free (free for publication),1,One,A,Normal value,0,Units,USD,US dollar
DATAFLOW,OECD.SDD.NAD:DSD_NAMAIN1@DF_QNA_EXPENDITURE_CAPITA(1.1),Quarterly GDP per capita,I,Q,Quarterly,Y,Calendar and seasonally adjusted,USMCA,United States - Mexico - Canada Agreement (USMCA),S1,Total economy,S1,Total economy,B1GQ_POP,"Gross domestic product, per capita",_Z,Not applicable,_Z,Not applicable,_Z,Not applicable,USD_PPP_PS,"US dollars per person, PPP converted",LR,Chain linked volume (rebased),LA,Annual levels,T0102,Table 0102 - GDP identity from the expenditure side,2025-Q3,,58938.5,,2020,,,,F,Free (free for publication),1,One,A,Normal value,0,Units,USD,US dollar
DATAFLOW,OECD.SDD.NAD:DSD_NAMAIN1@DF_QNA_EXPENDITURE_CAPITA(1.1),Quarterly GDP per capita,I,Q,Quarterly,Y,Calendar and seasonally adjusted,G7,G7,S1,Total economy,S1,Total economy,B1GQ_POP,"Gross domestic product, per capita",_Z,Not applicable,_Z,Not applicable,_Z,Not applicable,USD_PPP_PS,"US dollars per person, PPP converted",LR,Chain linked volume (rebased),LA,Annual levels,T0102,Table 0102 - GDP identity from the expenditure side,2024-Q3,,61600.1,,2020,,,,F,Free (free for publication),1,One,A,Normal value,0,Units,USD,US dollar
DATAFLOW,OECD.SDD.NAD:DSD_NAMAIN1@DF_QNA_EXPENDITURE_CAPITA(1.1),Quarterly GDP per capita,I,Q,Quarterly,Y,Calendar and seasonally adjusted,G7,G7,S1,Total economy,S1,Total economy,B1GQ_POP,"Gross domestic product, per capita",_Z,Not applicable,_Z,Not applicable,_Z,Not applicable,USD_PPP_PS,"US dollars per person, PPP converted",LR,Chain linked volume (rebased),LA,Annual levels,T0102,Table 0102 - GDP identity from the expenditure side,2024-Q2,,61312.2,,2020,,,,F,Free (free for publication),1,One,A,Normal value,0,Units,USD,US dollar
DATAFLOW,OECD.SDD.NAD:DSD_NAMAIN1@DF_QNA_EXPENDITURE_CAPITA(1.1),Quarterly GDP per capita,I,Q,Quarterly,Y,Calendar and seasonally adjusted,G7,G7,S1,Total economy,S1,Total economy,B1GQ_POP,"Gross domestic product, per capita",_Z,Not applicable,_Z,Not applicable,_Z,Not applicable,USD_PPP_PS,"US dollars per person, PPP converted",LR,Chain linked volume (rebased),LA,Annual levels,T0102,Table 0102 - GDP identity from the expenditure side,2024-Q1,,61083.7,,2020,,,,F,Free (free for publication),1,One,A,Normal value,0,Units,USD,US dollar
DATAFLOW,OECD.SDD.NAD:DSD_NAMAIN1@DF_QNA_EXPENDITURE_CAPITA(1.1),Quarterly GDP per capita,I,Q,Quarterly,Y,Calendar and seasonally adjusted,G7,G7,S1,Total economy,S1,Total economy,B1GQ_POP,"Gross domestic product, per capita",_Z,Not applicable,_Z,Not applicable,_Z,Not applicable,USD_PPP_PS,"US dollars per person, PPP converted",LR,Chain linked volume (rebased),LA,Annual levels,T0102,Table 0102 - GDP identity from the expenditure side,2023-Q4,,61066.6,,2020,,,,F,Free (free for publication),1,One,A,Normal value,0,Units,USD,US dollar
DATAFLOW,OECD.SDD.NAD:DSD_NAMAIN1@DF_QNA_EXPENDITURE_CAPITA(1.1),Quarterly GDP per capita,I,Q,Quarterly,Y,Calendar and seasonally adjusted,G7,G7,S1,Total economy,S1,Total economy,B1GQ_POP,"Gross domestic product, per capita",_Z,Not applicable,_Z,Not applicable,_Z,Not applicable,USD_PPP_PS,"US dollars per person, PPP converted",V,Current prices,LA,Annual levels,T0102,Table 0102 - GDP identity from the expenditure side,2023-Q1,,69360.3,,,,,,F,Free (free for publication),1,One,A,Normal value,0,Units,USD,US dollar
DATAFLOW,OECD.SDD.NAD:DSD_NAMAIN1@DF_QNA_EXPENDITURE_CAPITA(1.1),Quarterly GDP per capita,I,Q,Quarterly,Y,Calendar and seasonally adjusted,G7,G7,S1,Total economy,S1,Total economy,B1GQ_POP,"Gross domestic product, per capita",_Z,Not applicable,_Z,Not applicable,_Z,Not applicable,USD_PPP_PS,"US dollars per person, PPP converted",V,Current prices,LA,Annual levels,T0102,Table 0102 - GDP identity from the expenditure side,2025-Q1,,74438.5,,,,,,F,Free (free for publication),1,One,A,Normal value,0,Units,USD,US dollar
DATAFLOW,OECD.SDD.NAD:DSD_NAMAIN1@DF_QNA_EXPENDITURE_CAPITA(1.1),Quarterly GDP per capita,I,Q,Quarterly,Y,Calendar and seasonally adjusted,G7,G7,S1,Total economy,S1,Total economy,B1GQ_POP,"Gross domestic product, per capita",_Z,Not applicable,_Z,Not applicable,_Z,Not applicable,USD_PPP_PS,"US dollars per person, PPP converted",V,Current prices,LA,Annual levels,T0102,Table 0102 - GDP identity from the expenditure side,2024-Q4,,73809,,,,,,F,Free (free for publication),1,One,A,Normal value,0,Units,USD,US dollar
DATAFLOW,OECD.SDD.NAD:DSD_NAMAIN1@DF_QNA_EXPENDITURE_CAPITA(1.1),Quarterly GDP per capita,I,Q,Quarterly,Y,Calendar and seasonally adjusted,G7,G7,S1,Total economy,S1,Total economy,B1GQ_POP,"Gross domestic product, per capita",_Z,Not applicable,_Z,Not applicable,_Z,Not applicable,USD_PPP_PS,"US dollars per person, PPP converted",LR,Chain linked volume (rebased),LA,Annual levels,T0102,Table 0102 - GDP identity from the expenditure side,2023-Q3,,60875.3,,2020,,,,F,Free (free for publication),1,One,A,Normal value,0,Units,USD,US dollar
DATAFLOW,OECD.SDD.NAD:DSD_NAMAIN1@DF_QNA_EXPENDITURE_CAPITA(1.1),Quarterly GDP per capita,I,Q,Quarterly,Y,Calendar and seasonally adjusted,USA,United States,S1,Total economy,S1,Total economy,B1GQ_POP,"Gross domestic product, per capita",_Z,Not applicable,_Z,Not applicable,_Z,Not applicable,USD_PPP_PS,"US dollars per person, PPP converted",V,Current prices,LA,Annual levels,T0102,Table 0102 - GDP identity from the expenditure side,2024-Q2,,85769.5,,,,,,F,Free (free for publication),1,One,A,Normal value,0,Units,USD,US dollar
DATAFLOW,OECD.SDD.NAD:DSD_NAMAIN1@DF_QNA_EXPENDITURE_CAPITA(1.1),Quarterly GDP per capita,I,Q,Quarterly,Y,Calendar and seasonally adjusted,USA,United States,S1,Total economy,S1,Total economy,B1GQ_POP,"Gross domestic product, per capita",_Z,Not applicable,_Z,Not applicable,_Z,Not applicable,USD_PPP_PS,"US dollars per person, PPP converted",V,Current prices,LA,Annual levels,T0102,Table 0102 - GDP identity from the expenditure side,2024-Q1,,84676.1,,,,,,F,Free (free for publication),1,One,A,Normal value,0,Units,USD,US dollar
DATAFLOW,OECD.SDD.NAD:DSD_NAMAIN1@DF_QNA_EXPENDITURE_CAPITA(1.1),Quarterly GDP per capita,I,Q,Quarterly,Y,Calendar and seasonally adjusted,USA,United States,S1,Total economy,S1,Total economy,B1GQ_POP,"Gross domestic product, per capita",_Z,Not applicable,_Z,Not applicable,_Z,Not applicable,USD_PPP_PS,"US dollars per person, PPP converted",V,Current prices,LA,Annual levels,T0102,Table 0102 - GDP identity from the expenditure side,2023-Q4,,84025,,,,,,F,Free (free for publication),1,One,A,Normal value,0,Units,USD,US dollar
DATAFLOW,OECD.SDD.NAD:DSD_NAMAIN1@DF_QNA_EXPENDITURE_CAPITA(1.1),Quarterly GDP per capita,I,Q,Quarterly,Y,Calendar and seasonally adjusted,USA,United States,S1,Total economy,S1,Total economy,B1GQ_POP,"Gross domestic product, per capita",_Z,Not applicable,_Z,Not applicable,_Z,Not applicable,USD_PPP_PS,"US dollars per person, PPP converted",V,Current prices,LA,Annual levels,T0102,Table 0102 - GDP identity from the expenditure side,2023-Q3,,83198.8,,,,,,F,Free (free for publication),1,One,A,Normal value,0,Units,USD,US dollar
DATAFLOW,OECD.SDD.NAD:DSD_NAMAIN1@DF_QNA_EXPENDITURE_CAPITA(1.1),Quarterly GDP per capita,I,Q,Quarterly,Y,Calendar and seasonally adjusted,USA,United States,S1,Total economy,S1,Total economy,B1GQ_POP,"Gross domestic product, per capita",_Z,Not applicable,_Z,Not applicable,_Z,Not applicable,USD_PPP_PS,"US dollars per person, PPP converted",V,Current prices,LA,Annual levels,T0102,Table 0102 - GDP identity from the expenditure side,2023-Q2,,81779.4,,,,,,F,Free (free for publication),1,One,A,Normal value,0,Units,USD,US dollar
DATAFLOW,OECD.SDD.NAD:DSD_NAMAIN1@DF_QNA_EXPENDITURE_CAPITA(1.1),Quarterly GDP per capita,I,Q,Quarterly,Y,Calendar and seasonally adjusted,USA,United States,S1,Total economy,S1,Total economy,B1GQ_POP,"Gross domestic product, per capita",_Z,Not applicable,_Z,Not applicable,_Z,Not applicable,USD_PPP_PS,"US dollars per person, PPP converted",V,Current prices,LA,Annual levels,T0102,Table 0102 - GDP identity from the expenditure side,2023-Q1,,81006.6,,,,,,F,Free (free for publication),1,One,A,Normal value,0,Units,USD,US dollar
DATAFLOW,OECD.SDD.NAD:DSD_NAMAIN1@DF_QNA_EXPENDITURE_CAPITA(1.1),Quarterly GDP per capita,I,Q,Quarterly,Y,Calendar and seasonally adjusted,USA,United States,S1,Total economy,S1,Total economy,B1GQ_POP,"Gross domestic product, per capita",_Z,Not applicable,_Z,Not applicable,_Z,Not applicable,USD_PPP_PS,"US dollars per person, PPP converted",LR,Chain linked volume (rebased),LA,Annual levels,T0102,Table 0102 - GDP identity from the expenditure side,2024-Q1,,71742.9,,2020,,,,F,Free (free for publication),1,One,A,Normal value,0,Units,USD,US dollar
DATAFLOW,OECD.SDD.NAD:DSD_NAMAIN1@DF_QNA_EXPENDITURE_CAPITA(1.1),Quarterly GDP per capita,I,Q,Quarterly,Y,Calendar and seasonally adjusted,USA,United States,S1,Total economy,S1,Total economy,B1GQ_POP,"Gross domestic product, per capita",_Z,Not applicable,_Z,Not applicable,_Z,Not applicable,USD_PPP_PS,"US dollars per person, PPP converted",LR,Chain linked volume (rebased),LA,Annual levels,T0102,Table 0102 - GDP identity from the expenditure side,2023-Q4,,71750.5,,2020,,,,F,Free (free for publication),1,One,A,Normal value,0,Units,USD,US dollar
DATAFLOW,OECD.SDD.NAD:DSD_NAMAIN1@DF_QNA_EXPENDITURE_CAPITA(1.1),Quarterly GDP per capita,I,Q,Quarterly,Y,Calendar and seasonally adjusted,USA,United States,S1,Total economy,S1,Total economy,B1GQ_POP,"Gross domestic product, per capita",_Z,Not applicable,_Z,Not applicable,_Z,Not applicable,USD_PPP_PS,"US dollars per person, PPP converted",LR,Chain linked volume (rebased),LA,Annual levels,T0102,Table 0102 - GDP identity from the expenditure side,2023-Q3,,71328.3,,2020,,,,F,Free (free for publication),1,One,A,Normal value,0,Units,USD,US dollar
DATAFLOW,OECD.SDD.NAD:DSD_NAMAIN1@DF_QNA_EXPENDITURE_CAPITA(1.1),Quarterly GDP per capita,I,Q,Quarterly,Y,Calendar and seasonally adjusted,USA,United States,S1,Total economy,S1,Total economy,B1GQ_POP,"Gross domestic product, per capita",_Z,Not applicable,_Z,Not applicable,_Z,Not applicable,USD_PPP_PS,"US dollars per person, PPP converted",LR,Chain linked volume (rebased),LA,Annual levels,T0102,Table 0102 - GDP identity from the expenditure side,2024-Q2,,72208.8,,2020,,,,F,Free (free for publication),1,One,A,Normal value,0,Units,USD,US dollar
DATAFLOW,OECD.SDD.NAD:DSD_NAMAIN1@DF_QNA_EXPENDITURE_CAPITA(1.1),Quarterly GDP per capita,I,Q,Quarterly,Y,Calendar and seasonally adjusted,USA,United States,S1,Total economy,S1,Total economy,B1GQ_POP,"Gross domestic product, per capita",_Z,Not applicable,_Z,Not applicable,_Z,Not applicable,USD_PPP_PS,"US dollars per person, PPP converted",LR,Chain linked volume (rebased),LA,Annual levels,T0102,Table 0102 - GDP identity from the expenditure side,2025-Q3,,73993.4,,2020,,,,F,Free (free for publication),1,One,A,Normal value,0,Units,USD,US dollar
DATAFLOW,OECD.SDD.NAD:DSD_NAMAIN1@DF_QNA_EXPENDITURE_CAPITA(1.1),Quarterly GDP per capita,I,Q,Quarterly,Y,Calendar and seasonally adjusted,SWE,Sweden,S1,Total economy,S1,Total economy,B1GQ_POP,"Gross domestic product, per capita",_Z,Not applicable,_Z,Not applicable,_Z,Not applicable,USD_PPP_PS,"US dollars per person, PPP converted",V,Current prices,LA,Annual levels,T0102,Table 0102 - GDP identity from the expenditure side,2024-Q4,,71785.9,,,,,,F,Free (free for publication),1,One,A,Normal value,0,Units,USD,US dollar
DATAFLOW,OECD.SDD.NAD:DSD_NAMAIN1@DF_QNA_EXPENDITURE_CAPITA(1.1),Quarterly GDP per capita,I,Q,Quarterly,Y,Calendar and seasonally adjusted,SWE,Sweden,S1,Total economy,S1,Total economy,B1GQ_POP,"Gross domestic product, per capita",_Z,Not applicable,_Z,Not applicable,_Z,Not applicable,USD_PPP_PS,"US dollars per person, PPP converted",V,Current prices,LA,Annual levels,T0102,Table 0102 - GDP identity from the expenditure side,2024-Q3,,71562,,,,,,F,Free (free for publication),1,One,A,Normal value,0,Units,USD,US dollar
DATAFLOW,OECD.SDD.NAD:DSD_NAMAIN1@DF_QNA_EXPENDITURE_CAPITA(1.1),Quarterly GDP per capita,I,Q,Quarterly,Y,Calendar and seasonally adjusted,SWE,Sweden,S1,Total economy,S1,Total economy,B1GQ_POP,"Gross domestic product, per capita",_Z,Not applicable,_Z,Not applicable,_Z,Not applicable,USD_PPP_PS,"US dollars per person, PPP converted",V,Current prices,LA,Annual levels,T0102,Table 0102 - GDP identity from the expenditure side,2024-Q2,,70980.1,,,,,,F,Free (free for publication),1,One,A,Normal value,0,Units,USD,US dollar
DATAFLOW,OECD.SDD.NAD:DSD_NAMAIN1@DF_QNA_EXPENDITURE_CAPITA(1.1),Quarterly GDP per capita,I,Q,Quarterly,Y,Calendar and seasonally adjusted,SWE,Sweden,S1,Total economy,S1,Total economy,B1GQ_POP,"Gross domestic product, per capita",_Z,Not applicable,_Z,Not applicable,_Z,Not applicable,USD_PPP_PS,"US dollars per person, PPP converted",V,Current prices,LA,Annual levels,T0102,Table 0102 - GDP identity from the expenditure side,2024-Q1,,71208.9,,,,,,F,Free (free for publication),1,One,A,Normal value,0,Units,USD,US dollar
DATAFLOW,OECD.SDD.NAD:DSD_NAMAIN1@DF_QNA_EXPENDITURE_CAPITA(1.1),Quarterly GDP per capita,I,Q,Quarterly,Y,Calendar and seasonally adjusted,SWE,Sweden,S1,Total economy,S1,Total economy,B1GQ_POP,"Gross domestic product, per capita",_Z,Not applicable,_Z,Not applicable,_Z,Not applicable,USD_PPP_PS,"US dollars per person, PPP converted",V,Current prices,LA,Annual levels,T0102,Table 0102 - GDP identity from the expenditure side,2023-Q4,,67871.3,,,,,,F,Free (free for publication),1,One,A,Normal value,0,Units,USD,US dollar
DATAFLOW,OECD.SDD.NAD:DSD_NAMAIN1@DF_QNA_EXPENDITURE_CAPITA(1.1),Quarterly GDP per capita,I,Q,Quarterly,Y,Calendar and seasonally adjusted,SWE,Sweden,S1,Total economy,S1,Total economy,B1GQ_POP,"Gross domestic product, per capita",_Z,Not applicable,_Z,Not applicable,_Z,Not applicable,USD_PPP_PS,"US dollars per person, PPP converted",V,Current prices,LA,Annual levels,T0102,Table 0102 - GDP identity from the expenditure side,2023-Q3,,69071.4,,,,,,F,Free (free for publication),1,One,A,Normal value,0,Units,USD,US dollar
DATAFLOW,OECD.SDD.NAD:DSD_NAMAIN1@DF_QNA_EXPENDITURE_CAPITA(1.1),Quarterly GDP per capita,I,Q,Quarterly,Y,Calendar and seasonally adjusted,SWE,Sweden,S1,Total economy,S1,Total economy,B1GQ_POP,"Gross domestic product, per capita",_Z,Not applicable,_Z,Not applicable,_Z,Not applicable,USD_PPP_PS,"US dollars per person, PPP converted",V,Current prices,LA,Annual levels,T0102,Table 0102 - GDP identity from the expenditure side,2023-Q2,,67501.1,,,,,,F,Free (free for publication),1,One,A,Normal value,0,Units,USD,US dollar
DATAFLOW,OECD.SDD.NAD:DSD_NAMAIN1@DF_QNA_EXPENDITURE_CAPITA(1.1),Quarterly GDP per capita,I,Q,Quarterly,Y,Calendar and seasonally adjusted,SWE,Sweden,S1,Total economy,S1,Total economy,B1GQ_POP,"Gross domestic product, per capita",_Z,Not applicable,_Z,Not applicable,_Z,Not applicable,USD_PPP_PS,"US dollars per person, PPP converted",V,Current prices,LA,Annual levels,T0102,Table 0102 - GDP identity from the expenditure side,2023-Q1,,67825.9,,,,,,F,Free (free for publication),1,One,A,Normal value,0,Units,USD,US dollar
DATAFLOW,OECD.SDD.NAD:DSD_NAMAIN1@DF_QNA_EXPENDITURE_CAPITA(1.1),Quarterly GDP per capita,I,Q,Quarterly,Y,Calendar and seasonally adjusted,SWE,Sweden,S1,Total economy,S1,Total economy,B1GQ_POP,"Gross domestic product, per capita",_Z,Not applicable,_Z,Not applicable,_Z,Not applicable,USD_PPP_PS,"US dollars per person, PPP converted",V,Current prices,LA,Annual levels,T0102,Table 0102 - GDP identity from the expenditure side,2025-Q4,,75082.7,,,,,,F,Free (free for publication),1,One,A,Normal value,0,Units,USD,US dollar
DATAFLOW,OECD.SDD.NAD:DSD_NAMAIN1@DF_QNA_EXPENDITURE_CAPITA(1.1),Quarterly GDP per capita,I,Q,Quarterly,Y,Calendar and seasonally adjusted,SWE,Sweden,S1,Total economy,S1,Total economy,B1GQ_POP,"Gross domestic product, per capita",_Z,Not applicable,_Z,Not applicable,_Z,Not applicable,USD_PPP_PS,"US dollars per person, PPP converted",V,Current prices,LA,Annual levels,T0102,Table 0102 - GDP identity from the expenditure side,2025-Q3,,73570.6,,,,,,F,Free (free for publication),1,One,A,Normal value,0,Units,USD,US dollar
DATAFLOW,OECD.SDD.NAD:DSD_NAMAIN1@DF_QNA_EXPENDITURE_CAPITA(1.1),Quarterly GDP per capita,I,Q,Quarterly,Y,Calendar and seasonally adjusted,LUX,Luxembourg,S1,Total economy,S1,Total economy,B1GQ_POP,"Gross domestic product, per capita",_Z,Not applicable,_Z,Not applicable,_Z,Not applicable,USD_PPP_PS,"US dollars per person, PPP converted",V,Current prices,LA,Annual levels,T0102,Table 0102 - GDP identity from the expenditure side,2024-Q4,,153395.6,,,,,,F,Free (free for publication),1,One,A,Normal value,0,Units,USD,US dollar
DATAFLOW,OECD.SDD.NAD:DSD_NAMAIN1@DF_QNA_EXPENDITURE_CAPITA(1.1),Quarterly GDP per capita,I,Q,Quarterly,Y,Calendar and seasonally adjusted,LUX,Luxembourg,S1,Total economy,S1,Total economy,B1GQ_POP,"Gross domestic product, per capita",_Z,Not applicable,_Z,Not applicable,_Z,Not applicable,USD_PPP_PS,"US dollars per person, PPP converted",V,Current prices,LA,Annual levels,T0102,Table 0102 - GDP identity from the expenditure side,2024-Q3,,151920.1,,,,,,F,Free (free for publication),1,One,A,Normal value,0,Units,USD,US dollar
DATAFLOW,OECD.SDD.NAD:DSD_NAMAIN1@DF_QNA_EXPENDITURE_CAPITA(1.1),Quarterly GDP per capita,I,Q,Quarterly,Y,Calendar and seasonally adjusted,LUX,Luxembourg,S1,Total economy,S1,Total economy,B1GQ_POP,"Gross domestic product, per capita",_Z,Not applicable,_Z,Not applicable,_Z,Not applicable,USD_PPP_PS,"US dollars per person, PPP converted",V,Current prices,LA,Annual levels,T0102,Table 0102 - GDP identity from the expenditure side,2024-Q2,,155875.5,,,,,,F,Free (free for publication),1,One,A,Normal value,0,Units,USD,US dollar
DATAFLOW,OECD.SDD.NAD:DSD_NAMAIN1@DF_QNA_EXPENDITURE_CAPITA(1.1),Quarterly GDP per capita,I,Q,Quarterly,Y,Calendar and seasonally adjusted,LUX,Luxembourg,S1,Total economy,S1,Total economy,B1GQ_POP,"Gross domestic product, per capita",_Z,Not applicable,_Z,Not applicable,_Z,Not applicable,USD_PPP_PS,"US dollars per person, PPP converted",V,Current prices,LA,Annual levels,T0102,Table 0102 - GDP identity from the expenditure side,2024-Q1,,158115.1,,,,,,F,Free (free for publication),1,One,A,Normal value,0,Units,USD,US dollar
DATAFLOW,OECD.SDD.NAD:DSD_NAMAIN1@DF_QNA_EXPENDITURE_CAPITA(1.1),Quarterly GDP per capita,I,Q,Quarterly,Y,Calendar and seasonally adjusted,LUX,Luxembourg,S1,Total economy,S1,Total economy,B1GQ_POP,"Gross domestic product, per capita",_Z,Not applicable,_Z,Not applicable,_Z,Not applicable,USD_PPP_PS,"US dollars per person, PPP converted",V,Current prices,LA,Annual levels,T0102,Table 0102 - GDP identity from the expenditure side,2023-Q4,,152544,,,,,,F,Free (free for publication),1,One,A,Normal value,0,Units,USD,US dollar
DATAFLOW,OECD.SDD.NAD:DSD_NAMAIN1@DF_QNA_EXPENDITURE_CAPITA(1.1),Quarterly GDP per capita,I,Q,Quarterly,Y,Calendar and seasonally adjusted,LUX,Luxembourg,S1,Total economy,S1,Total economy,B1GQ_POP,"Gross domestic product, per capita",_Z,Not applicable,_Z,Not applicable,_Z,Not applicable,USD_PPP_PS,"US dollars per person, PPP converted",V,Current prices,LA,Annual levels,T0102,Table 0102 - GDP identity from the expenditure side,2023-Q3,,155076.5,,,,,,F,Free (free for publication),1,One,A,Normal value,0,Units,USD,US dollar
DATAFLOW,OECD.SDD.NAD:DSD_NAMAIN1@DF_QNA_EXPENDITURE_CAPITA(1.1),Quarterly GDP per capita,I,Q,Quarterly,Y,Calendar and seasonally adjusted,LUX,Luxembourg,S1,Total economy,S1,Total economy,B1GQ_POP,"Gross domestic product, per capita",_Z,Not applicable,_Z,Not applicable,_Z,Not applicable,USD_PPP_PS,"US dollars per person, PPP converted",V,Current prices,LA,Annual levels,T0102,Table 0102 - GDP identity from the expenditure side,2023-Q2,,152576.7,,,,,,F,Free (free for publication),1,One,A,Normal value,0,Units,USD,US dollar
DATAFLOW,OECD.SDD.NAD:DSD_NAMAIN1@DF_QNA_EXPENDITURE_CAPITA(1.1),Quarterly GDP per capita,I,Q,Quarterly,Y,Calendar and seasonally adjusted,LUX,Luxembourg,S1,Total economy,S1,Total economy,B1GQ_POP,"Gross domestic product, per capita",_Z,Not applicable,_Z,Not applicable,_Z,Not applicable,USD_PPP_PS,"US dollars per person, PPP converted",V,Current prices,LA,Annual levels,T0102,Table 0102 - GDP identity from the expenditure side,2023-Q1,,151669.9,,,,,,F,Free (free for publication),1,One,A,Normal value,0,Units,USD,US dollar
DATAFLOW,OECD.SDD.NAD:DSD_NAMAIN1@DF_QNA_EXPENDITURE_CAPITA(1.1),Quarterly GDP per capita,I,Q,Quarterly,Y,Calendar and seasonally adjusted,SVN,Slovenia,S1,Total economy,S1,Total economy,B1GQ_POP,"Gross domestic product, per capita",_Z,Not applicable,_Z,Not applicable,_Z,Not applicable,USD_PPP_PS,"US dollars per person, PPP converted",V,Current prices,LA,Annual levels,T0102,Table 0102 - GDP identity from the expenditure side,2023-Q2,,56360.5,,,,,,F,Free (free for publication),1,One,A,Normal value,0,Units,USD,US dollar
DATAFLOW,OECD.SDD.NAD:DSD_NAMAIN1@DF_QNA_EXPENDITURE_CAPITA(1.1),Quarterly GDP per capita,I,Q,Quarterly,Y,Calendar and seasonally adjusted,USMCA,United States - Mexico - Canada Agreement (USMCA),S1,Total economy,S1,Total economy,B1GQ_POP,"Gross domestic product, per capita",_Z,Not applicable,_Z,Not applicable,_Z,Not applicable,USD_PPP_PS,"US dollars per person, PPP converted",LR,Chain linked volume (rebased),LA,Annual levels,T0102,Table 0102 - GDP identity from the expenditure side,2025-Q1,,58075.6,,2020,,,,F,Free (free for publication),1,One,A,Normal value,0,Units,USD,US dollar
DATAFLOW,OECD.SDD.NAD:DSD_NAMAIN1@DF_QNA_EXPENDITURE_CAPITA(1.1),Quarterly GDP per capita,I,Q,Quarterly,Y,Calendar and seasonally adjusted,USMCA,United States - Mexico - Canada Agreement (USMCA),S1,Total economy,S1,Total economy,B1GQ_POP,"Gross domestic product, per capita",_Z,Not applicable,_Z,Not applicable,_Z,Not applicable,USD_PPP_PS,"US dollars per person, PPP converted",V,Current prices,LA,Annual levels,T0102,Table 0102 - GDP identity from the expenditure side,2025-Q4,,73523.7,,,,,,F,Free (free for publication),1,One,A,Normal value,0,Units,USD,US dollar
DATAFLOW,OECD.SDD.NAD:DSD_NAMAIN1@DF_QNA_EXPENDITURE_CAPITA(1.1),Quarterly GDP per capita,I,Q,Quarterly,Y,Calendar and seasonally adjusted,USMCA,United States - Mexico - Canada Agreement (USMCA),S1,Total economy,S1,Total economy,B1GQ_POP,"Gross domestic product, per capita",_Z,Not applicable,_Z,Not applicable,_Z,Not applicable,USD_PPP_PS,"US dollars per person, PPP converted",V,Current prices,LA,Annual levels,T0102,Table 0102 - GDP identity from the expenditure side,2025-Q2,,71518.2,,,,,,F,Free (free for publication),1,One,A,Normal value,0,Units,USD,US dollar
DATAFLOW,OECD.SDD.NAD:DSD_NAMAIN1@DF_QNA_EXPENDITURE_CAPITA(1.1),Quarterly GDP per capita,I,Q,Quarterly,Y,Calendar and seasonally adjusted,USMCA,United States - Mexico - Canada Agreement (USMCA),S1,Total economy,S1,Total economy,B1GQ_POP,"Gross domestic product, per capita",_Z,Not applicable,_Z,Not applicable,_Z,Not applicable,USD_PPP_PS,"US dollars per person, PPP converted",V,Current prices,LA,Annual levels,T0102,Table 0102 - GDP identity from the expenditure side,2025-Q1,,70653.3,,,,,,F,Free (free for publication),1,One,A,Normal value,0,Units,USD,US dollar
DATAFLOW,OECD.SDD.NAD:DSD_NAMAIN1@DF_QNA_EXPENDITURE_CAPITA(1.1),Quarterly GDP per capita,I,Q,Quarterly,Y,Calendar and seasonally adjusted,USMCA,United States - Mexico - Canada Agreement (USMCA),S1,Total economy,S1,Total economy,B1GQ_POP,"Gross domestic product, per capita",_Z,Not applicable,_Z,Not applicable,_Z,Not applicable,USD_PPP_PS,"US dollars per person, PPP converted",LR,Chain linked volume (rebased),LA,Annual levels,T0102,Table 0102 - GDP identity from the expenditure side,2024-Q1,,57394.5,,2020,,,,F,Free (free for publication),1,One,A,Normal value,0,Units,USD,US dollar
DATAFLOW,OECD.SDD.NAD:DSD_NAMAIN1@DF_QNA_EXPENDITURE_CAPITA(1.1),Quarterly GDP per capita,I,Q,Quarterly,Y,Calendar and seasonally adjusted,USMCA,United States - Mexico - Canada Agreement (USMCA),S1,Total economy,S1,Total economy,B1GQ_POP,"Gross domestic product, per capita",_Z,Not applicable,_Z,Not applicable,_Z,Not applicable,USD_PPP_PS,"US dollars per person, PPP converted",LR,Chain linked volume (rebased),LA,Annual levels,T0102,Table 0102 - GDP identity from the expenditure side,2023-Q4,,57365.3,,2020,,,,F,Free (free for publication),1,One,A,Normal value,0,Units,USD,US dollar
DATAFLOW,OECD.SDD.NAD:DSD_NAMAIN1@DF_QNA_EXPENDITURE_CAPITA(1.1),Quarterly GDP per capita,I,Q,Quarterly,Y,Calendar and seasonally adjusted,USMCA,United States - Mexico - Canada Agreement (USMCA),S1,Total economy,S1,Total economy,B1GQ_POP,"Gross domestic product, per capita",_Z,Not applicable,_Z,Not applicable,_Z,Not applicable,USD_PPP_PS,"US dollars per person, PPP converted",LR,Chain linked volume (rebased),LA,Annual levels,T0102,Table 0102 - GDP identity from the expenditure side,2023-Q3,,57131.6,,2020,,,,F,Free (free for publication),1,One,A,Normal value,0,Units,USD,US dollar
DATAFLOW,OECD.SDD.NAD:DSD_NAMAIN1@DF_QNA_EXPENDITURE_CAPITA(1.1),Quarterly GDP per capita,I,Q,Quarterly,Y,Calendar and seasonally adjusted,USMCA,United States - Mexico - Canada Agreement (USMCA),S1,Total economy,S1,Total economy,B1GQ_POP,"Gross domestic product, per capita",_Z,Not applicable,_Z,Not applicable,_Z,Not applicable,USD_PPP_PS,"US dollars per person, PPP converted",LR,Chain linked volume (rebased),LA,Annual levels,T0102,Table 0102 - GDP identity from the expenditure side,2023-Q2,,56697.8,,2020,,,,F,Free (free for publication),1,One,A,Normal value,0,Units,USD,US dollar
DATAFLOW,OECD.SDD.NAD:DSD_NAMAIN1@DF_QNA_EXPENDITURE_CAPITA(1.1),Quarterly GDP per capita,I,Q,Quarterly,Y,Calendar and seasonally adjusted,USMCA,United States - Mexico - Canada Agreement (USMCA),S1,Total economy,S1,Total economy,B1GQ_POP,"Gross domestic product, per capita",_Z,Not applicable,_Z,Not applicable,_Z,Not applicable,USD_PPP_PS,"US dollars per person, PPP converted",LR,Chain linked volume (rebased),LA,Annual levels,T0102,Table 0102 - GDP identity from the expenditure side,2023-Q1,,56474.7,,2020,,,,F,Free (free for publication),1,One,A,Normal value,0,Units,USD,US dollar
DATAFLOW,OECD.SDD.NAD:DSD_NAMAIN1@DF_QNA_EXPENDITURE_CAPITA(1.1),Quarterly GDP per capita,I,Q,Quarterly,Y,Calendar and seasonally adjusted,USMCA,United States - Mexico - Canada Agreement (USMCA),S1,Total economy,S1,Total economy,B1GQ_POP,"Gross domestic product, per capita",_Z,Not applicable,_Z,Not applicable,_Z,Not applicable,USD_PPP_PS,"US dollars per person, PPP converted",V,Current prices,LA,Annual levels,T0102,Table 0102 - GDP identity from the expenditure side,2024-Q4,,70145.6,,,,,,F,Free (free for publication),1,One,A,Normal value,0,Units,USD,US dollar
DATAFLOW,OECD.SDD.NAD:DSD_NAMAIN1@DF_QNA_EXPENDITURE_CAPITA(1.1),Quarterly GDP per capita,I,Q,Quarterly,Y,Calendar and seasonally adjusted,USMCA,United States - Mexico - Canada Agreement (USMCA),S1,Total economy,S1,Total economy,B1GQ_POP,"Gross domestic product, per capita",_Z,Not applicable,_Z,Not applicable,_Z,Not applicable,USD_PPP_PS,"US dollars per person, PPP converted",V,Current prices,LA,Annual levels,T0102,Table 0102 - GDP identity from the expenditure side,2024-Q3,,69610.2,,,,,,F,Free (free for publication),1,One,A,Normal value,0,Units,USD,US dollar
DATAFLOW,OECD.SDD.NAD:DSD_NAMAIN1@DF_QNA_EXPENDITURE_CAPITA(1.1),Quarterly GDP per capita,I,Q,Quarterly,Y,Calendar and seasonally adjusted,USMCA,United States - Mexico - Canada Agreement (USMCA),S1,Total economy,S1,Total economy,B1GQ_POP,"Gross domestic product, per capita",_Z,Not applicable,_Z,Not applicable,_Z,Not applicable,USD_PPP_PS,"US dollars per person, PPP converted",V,Current prices,LA,Annual levels,T0102,Table 0102 - GDP identity from the expenditure side,2024-Q2,,68896.3,,,,,,F,Free (free for publication),1,One,A,Normal value,0,Units,USD,US dollar
DATAFLOW,OECD.SDD.NAD:DSD_NAMAIN1@DF_QNA_EXPENDITURE_CAPITA(1.1),Quarterly GDP per capita,I,Q,Quarterly,Y,Calendar and seasonally adjusted,USMCA,United States - Mexico - Canada Agreement (USMCA),S1,Total economy,S1,Total economy,B1GQ_POP,"Gross domestic product, per capita",_Z,Not applicable,_Z,Not applicable,_Z,Not applicable,USD_PPP_PS,"US dollars per person, PPP converted",V,Current prices,LA,Annual levels,T0102,Table 0102 - GDP identity from the expenditure side,2024-Q1,,68118.4,,,,,,F,Free (free for publication),1,One,A,Normal value,0,Units,USD,US dollar
DATAFLOW,OECD.SDD.NAD:DSD_NAMAIN1@DF_QNA_EXPENDITURE_CAPITA(1.1),Quarterly GDP per capita,I,Q,Quarterly,Y,Calendar and seasonally adjusted,USMCA,United States - Mexico - Canada Agreement (USMCA),S1,Total economy,S1,Total economy,B1GQ_POP,"Gross domestic product, per capita",_Z,Not applicable,_Z,Not applicable,_Z,Not applicable,USD_PPP_PS,"US dollars per person, PPP converted",LR,Chain linked volume (rebased),LA,Annual levels,T0102,Table 0102 - GDP identity from the expenditure side,2024-Q4,,58154,,2020,,,,F,Free (free for publication),1,One,A,Normal value,0,Units,USD,US dollar
DATAFLOW,OECD.SDD.NAD:DSD_NAMAIN1@DF_QNA_EXPENDITURE_CAPITA(1.1),Quarterly GDP per capita,I,Q,Quarterly,Y,Calendar and seasonally adjusted,USMCA,United States - Mexico - Canada Agreement (USMCA),S1,Total economy,S1,Total economy,B1GQ_POP,"Gross domestic product, per capita",_Z,Not applicable,_Z,Not applicable,_Z,Not applicable,USD_PPP_PS,"US dollars per person, PPP converted",LR,Chain linked volume (rebased),LA,Annual levels,T0102,Table 0102 - GDP identity from the expenditure side,2024-Q3,,58061.8,,2020,,,,F,Free (free for publication),1,One,A,Normal value,0,Units,USD,US dollar
DATAFLOW,OECD.SDD.NAD:DSD_NAMAIN1@DF_QNA_EXPENDITURE_CAPITA(1.1),Quarterly GDP per capita,I,Q,Quarterly,Y,Calendar and seasonally adjusted,USMCA,United States - Mexico - Canada Agreement (USMCA),S1,Total economy,S1,Total economy,B1GQ_POP,"Gross domestic product, per capita",_Z,Not applicable,_Z,Not applicable,_Z,Not applicable,USD_PPP_PS,"US dollars per person, PPP converted",LR,Chain linked volume (rebased),LA,Annual levels,T0102,Table 0102 - GDP identity from the expenditure side,2024-Q2,,57702.1,,2020,,,,F,Free (free for publication),1,One,A,Normal value,0,Units,USD,US dollar
DATAFLOW,OECD.SDD.NAD:DSD_NAMAIN1@DF_QNA_EXPENDITURE_CAPITA(1.1),Quarterly GDP per capita,I,Q,Quarterly,Y,Calendar and seasonally adjusted,USMCA,United States - Mexico - Canada Agreement (USMCA),S1,Total economy,S1,Total economy,B1GQ_POP,"Gross domestic product, per capita",_Z,Not applicable,_Z,Not applicable,_Z,Not applicable,USD_PPP_PS,"US dollars per person, PPP converted",V,Current prices,LA,Annual levels,T0102,Table 0102 - GDP identity from the expenditure side,2023-Q4,,67600.9,,,,,,F,Free (free for publication),1,One,A,Normal value,0,Units,USD,US dollar
DATAFLOW,OECD.SDD.NAD:DSD_NAMAIN1@DF_QNA_EXPENDITURE_CAPITA(1.1),Quarterly GDP per capita,I,Q,Quarterly,Y,Calendar and seasonally adjusted,ZAF,South Africa,S1,Total economy,S1,Total economy,B1GQ_POP,"Gross domestic product, per capita",_Z,Not applicable,_Z,Not applicable,_Z,Not applicable,USD_PPP_PS,"US dollars per person, PPP converted",V,Current prices,LA,Annual levels,T0102,Table 0102 - GDP identity from the expenditure side,2025-Q2,,16616.7,,,,,,F,Free (free for publication),1,One,A,Normal value,0,Units,USD,US dollar
DATAFLOW,OECD.SDD.NAD:DSD_NAMAIN1@DF_QNA_EXPENDITURE_CAPITA(1.1),Quarterly GDP per capita,I,Q,Quarterly,Y,Calendar and seasonally adjusted,ZAF,South Africa,S1,Total economy,S1,Total economy,B1GQ_POP,"Gross domestic product, per capita",_Z,Not applicable,_Z,Not applicable,_Z,Not applicable,USD_PPP_PS,"US dollars per person, PPP converted",V,Current prices,LA,Annual levels,T0102,Table 0102 - GDP identity from the expenditure side,2025-Q1,,16440.8,,,,,,F,Free (free for publication),1,One,A,Normal value,0,Units,USD,US dollar
DATAFLOW,OECD.SDD.NAD:DSD_NAMAIN1@DF_QNA_EXPENDITURE_CAPITA(1.1),Quarterly GDP per capita,I,Q,Quarterly,Y,Calendar and seasonally adjusted,ZAF,South Africa,S1,Total economy,S1,Total economy,B1GQ_POP,"Gross domestic product, per capita",_Z,Not applicable,_Z,Not applicable,_Z,Not applicable,USD_PPP_PS,"US dollars per person, PPP converted",V,Current prices,LA,Annual levels,T0102,Table 0102 - GDP identity from the expenditure side,2024-Q4,,16339.3,,,,,,F,Free (free for publication),1,One,A,Normal value,0,Units,USD,US dollar
DATAFLOW,OECD.SDD.NAD:DSD_NAMAIN1@DF_QNA_EXPENDITURE_CAPITA(1.1),Quarterly GDP per capita,I,Q,Quarterly,Y,Calendar and seasonally adjusted,ZAF,South Africa,S1,Total economy,S1,Total economy,B1GQ_POP,"Gross domestic product, per capita",_Z,Not applicable,_Z,Not applicable,_Z,Not applicable,USD_PPP_PS,"US dollars per person, PPP converted",V,Current prices,LA,Annual levels,T0102,Table 0102 - GDP identity from the expenditure side,2024-Q3,,16219.9,,,,,,F,Free (free for publication),1,One,A,Normal value,0,Units,USD,US dollar
DATAFLOW,OECD.SDD.NAD:DSD_NAMAIN1@DF_QNA_EXPENDITURE_CAPITA(1.1),Quarterly GDP per capita,I,Q,Quarterly,Y,Calendar and seasonally adjusted,ZAF,South Africa,S1,Total economy,S1,Total economy,B1GQ_POP,"Gross domestic product, per capita",_Z,Not applicable,_Z,Not applicable,_Z,Not applicable,USD_PPP_PS,"US dollars per person, PPP converted",V,Current prices,LA,Annual levels,T0102,Table 0102 - GDP identity from the expenditure side,2024-Q2,,16244.9,,,,,,F,Free (free for publication),1,One,A,Normal value,0,Units,USD,US dollar
DATAFLOW,OECD.SDD.NAD:DSD_NAMAIN1@DF_QNA_EXPENDITURE_CAPITA(1.1),Quarterly GDP per capita,I,Q,Quarterly,Y,Calendar and seasonally adjusted,ZAF,South Africa,S1,Total economy,S1,Total economy,B1GQ_POP,"Gross domestic product, per capita",_Z,Not applicable,_Z,Not applicable,_Z,Not applicable,USD_PPP_PS,"US dollars per person, PPP converted",V,Current prices,LA,Annual levels,T0102,Table 0102 - GDP identity from the expenditure side,2024-Q1,,16147.7,,,,,,F,Free (free for publication),1,One,A,Normal value,0,Units,USD,US dollar
DATAFLOW,OECD.SDD.NAD:DSD_NAMAIN1@DF_QNA_EXPENDITURE_CAPITA(1.1),Quarterly GDP per capita,I,Q,Quarterly,Y,Calendar and seasonally adjusted,ZAF,South Africa,S1,Total economy,S1,Total economy,B1GQ_POP,"Gross domestic product, per capita",_Z,Not applicable,_Z,Not applicable,_Z,Not applicable,USD_PPP_PS,"US dollars per person, PPP converted",V,Current prices,LA,Annual levels,T0102,Table 0102 - GDP identity from the expenditure side,2023-Q4,,16058.6,,,,,,F,Free (free for publication),1,One,A,Normal value,0,Units,USD,US dollar
DATAFLOW,OECD.SDD.NAD:DSD_NAMAIN1@DF_QNA_EXPENDITURE_CAPITA(1.1),Quarterly GDP per capita,I,Q,Quarterly,Y,Calendar and seasonally adjusted,ZAF,South Africa,S1,Total economy,S1,Total economy,B1GQ_POP,"Gross domestic product, per capita",_Z,Not applicable,_Z,Not applicable,_Z,Not applicable,USD_PPP_PS,"US dollars per person, PPP converted",V,Current prices,LA,Annual levels,T0102,Table 0102 - GDP identity from the expenditure side,2023-Q3,,15979.6,,,,,,F,Free (free for publication),1,One,A,Normal value,0,Units,USD,US dollar
DATAFLOW,OECD.SDD.NAD:DSD_NAMAIN1@DF_QNA_EXPENDITURE_CAPITA(1.1),Quarterly GDP per capita,I,Q,Quarterly,Y,Calendar and seasonally adjusted,ZAF,South Africa,S1,Total economy,S1,Total economy,B1GQ_POP,"Gross domestic product, per capita",_Z,Not applicable,_Z,Not applicable,_Z,Not applicable,USD_PPP_PS,"US dollars per person, PPP converted",V,Current prices,LA,Annual levels,T0102,Table 0102 - GDP identity from the expenditure side,2023-Q2,,15960.3,,,,,,F,Free (free for publication),1,One,A,Normal value,0,Units,USD,US dollar
DATAFLOW,OECD.SDD.NAD:DSD_NAMAIN1@DF_QNA_EXPENDITURE_CAPITA(1.1),Quarterly GDP per capita,I,Q,Quarterly,Y,Calendar and seasonally adjusted,ZAF,South Africa,S1,Total economy,S1,Total economy,B1GQ_POP,"Gross domestic product, per capita",_Z,Not applicable,_Z,Not applicable,_Z,Not applicable,USD_PPP_PS,"US dollars per person, PPP converted",V,Current prices,LA,Annual levels,T0102,Table 0102 - GDP identity from the expenditure side,2023-Q1,,15805.9,,,,,,F,Free (free for publication),1,One,A,Normal value,0,Units,USD,US dollar
DATAFLOW,OECD.SDD.NAD:DSD_NAMAIN1@DF_QNA_EXPENDITURE_CAPITA(1.1),Quarterly GDP per capita,I,Q,Quarterly,Y,Calendar and seasonally adjusted,ZAF,South Africa,S1,Total economy,S1,Total economy,B1GQ_POP,"Gross domestic product, per capita",_Z,Not applicable,_Z,Not applicable,_Z,Not applicable,USD_PPP_PS,"US dollars per person, PPP converted",LR,Chain linked volume (rebased),LA,Annual levels,T0102,Table 0102 - GDP identity from the expenditure side,2025-Q1,,13604.4,,2020,,,,F,Free (free for publication),1,One,A,Normal value,0,Units,USD,US dollar
DATAFLOW,OECD.SDD.NAD:DSD_NAMAIN1@DF_QNA_EXPENDITURE_CAPITA(1.1),Quarterly GDP per capita,I,Q,Quarterly,Y,Calendar and seasonally adjusted,ZAF,South Africa,S1,Total economy,S1,Total economy,B1GQ_POP,"Gross domestic product, per capita",_Z,Not applicable,_Z,Not applicable,_Z,Not applicable,USD_PPP_PS,"US dollars per person, PPP converted",LR,Chain linked volume (rebased),LA,Annual levels,T0102,Table 0102 - GDP identity from the expenditure side,2024-Q4,,13634.3,,2020,,,,F,Free (free for publication),1,One,A,Normal value,0,Units,USD,US dollar
DATAFLOW,OECD.SDD.NAD:DSD_NAMAIN1@DF_QNA_EXPENDITURE_CAPITA(1.1),Quarterly GDP per capita,I,Q,Quarterly,Y,Calendar and seasonally adjusted,ZAF,South Africa,S1,Total economy,S1,Total economy,B1GQ_POP,"Gross domestic product, per capita",_Z,Not applicable,_Z,Not applicable,_Z,Not applicable,USD_PPP_PS,"US dollars per person, PPP converted",LR,Chain linked volume (rebased),LA,Annual levels,T0102,Table 0102 - GDP identity from the expenditure side,2024-Q3,,13616.9,,2020,,,,F,Free (free for publication),1,One,A,Normal value,0,Units,USD,US dollar
DATAFLOW,OECD.SDD.NAD:DSD_NAMAIN1@DF_QNA_EXPENDITURE_CAPITA(1.1),Quarterly GDP per capita,I,Q,Quarterly,Y,Calendar and seasonally adjusted,ZAF,South Africa,S1,Total economy,S1,Total economy,B1GQ_POP,"Gross domestic product, per capita",_Z,Not applicable,_Z,Not applicable,_Z,Not applicable,USD_PPP_PS,"US dollars per person, PPP converted",LR,Chain linked volume (rebased),LA,Annual levels,T0102,Table 0102 - GDP identity from the expenditure side,2024-Q2,,13694.9,,2020,,,,F,Free (free for publication),1,One,A,Normal value,0,Units,USD,US dollar
DATAFLOW,OECD.SDD.NAD:DSD_NAMAIN1@DF_QNA_EXPENDITURE_CAPITA(1.1),Quarterly GDP per capita,I,Q,Quarterly,Y,Calendar and seasonally adjusted,ZAF,South Africa,S1,Total economy,S1,Total economy,B1GQ_POP,"Gross domestic product, per capita",_Z,Not applicable,_Z,Not applicable,_Z,Not applicable,USD_PPP_PS,"US dollars per person, PPP converted",LR,Chain linked volume (rebased),LA,Annual levels,T0102,Table 0102 - GDP identity from the expenditure side,2024-Q1,,13699,,2020,,,,F,Free (free for publication),1,One,A,Normal value,0,Units,USD,US dollar
DATAFLOW,OECD.SDD.NAD:DSD_NAMAIN1@DF_QNA_EXPENDITURE_CAPITA(1.1),Quarterly GDP per capita,I,Q,Quarterly,Y,Calendar and seasonally adjusted,ZAF,South Africa,S1,Total economy,S1,Total economy,B1GQ_POP,"Gross domestic product, per capita",_Z,Not applicable,_Z,Not applicable,_Z,Not applicable,USD_PPP_PS,"US dollars per person, PPP converted",LR,Chain linked volume (rebased),LA,Annual levels,T0102,Table 0102 - GDP identity from the expenditure side,2023-Q4,,13726.5,,2020,,,,F,Free (free for publication),1,One,A,Normal value,0,Units,USD,US dollar
DATAFLOW,OECD.SDD.NAD:DSD_NAMAIN1@DF_QNA_EXPENDITURE_CAPITA(1.1),Quarterly GDP per capita,I,Q,Quarterly,Y,Calendar and seasonally adjusted,ZAF,South Africa,S1,Total economy,S1,Total economy,B1GQ_POP,"Gross domestic product, per capita",_Z,Not applicable,_Z,Not applicable,_Z,Not applicable,USD_PPP_PS,"US dollars per person, PPP converted",LR,Chain linked volume (rebased),LA,Annual levels,T0102,Table 0102 - GDP identity from the expenditure side,2023-Q3,,13712.1,,2020,,,,F,Free (free for publication),1,One,A,Normal value,0,Units,USD,US dollar
DATAFLOW,OECD.SDD.NAD:DSD_NAMAIN1@DF_QNA_EXPENDITURE_CAPITA(1.1),Quarterly GDP per capita,I,Q,Quarterly,Y,Calendar and seasonally adjusted,ZAF,South Africa,S1,Total economy,S1,Total economy,B1GQ_POP,"Gross domestic product, per capita",_Z,Not applicable,_Z,Not applicable,_Z,Not applicable,USD_PPP_PS,"US dollars per person, PPP converted",LR,Chain linked volume (rebased),LA,Annual levels,T0102,Table 0102 - GDP identity from the expenditure side,2023-Q2,,13805.3,,2020,,,,F,Free (free for publication),1,One,A,Normal value,0,Units,USD,US dollar
DATAFLOW,OECD.SDD.NAD:DSD_NAMAIN1@DF_QNA_EXPENDITURE_CAPITA(1.1),Quarterly GDP per capita,I,Q,Quarterly,Y,Calendar and seasonally adjusted,ZAF,South Africa,S1,Total economy,S1,Total economy,B1GQ_POP,"Gross domestic product, per capita",_Z,Not applicable,_Z,Not applicable,_Z,Not applicable,USD_PPP_PS,"US dollars per person, PPP converted",LR,Chain linked volume (rebased),LA,Annual levels,T0102,Table 0102 - GDP identity from the expenditure side,2023-Q1,,13735.2,,2020,,,,F,Free (free for publication),1,One,A,Normal value,0,Units,USD,US dollar
DATAFLOW,OECD.SDD.NAD:DSD_NAMAIN1@DF_QNA_EXPENDITURE_CAPITA(1.1),Quarterly GDP per capita,I,Q,Quarterly,Y,Calendar and seasonally adjusted,ZAF,South Africa,S1,Total economy,S1,Total economy,B1GQ_POP,"Gross domestic product, per capita",_Z,Not applicable,_Z,Not applicable,_Z,Not applicable,USD_PPP_PS,"US dollars per person, PPP converted",LR,Chain linked volume (rebased),LA,Annual levels,T0102,Table 0102 - GDP identity from the expenditure side,2025-Q4,,13696.4,,2020,,,,F,Free (free for publication),1,One,A,Normal value,0,Units,USD,US dollar
DATAFLOW,OECD.SDD.NAD:DSD_NAMAIN1@DF_QNA_EXPENDITURE_CAPITA(1.1),Quarterly GDP per capita,I,Q,Quarterly,Y,Calendar and seasonally adjusted,ZAF,South Africa,S1,Total economy,S1,Total economy,B1GQ_POP,"Gross domestic product, per capita",_Z,Not applicable,_Z,Not applicable,_Z,Not applicable,USD_PPP_PS,"US dollars per person, PPP converted",LR,Chain linked volume (rebased),LA,Annual levels,T0102,Table 0102 - GDP identity from the expenditure side,2025-Q3,,13680.6,,2020,,,,F,Free (free for publication),1,One,A,Normal value,0,Units,USD,US dollar
DATAFLOW,OECD.SDD.NAD:DSD_NAMAIN1@DF_QNA_EXPENDITURE_CAPITA(1.1),Quarterly GDP per capita,I,Q,Quarterly,Y,Calendar and seasonally adjusted,ZAF,South Africa,S1,Total economy,S1,Total economy,B1GQ_POP,"Gross domestic product, per capita",_Z,Not applicable,_Z,Not applicable,_Z,Not applicable,USD_PPP_PS,"US dollars per person, PPP converted",LR,Chain linked volume (rebased),LA,Annual levels,T0102,Table 0102 - GDP identity from the expenditure side,2025-Q2,,13676.1,,2020,,,,F,Free (free for publication),1,One,A,Normal value,0,Units,USD,US dollar
DATAFLOW,OECD.SDD.NAD:DSD_NAMAIN1@DF_QNA_EXPENDITURE_CAPITA(1.1),Quarterly GDP per capita,I,Q,Quarterly,Y,Calendar and seasonally adjusted,BGR,Bulgaria,S1,Total economy,S1,Total economy,B1GQ_POP,"Gross domestic product, per capita",_Z,Not applicable,_Z,Not applicable,_Z,Not applicable,USD_PPP_PS,"US dollars per person, PPP converted",LR,Chain linked volume (rebased),LA,Annual levels,T0102,Table 0102 - GDP identity from the expenditure side,2023-Q4,,30077.6,,2020,,,,F,Free (free for publication),1,One,A,Normal value,0,Units,USD,US dollar
DATAFLOW,OECD.SDD.NAD:DSD_NAMAIN1@DF_QNA_EXPENDITURE_CAPITA(1.1),Quarterly GDP per capita,I,Q,Quarterly,Y,Calendar and seasonally adjusted,BGR,Bulgaria,S1,Total economy,S1,Total economy,B1GQ_POP,"Gross domestic product, per capita",_Z,Not applicable,_Z,Not applicable,_Z,Not applicable,USD_PPP_PS,"US dollars per person, PPP converted",LR,Chain linked volume (rebased),LA,Annual levels,T0102,Table 0102 - GDP identity from the expenditure side,2023-Q3,,29853,,2020,,,,F,Free (free for publication),1,One,A,Normal value,0,Units,USD,US dollar
DATAFLOW,OECD.SDD.NAD:DSD_NAMAIN1@DF_QNA_EXPENDITURE_CAPITA(1.1),Quarterly GDP per capita,I,Q,Quarterly,Y,Calendar and seasonally adjusted,BGR,Bulgaria,S1,Total economy,S1,Total economy,B1GQ_POP,"Gross domestic product, per capita",_Z,Not applicable,_Z,Not applicable,_Z,Not applicable,USD_PPP_PS,"US dollars per person, PPP converted",LR,Chain linked volume (rebased),LA,Annual levels,T0102,Table 0102 - GDP identity from the expenditure side,2023-Q2,,29663.1,,2020,,,,F,Free (free for publication),1,One,A,Normal value,0,Units,USD,US dollar
DATAFLOW,OECD.SDD.NAD:DSD_NAMAIN1@DF_QNA_EXPENDITURE_CAPITA(1.1),Quarterly GDP per capita,I,Q,Quarterly,Y,Calendar and seasonally adjusted,BGR,Bulgaria,S1,Total economy,S1,Total economy,B1GQ_POP,"Gross domestic product, per capita",_Z,Not applicable,_Z,Not applicable,_Z,Not applicable,USD_PPP_PS,"US dollars per person, PPP converted",LR,Chain linked volume (rebased),LA,Annual levels,T0102,Table 0102 - GDP identity from the expenditure side,2024-Q4,,31229.5,,2020,,,,F,Free (free for publication),1,One,A,Normal value,0,Units,USD,US dollar
DATAFLOW,OECD.SDD.NAD:DSD_NAMAIN1@DF_QNA_EXPENDITURE_CAPITA(1.1),Quarterly GDP per capita,I,Q,Quarterly,Y,Calendar and seasonally adjusted,BGR,Bulgaria,S1,Total economy,S1,Total economy,B1GQ_POP,"Gross domestic product, per capita",_Z,Not applicable,_Z,Not applicable,_Z,Not applicable,USD_PPP_PS,"US dollars per person, PPP converted",V,Current prices,LA,Annual levels,T0102,Table 0102 - GDP identity from the expenditure side,2024-Q4,,43228.9,,,,,,F,Free (free for publication),1,One,A,Normal value,0,Units,USD,US dollar
DATAFLOW,OECD.SDD.NAD:DSD_NAMAIN1@DF_QNA_EXPENDITURE_CAPITA(1.1),Quarterly GDP per capita,I,Q,Quarterly,Y,Calendar and seasonally adjusted,BGR,Bulgaria,S1,Total economy,S1,Total economy,B1GQ_POP,"Gross domestic product, per capita",_Z,Not applicable,_Z,Not applicable,_Z,Not applicable,USD_PPP_PS,"US dollars per person, PPP converted",V,Current prices,LA,Annual levels,T0102,Table 0102 - GDP identity from the expenditure side,2024-Q3,,42446.6,,,,,,F,Free (free for publication),1,One,A,Normal value,0,Units,USD,US dollar
DATAFLOW,OECD.SDD.NAD:DSD_NAMAIN1@DF_QNA_EXPENDITURE_CAPITA(1.1),Quarterly GDP per capita,I,Q,Quarterly,Y,Calendar and seasonally adjusted,BGR,Bulgaria,S1,Total economy,S1,Total economy,B1GQ_POP,"Gross domestic product, per capita",_Z,Not applicable,_Z,Not applicable,_Z,Not applicable,USD_PPP_PS,"US dollars per person, PPP converted",V,Current prices,LA,Annual levels,T0102,Table 0102 - GDP identity from the expenditure side,2024-Q2,,41422.9,,,,,,F,Free (free for publication),1,One,A,Normal value,0,Units,USD,US dollar
DATAFLOW,OECD.SDD.NAD:DSD_NAMAIN1@DF_QNA_EXPENDITURE_CAPITA(1.1),Quarterly GDP per capita,I,Q,Quarterly,Y,Calendar and seasonally adjusted,BGR,Bulgaria,S1,Total economy,S1,Total economy,B1GQ_POP,"Gross domestic product, per capita",_Z,Not applicable,_Z,Not applicable,_Z,Not applicable,USD_PPP_PS,"US dollars per person, PPP converted",V,Current prices,LA,Annual levels,T0102,Table 0102 - GDP identity from the expenditure side,2024-Q1,,40484,,,,,,F,Free (free for publication),1,One,A,Normal value,0,Units,USD,US dollar
DATAFLOW,OECD.SDD.NAD:DSD_NAMAIN1@DF_QNA_EXPENDITURE_CAPITA(1.1),Quarterly GDP per capita,I,Q,Quarterly,Y,Calendar and seasonally adjusted,BGR,Bulgaria,S1,Total economy,S1,Total economy,B1GQ_POP,"Gross domestic product, per capita",_Z,Not applicable,_Z,Not applicable,_Z,Not applicable,USD_PPP_PS,"US dollars per person, PPP converted",V,Current prices,LA,Annual levels,T0102,Table 0102 - GDP identity from the expenditure side,2023-Q4,,39839.2,,,,,,F,Free (free for publication),1,One,A,Normal value,0,Units,USD,US dollar
DATAFLOW,OECD.SDD.NAD:DSD_NAMAIN1@DF_QNA_EXPENDITURE_CAPITA(1.1),Quarterly GDP per capita,I,Q,Quarterly,Y,Calendar and seasonally adjusted,BGR,Bulgaria,S1,Total economy,S1,Total economy,B1GQ_POP,"Gross domestic product, per capita",_Z,Not applicable,_Z,Not applicable,_Z,Not applicable,USD_PPP_PS,"US dollars per person, PPP converted",V,Current prices,LA,Annual levels,T0102,Table 0102 - GDP identity from the expenditure side,2023-Q3,,39540.4,,,,,,F,Free (free for publication),1,One,A,Normal value,0,Units,USD,US dollar
DATAFLOW,OECD.SDD.NAD:DSD_NAMAIN1@DF_QNA_EXPENDITURE_CAPITA(1.1),Quarterly GDP per capita,I,Q,Quarterly,Y,Calendar and seasonally adjusted,OECDE,OECD Europe,S1,Total economy,S1,Total economy,B1GQ_POP,"Gross domestic product, per capita",_Z,Not applicable,_Z,Not applicable,_Z,Not applicable,USD_PPP_PS,"US dollars per person, PPP converted",V,Current prices,LA,Annual levels,T0102,Table 0102 - GDP identity from the expenditure side,2025-Q2,,64316.7,,,,,,F,Free (free for publication),1,One,A,Normal value,0,Units,USD,US dollar
DATAFLOW,OECD.SDD.NAD:DSD_NAMAIN1@DF_QNA_EXPENDITURE_CAPITA(1.1),Quarterly GDP per capita,I,Q,Quarterly,Y,Calendar and seasonally adjusted,OECDE,OECD Europe,S1,Total economy,S1,Total economy,B1GQ_POP,"Gross domestic product, per capita",_Z,Not applicable,_Z,Not applicable,_Z,Not applicable,USD_PPP_PS,"US dollars per person, PPP converted",V,Current prices,LA,Annual levels,T0102,Table 0102 - GDP identity from the expenditure side,2025-Q1,,63984.7,,,,,,F,Free (free for publication),1,One,A,Normal value,0,Units,USD,US dollar
DATAFLOW,OECD.SDD.NAD:DSD_NAMAIN1@DF_QNA_EXPENDITURE_CAPITA(1.1),Quarterly GDP per capita,I,Q,Quarterly,Y,Calendar and seasonally adjusted,OECDE,OECD Europe,S1,Total economy,S1,Total economy,B1GQ_POP,"Gross domestic product, per capita",_Z,Not applicable,_Z,Not applicable,_Z,Not applicable,USD_PPP_PS,"US dollars per person, PPP converted",V,Current prices,LA,Annual levels,T0102,Table 0102 - GDP identity from the expenditure side,2024-Q4,,63146.9,,,,,,F,Free (free for publication),1,One,A,Normal value,0,Units,USD,US dollar
DATAFLOW,OECD.SDD.NAD:DSD_NAMAIN1@DF_QNA_EXPENDITURE_CAPITA(1.1),Quarterly GDP per capita,I,Q,Quarterly,Y,Calendar and seasonally adjusted,OECDE,OECD Europe,S1,Total economy,S1,Total economy,B1GQ_POP,"Gross domestic product, per capita",_Z,Not applicable,_Z,Not applicable,_Z,Not applicable,USD_PPP_PS,"US dollars per person, PPP converted",V,Current prices,LA,Annual levels,T0102,Table 0102 - GDP identity from the expenditure side,2024-Q1,,61681.2,,,,,,F,Free (free for publication),1,One,A,Normal value,0,Units,USD,US dollar
DATAFLOW,OECD.SDD.NAD:DSD_NAMAIN1@DF_QNA_EXPENDITURE_CAPITA(1.1),Quarterly GDP per capita,I,Q,Quarterly,Y,Calendar and seasonally adjusted,OECDE,OECD Europe,S1,Total economy,S1,Total economy,B1GQ_POP,"Gross domestic product, per capita",_Z,Not applicable,_Z,Not applicable,_Z,Not applicable,USD_PPP_PS,"US dollars per person, PPP converted",V,Current prices,LA,Annual levels,T0102,Table 0102 - GDP identity from the expenditure side,2023-Q4,,60785.1,,,,,,F,Free (free for publication),1,One,A,Normal value,0,Units,USD,US dollar
DATAFLOW,OECD.SDD.NAD:DSD_NAMAIN1@DF_QNA_EXPENDITURE_CAPITA(1.1),Quarterly GDP per capita,I,Q,Quarterly,Y,Calendar and seasonally adjusted,OECDE,OECD Europe,S1,Total economy,S1,Total economy,B1GQ_POP,"Gross domestic product, per capita",_Z,Not applicable,_Z,Not applicable,_Z,Not applicable,USD_PPP_PS,"US dollars per person, PPP converted",V,Current prices,LA,Annual levels,T0102,Table 0102 - GDP identity from the expenditure side,2023-Q1,,59432.8,,,,,,F,Free (free for publication),1,One,A,Normal value,0,Units,USD,US dollar
DATAFLOW,OECD.SDD.NAD:DSD_NAMAIN1@DF_QNA_EXPENDITURE_CAPITA(1.1),Quarterly GDP per capita,I,Q,Quarterly,Y,Calendar and seasonally adjusted,OECDE,OECD Europe,S1,Total economy,S1,Total economy,B1GQ_POP,"Gross domestic product, per capita",_Z,Not applicable,_Z,Not applicable,_Z,Not applicable,USD_PPP_PS,"US dollars per person, PPP converted",V,Current prices,LA,Annual levels,T0102,Table 0102 - GDP identity from the expenditure side,2024-Q3,,62637.7,,,,,,F,Free (free for publication),1,One,A,Normal value,0,Units,USD,US dollar
DATAFLOW,OECD.SDD.NAD:DSD_NAMAIN1@DF_QNA_EXPENDITURE_CAPITA(1.1),Quarterly GDP per capita,I,Q,Quarterly,Y,Calendar and seasonally adjusted,OECDE,OECD Europe,S1,Total economy,S1,Total economy,B1GQ_POP,"Gross domestic product, per capita",_Z,Not applicable,_Z,Not applicable,_Z,Not applicable,USD_PPP_PS,"US dollars per person, PPP converted",V,Current prices,LA,Annual levels,T0102,Table 0102 - GDP identity from the expenditure side,2024-Q2,,62233.1,,,,,,F,Free (free for publication),1,One,A,Normal value,0,Units,USD,US dollar
DATAFLOW,OECD.SDD.NAD:DSD_NAMAIN1@DF_QNA_EXPENDITURE_CAPITA(1.1),Quarterly GDP per capita,I,Q,Quarterly,Y,Calendar and seasonally adjusted,OECDE,OECD Europe,S1,Total economy,S1,Total economy,B1GQ_POP,"Gross domestic product, per capita",_Z,Not applicable,_Z,Not applicable,_Z,Not applicable,USD_PPP_PS,"US dollars per person, PPP converted",V,Current prices,LA,Annual levels,T0102,Table 0102 - GDP identity from the expenditure side,2023-Q3,,60517.1,,,,,,F,Free (free for publication),1,One,A,Normal value,0,Units,USD,US dollar
DATAFLOW,OECD.SDD.NAD:DSD_NAMAIN1@DF_QNA_EXPENDITURE_CAPITA(1.1),Quarterly GDP per capita,I,Q,Quarterly,Y,Calendar and seasonally adjusted,OECDE,OECD Europe,S1,Total economy,S1,Total economy,B1GQ_POP,"Gross domestic product, per capita",_Z,Not applicable,_Z,Not applicable,_Z,Not applicable,USD_PPP_PS,"US dollars per person, PPP converted",V,Current prices,LA,Annual levels,T0102,Table 0102 - GDP identity from the expenditure side,2023-Q2,,59828.8,,,,,,F,Free (free for publication),1,One,A,Normal value,0,Units,USD,US dollar
DATAFLOW,OECD.SDD.NAD:DSD_NAMAIN1@DF_QNA_EXPENDITURE_CAPITA(1.1),Quarterly GDP per capita,I,Q,Quarterly,Y,Calendar and seasonally adjusted,OECDE,OECD Europe,S1,Total economy,S1,Total economy,B1GQ_POP,"Gross domestic product, per capita",_Z,Not applicable,_Z,Not applicable,_Z,Not applicable,USD_PPP_PS,"US dollars per person, PPP converted",LR,Chain linked volume (rebased),LA,Annual levels,T0102,Table 0102 - GDP identity from the expenditure side,2025-Q3,,52658.6,,2020,,,,F,Free (free for publication),1,One,A,Normal value,0,Units,USD,US dollar
DATAFLOW,OECD.SDD.NAD:DSD_NAMAIN1@DF_QNA_EXPENDITURE_CAPITA(1.1),Quarterly GDP per capita,I,Q,Quarterly,Y,Calendar and seasonally adjusted,EU,European Union,S1,Total economy,S1,Total economy,B1GQ_POP,"Gross domestic product, per capita",_Z,Not applicable,_Z,Not applicable,_Z,Not applicable,USD_PPP_PS,"US dollars per person, PPP converted",V,Current prices,LA,Annual levels,T0102,Table 0102 - GDP identity from the expenditure side,2024-Q2,,63478.3,,,,,,F,Free (free for publication),1,One,A,Normal value,0,Units,USD,US dollar
DATAFLOW,OECD.SDD.NAD:DSD_NAMAIN1@DF_QNA_EXPENDITURE_CAPITA(1.1),Quarterly GDP per capita,I,Q,Quarterly,Y,Calendar and seasonally adjusted,G7,G7,S1,Total economy,S1,Total economy,B1GQ_POP,"Gross domestic product, per capita",_Z,Not applicable,_Z,Not applicable,_Z,Not applicable,USD_PPP_PS,"US dollars per person, PPP converted",LR,Chain linked volume (rebased),LA,Annual levels,T0102,Table 0102 - GDP identity from the expenditure side,2023-Q1,,60558.5,,2020,,,,F,Free (free for publication),1,One,A,Normal value,0,Units,USD,US dollar
DATAFLOW,OECD.SDD.NAD:DSD_NAMAIN1@DF_QNA_EXPENDITURE_CAPITA(1.1),Quarterly GDP per capita,I,Q,Quarterly,Y,Calendar and seasonally adjusted,G7,G7,S1,Total economy,S1,Total economy,B1GQ_POP,"Gross domestic product, per capita",_Z,Not applicable,_Z,Not applicable,_Z,Not applicable,USD_PPP_PS,"US dollars per person, PPP converted",V,Current prices,LA,Annual levels,T0102,Table 0102 - GDP identity from the expenditure side,2025-Q2,,75134.9,,,,,,F,Free (free for publication),1,One,A,Normal value,0,Units,USD,US dollar
DATAFLOW,OECD.SDD.NAD:DSD_NAMAIN1@DF_QNA_EXPENDITURE_CAPITA(1.1),Quarterly GDP per capita,I,Q,Quarterly,Y,Calendar and seasonally adjusted,G7,G7,S1,Total economy,S1,Total economy,B1GQ_POP,"Gross domestic product, per capita",_Z,Not applicable,_Z,Not applicable,_Z,Not applicable,USD_PPP_PS,"US dollars per person, PPP converted",V,Current prices,LA,Annual levels,T0102,Table 0102 - GDP identity from the expenditure side,2025-Q4,,77021.7,,,,,,F,Free (free for publication),1,One,A,Normal value,0,Units,USD,US dollar
DATAFLOW,OECD.SDD.NAD:DSD_NAMAIN1@DF_QNA_EXPENDITURE_CAPITA(1.1),Quarterly GDP per capita,I,Q,Quarterly,Y,Calendar and seasonally adjusted,G7,G7,S1,Total economy,S1,Total economy,B1GQ_POP,"Gross domestic product, per capita",_Z,Not applicable,_Z,Not applicable,_Z,Not applicable,USD_PPP_PS,"US dollars per person, PPP converted",V,Current prices,LA,Annual levels,T0102,Table 0102 - GDP identity from the expenditure side,2025-Q3,,76208.4,,,,,,F,Free (free for publication),1,One,A,Normal value,0,Units,USD,US dollar
DATAFLOW,OECD.SDD.NAD:DSD_NAMAIN1@DF_QNA_EXPENDITURE_CAPITA(1.1),Quarterly GDP per capita,I,Q,Quarterly,Y,Calendar and seasonally adjusted,G7,G7,S1,Total economy,S1,Total economy,B1GQ_POP,"Gross domestic product, per capita",_Z,Not applicable,_Z,Not applicable,_Z,Not applicable,USD_PPP_PS,"US dollars per person, PPP converted",V,Current prices,LA,Annual levels,T0102,Table 0102 - GDP identity from the expenditure side,2024-Q3,,73201.5,,,,,,F,Free (free for publication),1,One,A,Normal value,0,Units,USD,US dollar
DATAFLOW,OECD.SDD.NAD:DSD_NAMAIN1@DF_QNA_EXPENDITURE_CAPITA(1.1),Quarterly GDP per capita,I,Q,Quarterly,Y,Calendar and seasonally adjusted,G7,G7,S1,Total economy,S1,Total economy,B1GQ_POP,"Gross domestic product, per capita",_Z,Not applicable,_Z,Not applicable,_Z,Not applicable,USD_PPP_PS,"US dollars per person, PPP converted",V,Current prices,LA,Annual levels,T0102,Table 0102 - GDP identity from the expenditure side,2024-Q2,,72567.7,,,,,,F,Free (free for publication),1,One,A,Normal value,0,Units,USD,US dollar
DATAFLOW,OECD.SDD.NAD:DSD_NAMAIN1@DF_QNA_EXPENDITURE_CAPITA(1.1),Quarterly GDP per capita,I,Q,Quarterly,Y,Calendar and seasonally adjusted,G7,G7,S1,Total economy,S1,Total economy,B1GQ_POP,"Gross domestic product, per capita",_Z,Not applicable,_Z,Not applicable,_Z,Not applicable,USD_PPP_PS,"US dollars per person, PPP converted",V,Current prices,LA,Annual levels,T0102,Table 0102 - GDP identity from the expenditure side,2024-Q1,,71818.4,,,,,,F,Free (free for publication),1,One,A,Normal value,0,Units,USD,US dollar
DATAFLOW,OECD.SDD.NAD:DSD_NAMAIN1@DF_QNA_EXPENDITURE_CAPITA(1.1),Quarterly GDP per capita,I,Q,Quarterly,Y,Calendar and seasonally adjusted,G7,G7,S1,Total economy,S1,Total economy,B1GQ_POP,"Gross domestic product, per capita",_Z,Not applicable,_Z,Not applicable,_Z,Not applicable,USD_PPP_PS,"US dollars per person, PPP converted",V,Current prices,LA,Annual levels,T0102,Table 0102 - GDP identity from the expenditure side,2023-Q4,,71244.2,,,,,,F,Free (free for publication),1,One,A,Normal value,0,Units,USD,US dollar
DATAFLOW,OECD.SDD.NAD:DSD_NAMAIN1@DF_QNA_EXPENDITURE_CAPITA(1.1),Quarterly GDP per capita,I,Q,Quarterly,Y,Calendar and seasonally adjusted,G7,G7,S1,Total economy,S1,Total economy,B1GQ_POP,"Gross domestic product, per capita",_Z,Not applicable,_Z,Not applicable,_Z,Not applicable,USD_PPP_PS,"US dollars per person, PPP converted",V,Current prices,LA,Annual levels,T0102,Table 0102 - GDP identity from the expenditure side,2023-Q3,,70728.4,,,,,,F,Free (free for publication),1,One,A,Normal value,0,Units,USD,US dollar
DATAFLOW,OECD.SDD.NAD:DSD_NAMAIN1@DF_QNA_EXPENDITURE_CAPITA(1.1),Quarterly GDP per capita,I,Q,Quarterly,Y,Calendar and seasonally adjusted,G7,G7,S1,Total economy,S1,Total economy,B1GQ_POP,"Gross domestic product, per capita",_Z,Not applicable,_Z,Not applicable,_Z,Not applicable,USD_PPP_PS,"US dollars per person, PPP converted",V,Current prices,LA,Annual levels,T0102,Table 0102 - GDP identity from the expenditure side,2023-Q2,,69934.3,,,,,,F,Free (free for publication),1,One,A,Normal value,0,Units,USD,US dollar
DATAFLOW,OECD.SDD.NAD:DSD_NAMAIN1@DF_QNA_EXPENDITURE_CAPITA(1.1),Quarterly GDP per capita,I,Q,Quarterly,Y,Calendar and seasonally adjusted,G7,G7,S1,Total economy,S1,Total economy,B1GQ_POP,"Gross domestic product, per capita",_Z,Not applicable,_Z,Not applicable,_Z,Not applicable,USD_PPP_PS,"US dollars per person, PPP converted",LR,Chain linked volume (rebased),LA,Annual levels,T0102,Table 0102 - GDP identity from the expenditure side,2025-Q4,,62509.9,,2020,,,,F,Free (free for publication),1,One,A,Normal value,0,Units,USD,US dollar
DATAFLOW,OECD.SDD.NAD:DSD_NAMAIN1@DF_QNA_EXPENDITURE_CAPITA(1.1),Quarterly GDP per capita,I,Q,Quarterly,Y,Calendar and seasonally adjusted,G7,G7,S1,Total economy,S1,Total economy,B1GQ_POP,"Gross domestic product, per capita",_Z,Not applicable,_Z,Not applicable,_Z,Not applicable,USD_PPP_PS,"US dollars per person, PPP converted",LR,Chain linked volume (rebased),LA,Annual levels,T0102,Table 0102 - GDP identity from the expenditure side,2025-Q3,,62423.7,,2020,,,,F,Free (free for publication),1,One,A,Normal value,0,Units,USD,US dollar
DATAFLOW,OECD.SDD.NAD:DSD_NAMAIN1@DF_QNA_EXPENDITURE_CAPITA(1.1),Quarterly GDP per capita,I,Q,Quarterly,Y,Calendar and seasonally adjusted,G7,G7,S1,Total economy,S1,Total economy,B1GQ_POP,"Gross domestic product, per capita",_Z,Not applicable,_Z,Not applicable,_Z,Not applicable,USD_PPP_PS,"US dollars per person, PPP converted",LR,Chain linked volume (rebased),LA,Annual levels,T0102,Table 0102 - GDP identity from the expenditure side,2025-Q2,,62106.8,,2020,,,,F,Free (free for publication),1,One,A,Normal value,0,Units,USD,US dollar
DATAFLOW,OECD.SDD.NAD:DSD_NAMAIN1@DF_QNA_EXPENDITURE_CAPITA(1.1),Quarterly GDP per capita,I,Q,Quarterly,Y,Calendar and seasonally adjusted,G7,G7,S1,Total economy,S1,Total economy,B1GQ_POP,"Gross domestic product, per capita",_Z,Not applicable,_Z,Not applicable,_Z,Not applicable,USD_PPP_PS,"US dollars per person, PPP converted",LR,Chain linked volume (rebased),LA,Annual levels,T0102,Table 0102 - GDP identity from the expenditure side,2025-Q1,,61823.8,,2020,,,,F,Free (free for publication),1,One,A,Normal value,0,Units,USD,US dollar
DATAFLOW,OECD.SDD.NAD:DSD_NAMAIN1@DF_QNA_EXPENDITURE_CAPITA(1.1),Quarterly GDP per capita,I,Q,Quarterly,Y,Calendar and seasonally adjusted,G7,G7,S1,Total economy,S1,Total economy,B1GQ_POP,"Gross domestic product, per capita",_Z,Not applicable,_Z,Not applicable,_Z,Not applicable,USD_PPP_PS,"US dollars per person, PPP converted",LR,Chain linked volume (rebased),LA,Annual levels,T0102,Table 0102 - GDP identity from the expenditure side,2024-Q4,,61777.7,,2020,,,,F,Free (free for publication),1,One,A,Normal value,0,Units,USD,US dollar
DATAFLOW,OECD.SDD.NAD:DSD_NAMAIN1@DF_QNA_EXPENDITURE_CAPITA(1.1),Quarterly GDP per capita,I,Q,Quarterly,Y,Calendar and seasonally adjusted,POL,Poland,S1,Total economy,S1,Total economy,B1GQ_POP,"Gross domestic product, per capita",_Z,Not applicable,_Z,Not applicable,_Z,Not applicable,USD_PPP_PS,"US dollars per person, PPP converted",V,Current prices,LA,Annual levels,T0102,Table 0102 - GDP identity from the expenditure side,2024-Q2,,49841,,,,,,F,Free (free for publication),1,One,A,Normal value,0,Units,USD,US dollar
DATAFLOW,OECD.SDD.NAD:DSD_NAMAIN1@DF_QNA_EXPENDITURE_CAPITA(1.1),Quarterly GDP per capita,I,Q,Quarterly,Y,Calendar and seasonally adjusted,POL,Poland,S1,Total economy,S1,Total economy,B1GQ_POP,"Gross domestic product, per capita",_Z,Not applicable,_Z,Not applicable,_Z,Not applicable,USD_PPP_PS,"US dollars per person, PPP converted",V,Current prices,LA,Annual levels,T0102,Table 0102 - GDP identity from the expenditure side,2024-Q1,,48780.4,,,,,,F,Free (free for publication),1,One,A,Normal value,0,Units,USD,US dollar
DATAFLOW,OECD.SDD.NAD:DSD_NAMAIN1@DF_QNA_EXPENDITURE_CAPITA(1.1),Quarterly GDP per capita,I,Q,Quarterly,Y,Calendar and seasonally adjusted,POL,Poland,S1,Total economy,S1,Total economy,B1GQ_POP,"Gross domestic product, per capita",_Z,Not applicable,_Z,Not applicable,_Z,Not applicable,USD_PPP_PS,"US dollars per person, PPP converted",V,Current prices,LA,Annual levels,T0102,Table 0102 - GDP identity from the expenditure side,2023-Q4,,47810.8,,,,,,F,Free (free for publication),1,One,A,Normal value,0,Units,USD,US dollar
DATAFLOW,OECD.SDD.NAD:DSD_NAMAIN1@DF_QNA_EXPENDITURE_CAPITA(1.1),Quarterly GDP per capita,I,Q,Quarterly,Y,Calendar and seasonally adjusted,POL,Poland,S1,Total economy,S1,Total economy,B1GQ_POP,"Gross domestic product, per capita",_Z,Not applicable,_Z,Not applicable,_Z,Not applicable,USD_PPP_PS,"US dollars per person, PPP converted",V,Current prices,LA,Annual levels,T0102,Table 0102 - GDP identity from the expenditure side,2023-Q3,,47756.7,,,,,,F,Free (free for publication),1,One,A,Normal value,0,Units,USD,US dollar
DATAFLOW,OECD.SDD.NAD:DSD_NAMAIN1@DF_QNA_EXPENDITURE_CAPITA(1.1),Quarterly GDP per capita,I,Q,Quarterly,Y,Calendar and seasonally adjusted,POL,Poland,S1,Total economy,S1,Total economy,B1GQ_POP,"Gross domestic product, per capita",_Z,Not applicable,_Z,Not applicable,_Z,Not applicable,USD_PPP_PS,"US dollars per person, PPP converted",V,Current prices,LA,Annual levels,T0102,Table 0102 - GDP identity from the expenditure side,2023-Q2,,46568.2,,,,,,F,Free (free for publication),1,One,A,Normal value,0,Units,USD,US dollar
DATAFLOW,OECD.SDD.NAD:DSD_NAMAIN1@DF_QNA_EXPENDITURE_CAPITA(1.1),Quarterly GDP per capita,I,Q,Quarterly,Y,Calendar and seasonally adjusted,OECDE,OECD Europe,S1,Total economy,S1,Total economy,B1GQ_POP,"Gross domestic product, per capita",_Z,Not applicable,_Z,Not applicable,_Z,Not applicable,USD_PPP_PS,"US dollars per person, PPP converted",LR,Chain linked volume (rebased),LA,Annual levels,T0102,Table 0102 - GDP identity from the expenditure side,2023-Q4,,51340.5,,2020,,,,F,Free (free for publication),1,One,A,Normal value,0,Units,USD,US dollar
DATAFLOW,OECD.SDD.NAD:DSD_NAMAIN1@DF_QNA_EXPENDITURE_CAPITA(1.1),Quarterly GDP per capita,I,Q,Quarterly,Y,Calendar and seasonally adjusted,MEX,Mexico,S1,Total economy,S1,Total economy,B1GQ_POP,"Gross domestic product, per capita",_Z,Not applicable,_Z,Not applicable,_Z,Not applicable,USD_PPP_PS,"US dollars per person, PPP converted",V,Current prices,LA,Annual levels,T0102,Table 0102 - GDP identity from the expenditure side,2025-Q4,,27256.3,,,,,,F,Free (free for publication),1,One,P,Provisional value,0,Units,USD,US dollar
DATAFLOW,OECD.SDD.NAD:DSD_NAMAIN1@DF_QNA_EXPENDITURE_CAPITA(1.1),Quarterly GDP per capita,I,Q,Quarterly,Y,Calendar and seasonally adjusted,BEL,Belgium,S1,Total economy,S1,Total economy,B1GQ_POP,"Gross domestic product, per capita",_Z,Not applicable,_Z,Not applicable,_Z,Not applicable,USD_PPP_PS,"US dollars per person, PPP converted",LR,Chain linked volume (rebased),LA,Annual levels,T0102,Table 0102 - GDP identity from the expenditure side,2024-Q1,,61963.2,,2020,,,,F,Free (free for publication),1,One,P,Provisional value,0,Units,USD,US dollar
DATAFLOW,OECD.SDD.NAD:DSD_NAMAIN1@DF_QNA_EXPENDITURE_CAPITA(1.1),Quarterly GDP per capita,I,Q,Quarterly,Y,Calendar and seasonally adjusted,BEL,Belgium,S1,Total economy,S1,Total economy,B1GQ_POP,"Gross domestic product, per capita",_Z,Not applicable,_Z,Not applicable,_Z,Not applicable,USD_PPP_PS,"US dollars per person, PPP converted",LR,Chain linked volume (rebased),LA,Annual levels,T0102,Table 0102 - GDP identity from the expenditure side,2025-Q4,,62391.7,,2020,,,,F,Free (free for publication),1,One,P,Provisional value,0,Units,USD,US dollar
DATAFLOW,OECD.SDD.NAD:DSD_NAMAIN1@DF_QNA_EXPENDITURE_CAPITA(1.1),Quarterly GDP per capita,I,Q,Quarterly,Y,Calendar and seasonally adjusted,BEL,Belgium,S1,Total economy,S1,Total economy,B1GQ_POP,"Gross domestic product, per capita",_Z,Not applicable,_Z,Not applicable,_Z,Not applicable,USD_PPP_PS,"US dollars per person, PPP converted",LR,Chain linked volume (rebased),LA,Annual levels,T0102,Table 0102 - GDP identity from the expenditure side,2024-Q3,,62050.5,,2020,,,,F,Free (free for publication),1,One,P,Provisional value,0,Units,USD,US dollar
DATAFLOW,OECD.SDD.NAD:DSD_NAMAIN1@DF_QNA_EXPENDITURE_CAPITA(1.1),Quarterly GDP per capita,I,Q,Quarterly,Y,Calendar and seasonally adjusted,BEL,Belgium,S1,Total economy,S1,Total economy,B1GQ_POP,"Gross domestic product, per capita",_Z,Not applicable,_Z,Not applicable,_Z,Not applicable,USD_PPP_PS,"US dollars per person, PPP converted",V,Current prices,LA,Annual levels,T0102,Table 0102 - GDP identity from the expenditure side,2024-Q3,,74454.8,,,,,,F,Free (free for publication),1,One,P,Provisional value,0,Units,USD,US dollar
DATAFLOW,OECD.SDD.NAD:DSD_NAMAIN1@DF_QNA_EXPENDITURE_CAPITA(1.1),Quarterly GDP per capita,I,Q,Quarterly,Y,Calendar and seasonally adjusted,BEL,Belgium,S1,Total economy,S1,Total economy,B1GQ_POP,"Gross domestic product, per capita",_Z,Not applicable,_Z,Not applicable,_Z,Not applicable,USD_PPP_PS,"US dollars per person, PPP converted",V,Current prices,LA,Annual levels,T0102,Table 0102 - GDP identity from the expenditure side,2024-Q2,,74177.7,,,,,,F,Free (free for publication),1,One,P,Provisional value,0,Units,USD,US dollar
DATAFLOW,OECD.SDD.NAD:DSD_NAMAIN1@DF_QNA_EXPENDITURE_CAPITA(1.1),Quarterly GDP per capita,I,Q,Quarterly,Y,Calendar and seasonally adjusted,BEL,Belgium,S1,Total economy,S1,Total economy,B1GQ_POP,"Gross domestic product, per capita",_Z,Not applicable,_Z,Not applicable,_Z,Not applicable,USD_PPP_PS,"US dollars per person, PPP converted",V,Current prices,LA,Annual levels,T0102,Table 0102 - GDP identity from the expenditure side,2025-Q1,,74888.3,,,,,,F,Free (free for publication),1,One,P,Provisional value,0,Units,USD,US dollar
DATAFLOW,OECD.SDD.NAD:DSD_NAMAIN1@DF_QNA_EXPENDITURE_CAPITA(1.1),Quarterly GDP per capita,I,Q,Quarterly,Y,Calendar and seasonally adjusted,BEL,Belgium,S1,Total economy,S1,Total economy,B1GQ_POP,"Gross domestic product, per capita",_Z,Not applicable,_Z,Not applicable,_Z,Not applicable,USD_PPP_PS,"US dollars per person, PPP converted",V,Current prices,LA,Annual levels,T0102,Table 0102 - GDP identity from the expenditure side,2024-Q1,,74131.9,,,,,,F,Free (free for publication),1,One,P,Provisional value,0,Units,USD,US dollar
DATAFLOW,OECD.SDD.NAD:DSD_NAMAIN1@DF_QNA_EXPENDITURE_CAPITA(1.1),Quarterly GDP per capita,I,Q,Quarterly,Y,Calendar and seasonally adjusted,BEL,Belgium,S1,Total economy,S1,Total economy,B1GQ_POP,"Gross domestic product, per capita",_Z,Not applicable,_Z,Not applicable,_Z,Not applicable,USD_PPP_PS,"US dollars per person, PPP converted",LR,Chain linked volume (rebased),LA,Annual levels,T0102,Table 0102 - GDP identity from the expenditure side,2025-Q1,,62235.4,,2020,,,,F,Free (free for publication),1,One,P,Provisional value,0,Units,USD,US dollar
DATAFLOW,OECD.SDD.NAD:DSD_NAMAIN1@DF_QNA_EXPENDITURE_CAPITA(1.1),Quarterly GDP per capita,I,Q,Quarterly,Y,Calendar and seasonally adjusted,BEL,Belgium,S1,Total economy,S1,Total economy,B1GQ_POP,"Gross domestic product, per capita",_Z,Not applicable,_Z,Not applicable,_Z,Not applicable,USD_PPP_PS,"US dollars per person, PPP converted",LR,Chain linked volume (rebased),LA,Annual levels,T0102,Table 0102 - GDP identity from the expenditure side,2024-Q2,,61992,,2020,,,,F,Free (free for publication),1,One,P,Provisional value,0,Units,USD,US dollar
DATAFLOW,OECD.SDD.NAD:DSD_NAMAIN1@DF_QNA_EXPENDITURE_CAPITA(1.1),Quarterly GDP per capita,I,Q,Quarterly,Y,Calendar and seasonally adjusted,BEL,Belgium,S1,Total economy,S1,Total economy,B1GQ_POP,"Gross domestic product, per capita",_Z,Not applicable,_Z,Not applicable,_Z,Not applicable,USD_PPP_PS,"US dollars per person, PPP converted",LR,Chain linked volume (rebased),LA,Annual levels,T0102,Table 0102 - GDP identity from the expenditure side,2025-Q2,,62324.3,,2020,,,,F,Free (free for publication),1,One,P,Provisional value,0,Units,USD,US dollar
DATAFLOW,OECD.SDD.NAD:DSD_NAMAIN1@DF_QNA_EXPENDITURE_CAPITA(1.1),Quarterly GDP per capita,I,Q,Quarterly,Y,Calendar and seasonally adjusted,BEL,Belgium,S1,Total economy,S1,Total economy,B1GQ_POP,"Gross domestic product, per capita",_Z,Not applicable,_Z,Not applicable,_Z,Not applicable,USD_PPP_PS,"US dollars per person, PPP converted",LR,Chain linked volume (rebased),LA,Annual levels,T0102,Table 0102 - GDP identity from the expenditure side,2024-Q4,,62053.5,,2020,,,,F,Free (free for publication),1,One,P,Provisional value,0,Units,USD,US dollar
DATAFLOW,OECD.SDD.NAD:DSD_NAMAIN1@DF_QNA_EXPENDITURE_CAPITA(1.1),Quarterly GDP per capita,I,Q,Quarterly,Y,Calendar and seasonally adjusted,DEU,Germany,S1,Total economy,S1,Total economy,B1GQ_POP,"Gross domestic product, per capita",_Z,Not applicable,_Z,Not applicable,_Z,Not applicable,USD_PPP_PS,"US dollars per person, PPP converted",V,Current prices,LA,Annual levels,T0102,Table 0102 - GDP identity from the expenditure side,2024-Q2,,73810.2,,,,,,F,Free (free for publication),1,One,P,Provisional value,0,Units,USD,US dollar
DATAFLOW,OECD.SDD.NAD:DSD_NAMAIN1@DF_QNA_EXPENDITURE_CAPITA(1.1),Quarterly GDP per capita,I,Q,Quarterly,Y,Calendar and seasonally adjusted,DEU,Germany,S1,Total economy,S1,Total economy,B1GQ_POP,"Gross domestic product, per capita",_Z,Not applicable,_Z,Not applicable,_Z,Not applicable,USD_PPP_PS,"US dollars per person, PPP converted",LR,Chain linked volume (rebased),LA,Annual levels,T0102,Table 0102 - GDP identity from the expenditure side,2025-Q1,,61281.9,,2020,,,,F,Free (free for publication),1,One,P,Provisional value,0,Units,USD,US dollar
DATAFLOW,OECD.SDD.NAD:DSD_NAMAIN1@DF_QNA_EXPENDITURE_CAPITA(1.1),Quarterly GDP per capita,I,Q,Quarterly,Y,Calendar and seasonally adjusted,DEU,Germany,S1,Total economy,S1,Total economy,B1GQ_POP,"Gross domestic product, per capita",_Z,Not applicable,_Z,Not applicable,_Z,Not applicable,USD_PPP_PS,"US dollars per person, PPP converted",LR,Chain linked volume (rebased),LA,Annual levels,T0102,Table 0102 - GDP identity from the expenditure side,2024-Q1,,61152.7,,2020,,,,F,Free (free for publication),1,One,P,Provisional value,0,Units,USD,US dollar
DATAFLOW,OECD.SDD.NAD:DSD_NAMAIN1@DF_QNA_EXPENDITURE_CAPITA(1.1),Quarterly GDP per capita,I,Q,Quarterly,Y,Calendar and seasonally adjusted,DEU,Germany,S1,Total economy,S1,Total economy,B1GQ_POP,"Gross domestic product, per capita",_Z,Not applicable,_Z,Not applicable,_Z,Not applicable,USD_PPP_PS,"US dollars per person, PPP converted",LR,Chain linked volume (rebased),LA,Annual levels,T0102,Table 0102 - GDP identity from the expenditure side,2023-Q4,,61241.3,,2020,,,,F,Free (free for publication),1,One,P,Provisional value,0,Units,USD,US dollar
DATAFLOW,OECD.SDD.NAD:DSD_NAMAIN1@DF_QNA_EXPENDITURE_CAPITA(1.1),Quarterly GDP per capita,I,Q,Quarterly,Y,Calendar and seasonally adjusted,DEU,Germany,S1,Total economy,S1,Total economy,B1GQ_POP,"Gross domestic product, per capita",_Z,Not applicable,_Z,Not applicable,_Z,Not applicable,USD_PPP_PS,"US dollars per person, PPP converted",LR,Chain linked volume (rebased),LA,Annual levels,T0102,Table 0102 - GDP identity from the expenditure side,2023-Q3,,61495.7,,2020,,,,F,Free (free for publication),1,One,P,Provisional value,0,Units,USD,US dollar
DATAFLOW,OECD.SDD.NAD:DSD_NAMAIN1@DF_QNA_EXPENDITURE_CAPITA(1.1),Quarterly GDP per capita,I,Q,Quarterly,Y,Calendar and seasonally adjusted,DEU,Germany,S1,Total economy,S1,Total economy,B1GQ_POP,"Gross domestic product, per capita",_Z,Not applicable,_Z,Not applicable,_Z,Not applicable,USD_PPP_PS,"US dollars per person, PPP converted",LR,Chain linked volume (rebased),LA,Annual levels,T0102,Table 0102 - GDP identity from the expenditure side,2023-Q2,,61560.8,,2020,,,,F,Free (free for publication),1,One,P,Provisional value,0,Units,USD,US dollar
DATAFLOW,OECD.SDD.NAD:DSD_NAMAIN1@DF_QNA_EXPENDITURE_CAPITA(1.1),Quarterly GDP per capita,I,Q,Quarterly,Y,Calendar and seasonally adjusted,DEU,Germany,S1,Total economy,S1,Total economy,B1GQ_POP,"Gross domestic product, per capita",_Z,Not applicable,_Z,Not applicable,_Z,Not applicable,USD_PPP_PS,"US dollars per person, PPP converted",LR,Chain linked volume (rebased),LA,Annual levels,T0102,Table 0102 - GDP identity from the expenditure side,2023-Q1,,61655.8,,2020,,,,F,Free (free for publication),1,One,P,Provisional value,0,Units,USD,US dollar
DATAFLOW,OECD.SDD.NAD:DSD_NAMAIN1@DF_QNA_EXPENDITURE_CAPITA(1.1),Quarterly GDP per capita,I,Q,Quarterly,Y,Calendar and seasonally adjusted,DEU,Germany,S1,Total economy,S1,Total economy,B1GQ_POP,"Gross domestic product, per capita",_Z,Not applicable,_Z,Not applicable,_Z,Not applicable,USD_PPP_PS,"US dollars per person, PPP converted",LR,Chain linked volume (rebased),LA,Annual levels,T0102,Table 0102 - GDP identity from the expenditure side,2024-Q4,,61049.6,,2020,,,,F,Free (free for publication),1,One,P,Provisional value,0,Units,USD,US dollar
DATAFLOW,OECD.SDD.NAD:DSD_NAMAIN1@DF_QNA_EXPENDITURE_CAPITA(1.1),Quarterly GDP per capita,I,Q,Quarterly,Y,Calendar and seasonally adjusted,DEU,Germany,S1,Total economy,S1,Total economy,B1GQ_POP,"Gross domestic product, per capita",_Z,Not applicable,_Z,Not applicable,_Z,Not applicable,USD_PPP_PS,"US dollars per person, PPP converted",V,Current prices,LA,Annual levels,T0102,Table 0102 - GDP identity from the expenditure side,2025-Q4,,77018.5,,,,,,F,Free (free for publication),1,One,P,Provisional value,0,Units,USD,US dollar
DATAFLOW,OECD.SDD.NAD:DSD_NAMAIN1@DF_QNA_EXPENDITURE_CAPITA(1.1),Quarterly GDP per capita,I,Q,Quarterly,Y,Calendar and seasonally adjusted,DEU,Germany,S1,Total economy,S1,Total economy,B1GQ_POP,"Gross domestic product, per capita",_Z,Not applicable,_Z,Not applicable,_Z,Not applicable,USD_PPP_PS,"US dollars per person, PPP converted",V,Current prices,LA,Annual levels,T0102,Table 0102 - GDP identity from the expenditure side,2025-Q3,,76135.9,,,,,,F,Free (free for publication),1,One,P,Provisional value,0,Units,USD,US dollar
DATAFLOW,OECD.SDD.NAD:DSD_NAMAIN1@DF_QNA_EXPENDITURE_CAPITA(1.1),Quarterly GDP per capita,I,Q,Quarterly,Y,Calendar and seasonally adjusted,DEU,Germany,S1,Total economy,S1,Total economy,B1GQ_POP,"Gross domestic product, per capita",_Z,Not applicable,_Z,Not applicable,_Z,Not applicable,USD_PPP_PS,"US dollars per person, PPP converted",LR,Chain linked volume (rebased),LA,Annual levels,T0102,Table 0102 - GDP identity from the expenditure side,2025-Q4,,61338.4,,2020,,,,F,Free (free for publication),1,One,P,Provisional value,0,Units,USD,US dollar
DATAFLOW,OECD.SDD.NAD:DSD_NAMAIN1@DF_QNA_EXPENDITURE_CAPITA(1.1),Quarterly GDP per capita,I,Q,Quarterly,Y,Calendar and seasonally adjusted,DEU,Germany,S1,Total economy,S1,Total economy,B1GQ_POP,"Gross domestic product, per capita",_Z,Not applicable,_Z,Not applicable,_Z,Not applicable,USD_PPP_PS,"US dollars per person, PPP converted",LR,Chain linked volume (rebased),LA,Annual levels,T0102,Table 0102 - GDP identity from the expenditure side,2025-Q3,,61174.6,,2020,,,,F,Free (free for publication),1,One,P,Provisional value,0,Units,USD,US dollar
DATAFLOW,OECD.SDD.NAD:DSD_NAMAIN1@DF_QNA_EXPENDITURE_CAPITA(1.1),Quarterly GDP per capita,I,Q,Quarterly,Y,Calendar and seasonally adjusted,DEU,Germany,S1,Total economy,S1,Total economy,B1GQ_POP,"Gross domestic product, per capita",_Z,Not applicable,_Z,Not applicable,_Z,Not applicable,USD_PPP_PS,"US dollars per person, PPP converted",LR,Chain linked volume (rebased),LA,Annual levels,T0102,Table 0102 - GDP identity from the expenditure side,2025-Q2,,61179.7,,2020,,,,F,Free (free for publication),1,One,P,Provisional value,0,Units,USD,US dollar
DATAFLOW,OECD.SDD.NAD:DSD_NAMAIN1@DF_QNA_EXPENDITURE_CAPITA(1.1),Quarterly GDP per capita,I,Q,Quarterly,Y,Calendar and seasonally adjusted,DEU,Germany,S1,Total economy,S1,Total economy,B1GQ_POP,"Gross domestic product, per capita",_Z,Not applicable,_Z,Not applicable,_Z,Not applicable,USD_PPP_PS,"US dollars per person, PPP converted",LR,Chain linked volume (rebased),LA,Annual levels,T0102,Table 0102 - GDP identity from the expenditure side,2024-Q3,,60955.4,,2020,,,,F,Free (free for publication),1,One,P,Provisional value,0,Units,USD,US dollar
DATAFLOW,OECD.SDD.NAD:DSD_NAMAIN1@DF_QNA_EXPENDITURE_CAPITA(1.1),Quarterly GDP per capita,I,Q,Quarterly,Y,Calendar and seasonally adjusted,BEL,Belgium,S1,Total economy,S1,Total economy,B1GQ_POP,"Gross domestic product, per capita",_Z,Not applicable,_Z,Not applicable,_Z,Not applicable,USD_PPP_PS,"US dollars per person, PPP converted",V,Current prices,LA,Annual levels,T0102,Table 0102 - GDP identity from the expenditure side,2025-Q3,,75782.1,,,,,,F,Free (free for publication),1,One,P,Provisional value,0,Units,USD,US dollar
DATAFLOW,OECD.SDD.NAD:DSD_NAMAIN1@DF_QNA_EXPENDITURE_CAPITA(1.1),Quarterly GDP per capita,I,Q,Quarterly,Y,Calendar and seasonally adjusted,BEL,Belgium,S1,Total economy,S1,Total economy,B1GQ_POP,"Gross domestic product, per capita",_Z,Not applicable,_Z,Not applicable,_Z,Not applicable,USD_PPP_PS,"US dollars per person, PPP converted",V,Current prices,LA,Annual levels,T0102,Table 0102 - GDP identity from the expenditure side,2025-Q4,,76494.2,,,,,,F,Free (free for publication),1,One,P,Provisional value,0,Units,USD,US dollar
DATAFLOW,OECD.SDD.NAD:DSD_NAMAIN1@DF_QNA_EXPENDITURE_CAPITA(1.1),Quarterly GDP per capita,I,Q,Quarterly,Y,Calendar and seasonally adjusted,BEL,Belgium,S1,Total economy,S1,Total economy,B1GQ_POP,"Gross domestic product, per capita",_Z,Not applicable,_Z,Not applicable,_Z,Not applicable,USD_PPP_PS,"US dollars per person, PPP converted",V,Current prices,LA,Annual levels,T0102,Table 0102 - GDP identity from the expenditure side,2025-Q2,,75180.6,,,,,,F,Free (free for publication),1,One,P,Provisional value,0,Units,USD,US dollar
DATAFLOW,OECD.SDD.NAD:DSD_NAMAIN1@DF_QNA_EXPENDITURE_CAPITA(1.1),Quarterly GDP per capita,I,Q,Quarterly,Y,Calendar and seasonally adjusted,BEL,Belgium,S1,Total economy,S1,Total economy,B1GQ_POP,"Gross domestic product, per capita",_Z,Not applicable,_Z,Not applicable,_Z,Not applicable,USD_PPP_PS,"US dollars per person, PPP converted",V,Current prices,LA,Annual levels,T0102,Table 0102 - GDP identity from the expenditure side,2024-Q4,,74337.1,,,,,,F,Free (free for publication),1,One,P,Provisional value,0,Units,USD,US dollar
DATAFLOW,OECD.SDD.NAD:DSD_NAMAIN1@DF_QNA_EXPENDITURE_CAPITA(1.1),Quarterly GDP per capita,I,Q,Quarterly,Y,Calendar and seasonally adjusted,HUN,Hungary,S1,Total economy,S1,Total economy,B1GQ_POP,"Gross domestic product, per capita",_Z,Not applicable,_Z,Not applicable,_Z,Not applicable,USD_PPP_PS,"US dollars per person, PPP converted",V,Current prices,LA,Annual levels,T0102,Table 0102 - GDP identity from the expenditure side,2025-Q1,,49217.5,,,,,,F,Free (free for publication),1,One,P,Provisional value,0,Units,USD,US dollar
DATAFLOW,OECD.SDD.NAD:DSD_NAMAIN1@DF_QNA_EXPENDITURE_CAPITA(1.1),Quarterly GDP per capita,I,Q,Quarterly,Y,Calendar and seasonally adjusted,HUN,Hungary,S1,Total economy,S1,Total economy,B1GQ_POP,"Gross domestic product, per capita",_Z,Not applicable,_Z,Not applicable,_Z,Not applicable,USD_PPP_PS,"US dollars per person, PPP converted",LR,Chain linked volume (rebased),LA,Annual levels,T0102,Table 0102 - GDP identity from the expenditure side,2025-Q4,,40784.4,,2020,,,,F,Free (free for publication),1,One,P,Provisional value,0,Units,USD,US dollar
DATAFLOW,OECD.SDD.NAD:DSD_NAMAIN1@DF_QNA_EXPENDITURE_CAPITA(1.1),Quarterly GDP per capita,I,Q,Quarterly,Y,Calendar and seasonally adjusted,HUN,Hungary,S1,Total economy,S1,Total economy,B1GQ_POP,"Gross domestic product, per capita",_Z,Not applicable,_Z,Not applicable,_Z,Not applicable,USD_PPP_PS,"US dollars per person, PPP converted",LR,Chain linked volume (rebased),LA,Annual levels,T0102,Table 0102 - GDP identity from the expenditure side,2025-Q3,,40660.5,,2020,,,,F,Free (free for publication),1,One,P,Provisional value,0,Units,USD,US dollar
DATAFLOW,OECD.SDD.NAD:DSD_NAMAIN1@DF_QNA_EXPENDITURE_CAPITA(1.1),Quarterly GDP per capita,I,Q,Quarterly,Y,Calendar and seasonally adjusted,HUN,Hungary,S1,Total economy,S1,Total economy,B1GQ_POP,"Gross domestic product, per capita",_Z,Not applicable,_Z,Not applicable,_Z,Not applicable,USD_PPP_PS,"US dollars per person, PPP converted",LR,Chain linked volume (rebased),LA,Annual levels,T0102,Table 0102 - GDP identity from the expenditure side,2025-Q2,,40549.8,,2020,,,,F,Free (free for publication),1,One,P,Provisional value,0,Units,USD,US dollar
DATAFLOW,OECD.SDD.NAD:DSD_NAMAIN1@DF_QNA_EXPENDITURE_CAPITA(1.1),Quarterly GDP per capita,I,Q,Quarterly,Y,Calendar and seasonally adjusted,HUN,Hungary,S1,Total economy,S1,Total economy,B1GQ_POP,"Gross domestic product, per capita",_Z,Not applicable,_Z,Not applicable,_Z,Not applicable,USD_PPP_PS,"US dollars per person, PPP converted",LR,Chain linked volume (rebased),LA,Annual levels,T0102,Table 0102 - GDP identity from the expenditure side,2025-Q1,,40245.7,,2020,,,,F,Free (free for publication),1,One,P,Provisional value,0,Units,USD,US dollar
DATAFLOW,OECD.SDD.NAD:DSD_NAMAIN1@DF_QNA_EXPENDITURE_CAPITA(1.1),Quarterly GDP per capita,I,Q,Quarterly,Y,Calendar and seasonally adjusted,HUN,Hungary,S1,Total economy,S1,Total economy,B1GQ_POP,"Gross domestic product, per capita",_Z,Not applicable,_Z,Not applicable,_Z,Not applicable,USD_PPP_PS,"US dollars per person, PPP converted",V,Current prices,LA,Annual levels,T0102,Table 0102 - GDP identity from the expenditure side,2025-Q4,,51211.1,,,,,,F,Free (free for publication),1,One,P,Provisional value,0,Units,USD,US dollar
DATAFLOW,OECD.SDD.NAD:DSD_NAMAIN1@DF_QNA_EXPENDITURE_CAPITA(1.1),Quarterly GDP per capita,I,Q,Quarterly,Y,Calendar and seasonally adjusted,HUN,Hungary,S1,Total economy,S1,Total economy,B1GQ_POP,"Gross domestic product, per capita",_Z,Not applicable,_Z,Not applicable,_Z,Not applicable,USD_PPP_PS,"US dollars per person, PPP converted",V,Current prices,LA,Annual levels,T0102,Table 0102 - GDP identity from the expenditure side,2025-Q3,,50512.6,,,,,,F,Free (free for publication),1,One,P,Provisional value,0,Units,USD,US dollar
DATAFLOW,OECD.SDD.NAD:DSD_NAMAIN1@DF_QNA_EXPENDITURE_CAPITA(1.1),Quarterly GDP per capita,I,Q,Quarterly,Y,Calendar and seasonally adjusted,GRC,Greece,S1,Total economy,S1,Total economy,B1GQ_POP,"Gross domestic product, per capita",_Z,Not applicable,_Z,Not applicable,_Z,Not applicable,USD_PPP_PS,"US dollars per person, PPP converted",V,Current prices,LA,Annual levels,T0102,Table 0102 - GDP identity from the expenditure side,2023-Q2,,41852.5,,,,,,F,Free (free for publication),1,One,P,Provisional value,0,Units,USD,US dollar
DATAFLOW,OECD.SDD.NAD:DSD_NAMAIN1@DF_QNA_EXPENDITURE_CAPITA(1.1),Quarterly GDP per capita,I,Q,Quarterly,Y,Calendar and seasonally adjusted,GRC,Greece,S1,Total economy,S1,Total economy,B1GQ_POP,"Gross domestic product, per capita",_Z,Not applicable,_Z,Not applicable,_Z,Not applicable,USD_PPP_PS,"US dollars per person, PPP converted",V,Current prices,LA,Annual levels,T0102,Table 0102 - GDP identity from the expenditure side,2023-Q1,,41075.6,,,,,,F,Free (free for publication),1,One,P,Provisional value,0,Units,USD,US dollar
DATAFLOW,OECD.SDD.NAD:DSD_NAMAIN1@DF_QNA_EXPENDITURE_CAPITA(1.1),Quarterly GDP per capita,I,Q,Quarterly,Y,Calendar and seasonally adjusted,GRC,Greece,S1,Total economy,S1,Total economy,B1GQ_POP,"Gross domestic product, per capita",_Z,Not applicable,_Z,Not applicable,_Z,Not applicable,USD_PPP_PS,"US dollars per person, PPP converted",V,Current prices,LA,Annual levels,T0102,Table 0102 - GDP identity from the expenditure side,2025-Q4,,45999.4,,,,,,F,Free (free for publication),1,One,P,Provisional value,0,Units,USD,US dollar
DATAFLOW,OECD.SDD.NAD:DSD_NAMAIN1@DF_QNA_EXPENDITURE_CAPITA(1.1),Quarterly GDP per capita,I,Q,Quarterly,Y,Calendar and seasonally adjusted,GRC,Greece,S1,Total economy,S1,Total economy,B1GQ_POP,"Gross domestic product, per capita",_Z,Not applicable,_Z,Not applicable,_Z,Not applicable,USD_PPP_PS,"US dollars per person, PPP converted",V,Current prices,LA,Annual levels,T0102,Table 0102 - GDP identity from the expenditure side,2025-Q3,,45186.9,,,,,,F,Free (free for publication),1,One,P,Provisional value,0,Units,USD,US dollar
DATAFLOW,OECD.SDD.NAD:DSD_NAMAIN1@DF_QNA_EXPENDITURE_CAPITA(1.1),Quarterly GDP per capita,I,Q,Quarterly,Y,Calendar and seasonally adjusted,GRC,Greece,S1,Total economy,S1,Total economy,B1GQ_POP,"Gross domestic product, per capita",_Z,Not applicable,_Z,Not applicable,_Z,Not applicable,USD_PPP_PS,"US dollars per person, PPP converted",V,Current prices,LA,Annual levels,T0102,Table 0102 - GDP identity from the expenditure side,2025-Q2,,44534,,,,,,F,Free (free for publication),1,One,P,Provisional value,0,Units,USD,US dollar
DATAFLOW,OECD.SDD.NAD:DSD_NAMAIN1@DF_QNA_EXPENDITURE_CAPITA(1.1),Quarterly GDP per capita,I,Q,Quarterly,Y,Calendar and seasonally adjusted,GRC,Greece,S1,Total economy,S1,Total economy,B1GQ_POP,"Gross domestic product, per capita",_Z,Not applicable,_Z,Not applicable,_Z,Not applicable,USD_PPP_PS,"US dollars per person, PPP converted",V,Current prices,LA,Annual levels,T0102,Table 0102 - GDP identity from the expenditure side,2025-Q1,,44306.8,,,,,,F,Free (free for publication),1,One,P,Provisional value,0,Units,USD,US dollar
DATAFLOW,OECD.SDD.NAD:DSD_NAMAIN1@DF_QNA_EXPENDITURE_CAPITA(1.1),Quarterly GDP per capita,I,Q,Quarterly,Y,Calendar and seasonally adjusted,GRC,Greece,S1,Total economy,S1,Total economy,B1GQ_POP,"Gross domestic product, per capita",_Z,Not applicable,_Z,Not applicable,_Z,Not applicable,USD_PPP_PS,"US dollars per person, PPP converted",V,Current prices,LA,Annual levels,T0102,Table 0102 - GDP identity from the expenditure side,2024-Q4,,43988.7,,,,,,F,Free (free for publication),1,One,P,Provisional value,0,Units,USD,US dollar
DATAFLOW,OECD.SDD.NAD:DSD_NAMAIN1@DF_QNA_EXPENDITURE_CAPITA(1.1),Quarterly GDP per capita,I,Q,Quarterly,Y,Calendar and seasonally adjusted,GRC,Greece,S1,Total economy,S1,Total economy,B1GQ_POP,"Gross domestic product, per capita",_Z,Not applicable,_Z,Not applicable,_Z,Not applicable,USD_PPP_PS,"US dollars per person, PPP converted",V,Current prices,LA,Annual levels,T0102,Table 0102 - GDP identity from the expenditure side,2024-Q3,,43710.5,,,,,,F,Free (free for publication),1,One,P,Provisional value,0,Units,USD,US dollar
DATAFLOW,OECD.SDD.NAD:DSD_NAMAIN1@DF_QNA_EXPENDITURE_CAPITA(1.1),Quarterly GDP per capita,I,Q,Quarterly,Y,Calendar and seasonally adjusted,GRC,Greece,S1,Total economy,S1,Total economy,B1GQ_POP,"Gross domestic product, per capita",_Z,Not applicable,_Z,Not applicable,_Z,Not applicable,USD_PPP_PS,"US dollars per person, PPP converted",V,Current prices,LA,Annual levels,T0102,Table 0102 - GDP identity from the expenditure side,2024-Q2,,43559,,,,,,F,Free (free for publication),1,One,P,Provisional value,0,Units,USD,US dollar
DATAFLOW,OECD.SDD.NAD:DSD_NAMAIN1@DF_QNA_EXPENDITURE_CAPITA(1.1),Quarterly GDP per capita,I,Q,Quarterly,Y,Calendar and seasonally adjusted,GRC,Greece,S1,Total economy,S1,Total economy,B1GQ_POP,"Gross domestic product, per capita",_Z,Not applicable,_Z,Not applicable,_Z,Not applicable,USD_PPP_PS,"US dollars per person, PPP converted",V,Current prices,LA,Annual levels,T0102,Table 0102 - GDP identity from the expenditure side,2024-Q1,,42932.8,,,,,,F,Free (free for publication),1,One,P,Provisional value,0,Units,USD,US dollar
DATAFLOW,OECD.SDD.NAD:DSD_NAMAIN1@DF_QNA_EXPENDITURE_CAPITA(1.1),Quarterly GDP per capita,I,Q,Quarterly,Y,Calendar and seasonally adjusted,GRC,Greece,S1,Total economy,S1,Total economy,B1GQ_POP,"Gross domestic product, per capita",_Z,Not applicable,_Z,Not applicable,_Z,Not applicable,USD_PPP_PS,"US dollars per person, PPP converted",LR,Chain linked volume (rebased),LA,Annual levels,T0102,Table 0102 - GDP identity from the expenditure side,2025-Q1,,36301.2,,2020,,,,F,Free (free for publication),1,One,P,Provisional value,0,Units,USD,US dollar
DATAFLOW,OECD.SDD.NAD:DSD_NAMAIN1@DF_QNA_EXPENDITURE_CAPITA(1.1),Quarterly GDP per capita,I,Q,Quarterly,Y,Calendar and seasonally adjusted,GRC,Greece,S1,Total economy,S1,Total economy,B1GQ_POP,"Gross domestic product, per capita",_Z,Not applicable,_Z,Not applicable,_Z,Not applicable,USD_PPP_PS,"US dollars per person, PPP converted",LR,Chain linked volume (rebased),LA,Annual levels,T0102,Table 0102 - GDP identity from the expenditure side,2024-Q4,,36109.9,,2020,,,,F,Free (free for publication),1,One,P,Provisional value,0,Units,USD,US dollar
DATAFLOW,OECD.SDD.NAD:DSD_NAMAIN1@DF_QNA_EXPENDITURE_CAPITA(1.1),Quarterly GDP per capita,I,Q,Quarterly,Y,Calendar and seasonally adjusted,GRC,Greece,S1,Total economy,S1,Total economy,B1GQ_POP,"Gross domestic product, per capita",_Z,Not applicable,_Z,Not applicable,_Z,Not applicable,USD_PPP_PS,"US dollars per person, PPP converted",LR,Chain linked volume (rebased),LA,Annual levels,T0102,Table 0102 - GDP identity from the expenditure side,2024-Q3,,35929.1,,2020,,,,F,Free (free for publication),1,One,P,Provisional value,0,Units,USD,US dollar
DATAFLOW,OECD.SDD.NAD:DSD_NAMAIN1@DF_QNA_EXPENDITURE_CAPITA(1.1),Quarterly GDP per capita,I,Q,Quarterly,Y,Calendar and seasonally adjusted,GRC,Greece,S1,Total economy,S1,Total economy,B1GQ_POP,"Gross domestic product, per capita",_Z,Not applicable,_Z,Not applicable,_Z,Not applicable,USD_PPP_PS,"US dollars per person, PPP converted",LR,Chain linked volume (rebased),LA,Annual levels,T0102,Table 0102 - GDP identity from the expenditure side,2024-Q2,,35809.9,,2020,,,,F,Free (free for publication),1,One,P,Provisional value,0,Units,USD,US dollar
DATAFLOW,OECD.SDD.NAD:DSD_NAMAIN1@DF_QNA_EXPENDITURE_CAPITA(1.1),Quarterly GDP per capita,I,Q,Quarterly,Y,Calendar and seasonally adjusted,GRC,Greece,S1,Total economy,S1,Total economy,B1GQ_POP,"Gross domestic product, per capita",_Z,Not applicable,_Z,Not applicable,_Z,Not applicable,USD_PPP_PS,"US dollars per person, PPP converted",LR,Chain linked volume (rebased),LA,Annual levels,T0102,Table 0102 - GDP identity from the expenditure side,2024-Q1,,35393.8,,2020,,,,F,Free (free for publication),1,One,P,Provisional value,0,Units,USD,US dollar
DATAFLOW,OECD.SDD.NAD:DSD_NAMAIN1@DF_QNA_EXPENDITURE_CAPITA(1.1),Quarterly GDP per capita,I,Q,Quarterly,Y,Calendar and seasonally adjusted,GRC,Greece,S1,Total economy,S1,Total economy,B1GQ_POP,"Gross domestic product, per capita",_Z,Not applicable,_Z,Not applicable,_Z,Not applicable,USD_PPP_PS,"US dollars per person, PPP converted",LR,Chain linked volume (rebased),LA,Annual levels,T0102,Table 0102 - GDP identity from the expenditure side,2023-Q4,,35275.4,,2020,,,,F,Free (free for publication),1,One,P,Provisional value,0,Units,USD,US dollar
DATAFLOW,OECD.SDD.NAD:DSD_NAMAIN1@DF_QNA_EXPENDITURE_CAPITA(1.1),Quarterly GDP per capita,I,Q,Quarterly,Y,Calendar and seasonally adjusted,GRC,Greece,S1,Total economy,S1,Total economy,B1GQ_POP,"Gross domestic product, per capita",_Z,Not applicable,_Z,Not applicable,_Z,Not applicable,USD_PPP_PS,"US dollars per person, PPP converted",LR,Chain linked volume (rebased),LA,Annual levels,T0102,Table 0102 - GDP identity from the expenditure side,2023-Q3,,35024.5,,2020,,,,F,Free (free for publication),1,One,P,Provisional value,0,Units,USD,US dollar
DATAFLOW,OECD.SDD.NAD:DSD_NAMAIN1@DF_QNA_EXPENDITURE_CAPITA(1.1),Quarterly GDP per capita,I,Q,Quarterly,Y,Calendar and seasonally adjusted,GRC,Greece,S1,Total economy,S1,Total economy,B1GQ_POP,"Gross domestic product, per capita",_Z,Not applicable,_Z,Not applicable,_Z,Not applicable,USD_PPP_PS,"US dollars per person, PPP converted",LR,Chain linked volume (rebased),LA,Annual levels,T0102,Table 0102 - GDP identity from the expenditure side,2023-Q2,,35109.6,,2020,,,,F,Free (free for publication),1,One,P,Provisional value,0,Units,USD,US dollar
DATAFLOW,OECD.SDD.NAD:DSD_NAMAIN1@DF_QNA_EXPENDITURE_CAPITA(1.1),Quarterly GDP per capita,I,Q,Quarterly,Y,Calendar and seasonally adjusted,GRC,Greece,S1,Total economy,S1,Total economy,B1GQ_POP,"Gross domestic product, per capita",_Z,Not applicable,_Z,Not applicable,_Z,Not applicable,USD_PPP_PS,"US dollars per person, PPP converted",LR,Chain linked volume (rebased),LA,Annual levels,T0102,Table 0102 - GDP identity from the expenditure side,2023-Q1,,34709.6,,2020,,,,F,Free (free for publication),1,One,P,Provisional value,0,Units,USD,US dollar
DATAFLOW,OECD.SDD.NAD:DSD_NAMAIN1@DF_QNA_EXPENDITURE_CAPITA(1.1),Quarterly GDP per capita,I,Q,Quarterly,Y,Calendar and seasonally adjusted,GRC,Greece,S1,Total economy,S1,Total economy,B1GQ_POP,"Gross domestic product, per capita",_Z,Not applicable,_Z,Not applicable,_Z,Not applicable,USD_PPP_PS,"US dollars per person, PPP converted",LR,Chain linked volume (rebased),LA,Annual levels,T0102,Table 0102 - GDP identity from the expenditure side,2025-Q4,,36869.7,,2020,,,,F,Free (free for publication),1,One,P,Provisional value,0,Units,USD,US dollar
DATAFLOW,OECD.SDD.NAD:DSD_NAMAIN1@DF_QNA_EXPENDITURE_CAPITA(1.1),Quarterly GDP per capita,I,Q,Quarterly,Y,Calendar and seasonally adjusted,USA,United States,S1,Total economy,S1,Total economy,B1GQ_POP,"Gross domestic product, per capita",_Z,Not applicable,_Z,Not applicable,_Z,Not applicable,USD_PPP_PS,"US dollars per person, PPP converted",LR,Chain linked volume (rebased),LA,Annual levels,T0102,Table 0102 - GDP identity from the expenditure side,2025-Q2,,73289,,2020,,,,F,Free (free for publication),1,One,A,Normal value,0,Units,USD,US dollar
DATAFLOW,OECD.SDD.NAD:DSD_NAMAIN1@DF_QNA_EXPENDITURE_CAPITA(1.1),Quarterly GDP per capita,I,Q,Quarterly,Y,Calendar and seasonally adjusted,USA,United States,S1,Total economy,S1,Total economy,B1GQ_POP,"Gross domestic product, per capita",_Z,Not applicable,_Z,Not applicable,_Z,Not applicable,USD_PPP_PS,"US dollars per person, PPP converted",LR,Chain linked volume (rebased),LA,Annual levels,T0102,Table 0102 - GDP identity from the expenditure side,2025-Q1,,72688.6,,2020,,,,F,Free (free for publication),1,One,A,Normal value,0,Units,USD,US dollar
DATAFLOW,OECD.SDD.NAD:DSD_NAMAIN1@DF_QNA_EXPENDITURE_CAPITA(1.1),Quarterly GDP per capita,I,Q,Quarterly,Y,Calendar and seasonally adjusted,USA,United States,S1,Total economy,S1,Total economy,B1GQ_POP,"Gross domestic product, per capita",_Z,Not applicable,_Z,Not applicable,_Z,Not applicable,USD_PPP_PS,"US dollars per person, PPP converted",LR,Chain linked volume (rebased),LA,Annual levels,T0102,Table 0102 - GDP identity from the expenditure side,2024-Q4,,72887.2,,2020,,,,F,Free (free for publication),1,One,A,Normal value,0,Units,USD,US dollar
DATAFLOW,OECD.SDD.NAD:DSD_NAMAIN1@DF_QNA_EXPENDITURE_CAPITA(1.1),Quarterly GDP per capita,I,Q,Quarterly,Y,Calendar and seasonally adjusted,USA,United States,S1,Total economy,S1,Total economy,B1GQ_POP,"Gross domestic product, per capita",_Z,Not applicable,_Z,Not applicable,_Z,Not applicable,USD_PPP_PS,"US dollars per person, PPP converted",LR,Chain linked volume (rebased),LA,Annual levels,T0102,Table 0102 - GDP identity from the expenditure side,2024-Q3,,72658.6,,2020,,,,F,Free (free for publication),1,One,A,Normal value,0,Units,USD,US dollar
DATAFLOW,OECD.SDD.NAD:DSD_NAMAIN1@DF_QNA_EXPENDITURE_CAPITA(1.1),Quarterly GDP per capita,I,Q,Quarterly,Y,Calendar and seasonally adjusted,USA,United States,S1,Total economy,S1,Total economy,B1GQ_POP,"Gross domestic product, per capita",_Z,Not applicable,_Z,Not applicable,_Z,Not applicable,USD_PPP_PS,"US dollars per person, PPP converted",V,Current prices,LA,Annual levels,T0102,Table 0102 - GDP identity from the expenditure side,2025-Q4,,91762.6,,,,,,F,Free (free for publication),1,One,A,Normal value,0,Units,USD,US dollar
DATAFLOW,OECD.SDD.NAD:DSD_NAMAIN1@DF_QNA_EXPENDITURE_CAPITA(1.1),Quarterly GDP per capita,I,Q,Quarterly,Y,Calendar and seasonally adjusted,USA,United States,S1,Total economy,S1,Total economy,B1GQ_POP,"Gross domestic product, per capita",_Z,Not applicable,_Z,Not applicable,_Z,Not applicable,USD_PPP_PS,"US dollars per person, PPP converted",V,Current prices,LA,Annual levels,T0102,Table 0102 - GDP identity from the expenditure side,2025-Q3,,90882.9,,,,,,F,Free (free for publication),1,One,A,Normal value,0,Units,USD,US dollar
DATAFLOW,OECD.SDD.NAD:DSD_NAMAIN1@DF_QNA_EXPENDITURE_CAPITA(1.1),Quarterly GDP per capita,I,Q,Quarterly,Y,Calendar and seasonally adjusted,USA,United States,S1,Total economy,S1,Total economy,B1GQ_POP,"Gross domestic product, per capita",_Z,Not applicable,_Z,Not applicable,_Z,Not applicable,USD_PPP_PS,"US dollars per person, PPP converted",V,Current prices,LA,Annual levels,T0102,Table 0102 - GDP identity from the expenditure side,2025-Q2,,89195.1,,,,,,F,Free (free for publication),1,One,A,Normal value,0,Units,USD,US dollar
DATAFLOW,OECD.SDD.NAD:DSD_NAMAIN1@DF_QNA_EXPENDITURE_CAPITA(1.1),Quarterly GDP per capita,I,Q,Quarterly,Y,Calendar and seasonally adjusted,USA,United States,S1,Total economy,S1,Total economy,B1GQ_POP,"Gross domestic product, per capita",_Z,Not applicable,_Z,Not applicable,_Z,Not applicable,USD_PPP_PS,"US dollars per person, PPP converted",V,Current prices,LA,Annual levels,T0102,Table 0102 - GDP identity from the expenditure side,2025-Q1,,88001.7,,,,,,F,Free (free for publication),1,One,A,Normal value,0,Units,USD,US dollar
DATAFLOW,OECD.SDD.NAD:DSD_NAMAIN1@DF_QNA_EXPENDITURE_CAPITA(1.1),Quarterly GDP per capita,I,Q,Quarterly,Y,Calendar and seasonally adjusted,USA,United States,S1,Total economy,S1,Total economy,B1GQ_POP,"Gross domestic product, per capita",_Z,Not applicable,_Z,Not applicable,_Z,Not applicable,USD_PPP_PS,"US dollars per person, PPP converted",LR,Chain linked volume (rebased),LA,Annual levels,T0102,Table 0102 - GDP identity from the expenditure side,2023-Q2,,70683.5,,2020,,,,F,Free (free for publication),1,One,A,Normal value,0,Units,USD,US dollar
DATAFLOW,OECD.SDD.NAD:DSD_NAMAIN1@DF_QNA_EXPENDITURE_CAPITA(1.1),Quarterly GDP per capita,I,Q,Quarterly,Y,Calendar and seasonally adjusted,USA,United States,S1,Total economy,S1,Total economy,B1GQ_POP,"Gross domestic product, per capita",_Z,Not applicable,_Z,Not applicable,_Z,Not applicable,USD_PPP_PS,"US dollars per person, PPP converted",LR,Chain linked volume (rebased),LA,Annual levels,T0102,Table 0102 - GDP identity from the expenditure side,2023-Q1,,70380.4,,2020,,,,F,Free (free for publication),1,One,A,Normal value,0,Units,USD,US dollar
DATAFLOW,OECD.SDD.NAD:DSD_NAMAIN1@DF_QNA_EXPENDITURE_CAPITA(1.1),Quarterly GDP per capita,I,Q,Quarterly,Y,Calendar and seasonally adjusted,USA,United States,S1,Total economy,S1,Total economy,B1GQ_POP,"Gross domestic product, per capita",_Z,Not applicable,_Z,Not applicable,_Z,Not applicable,USD_PPP_PS,"US dollars per person, PPP converted",LR,Chain linked volume (rebased),LA,Annual levels,T0102,Table 0102 - GDP identity from the expenditure side,2025-Q4,,74027.1,,2020,,,,F,Free (free for publication),1,One,A,Normal value,0,Units,USD,US dollar
DATAFLOW,OECD.SDD.NAD:DSD_NAMAIN1@DF_QNA_EXPENDITURE_CAPITA(1.1),Quarterly GDP per capita,I,Q,Quarterly,Y,Calendar and seasonally adjusted,USA,United States,S1,Total economy,S1,Total economy,B1GQ_POP,"Gross domestic product, per capita",_Z,Not applicable,_Z,Not applicable,_Z,Not applicable,USD_PPP_PS,"US dollars per person, PPP converted",V,Current prices,LA,Annual levels,T0102,Table 0102 - GDP identity from the expenditure side,2024-Q4,,87462.6,,,,,,F,Free (free for publication),1,One,A,Normal value,0,Units,USD,US dollar
DATAFLOW,OECD.SDD.NAD:DSD_NAMAIN1@DF_QNA_EXPENDITURE_CAPITA(1.1),Quarterly GDP per capita,I,Q,Quarterly,Y,Calendar and seasonally adjusted,GBR,United Kingdom,S1,Total economy,S1,Total economy,B1GQ_POP,"Gross domestic product, per capita",_Z,Not applicable,_Z,Not applicable,_Z,Not applicable,USD_PPP_PS,"US dollars per person, PPP converted",V,Current prices,LA,Annual levels,T0102,Table 0102 - GDP identity from the expenditure side,2024-Q1,,61635.7,,,,,,F,Free (free for publication),1,One,A,Normal value,0,Units,USD,US dollar
DATAFLOW,OECD.SDD.NAD:DSD_NAMAIN1@DF_QNA_EXPENDITURE_CAPITA(1.1),Quarterly GDP per capita,I,Q,Quarterly,Y,Calendar and seasonally adjusted,GBR,United Kingdom,S1,Total economy,S1,Total economy,B1GQ_POP,"Gross domestic product, per capita",_Z,Not applicable,_Z,Not applicable,_Z,Not applicable,USD_PPP_PS,"US dollars per person, PPP converted",V,Current prices,LA,Annual levels,T0102,Table 0102 - GDP identity from the expenditure side,2024-Q2,,62630.3,,,,,,F,Free (free for publication),1,One,A,Normal value,0,Units,USD,US dollar
DATAFLOW,OECD.SDD.NAD:DSD_NAMAIN1@DF_QNA_EXPENDITURE_CAPITA(1.1),Quarterly GDP per capita,I,Q,Quarterly,Y,Calendar and seasonally adjusted,GBR,United Kingdom,S1,Total economy,S1,Total economy,B1GQ_POP,"Gross domestic product, per capita",_Z,Not applicable,_Z,Not applicable,_Z,Not applicable,USD_PPP_PS,"US dollars per person, PPP converted",LR,Chain linked volume (rebased),LA,Annual levels,T0102,Table 0102 - GDP identity from the expenditure side,2025-Q1,,54773.7,,2020,,,,F,Free (free for publication),1,One,A,Normal value,0,Units,USD,US dollar
DATAFLOW,OECD.SDD.NAD:DSD_NAMAIN1@DF_QNA_EXPENDITURE_CAPITA(1.1),Quarterly GDP per capita,I,Q,Quarterly,Y,Calendar and seasonally adjusted,GBR,United Kingdom,S1,Total economy,S1,Total economy,B1GQ_POP,"Gross domestic product, per capita",_Z,Not applicable,_Z,Not applicable,_Z,Not applicable,USD_PPP_PS,"US dollars per person, PPP converted",LR,Chain linked volume (rebased),LA,Annual levels,T0102,Table 0102 - GDP identity from the expenditure side,2024-Q4,,54499.7,,2020,,,,F,Free (free for publication),1,One,A,Normal value,0,Units,USD,US dollar
DATAFLOW,OECD.SDD.NAD:DSD_NAMAIN1@DF_QNA_EXPENDITURE_CAPITA(1.1),Quarterly GDP per capita,I,Q,Quarterly,Y,Calendar and seasonally adjusted,GBR,United Kingdom,S1,Total economy,S1,Total economy,B1GQ_POP,"Gross domestic product, per capita",_Z,Not applicable,_Z,Not applicable,_Z,Not applicable,USD_PPP_PS,"US dollars per person, PPP converted",V,Current prices,LA,Annual levels,T0102,Table 0102 - GDP identity from the expenditure side,2024-Q4,,63761.8,,,,,,F,Free (free for publication),1,One,A,Normal value,0,Units,USD,US dollar
DATAFLOW,OECD.SDD.NAD:DSD_NAMAIN1@DF_QNA_EXPENDITURE_CAPITA(1.1),Quarterly GDP per capita,I,Q,Quarterly,Y,Calendar and seasonally adjusted,GBR,United Kingdom,S1,Total economy,S1,Total economy,B1GQ_POP,"Gross domestic product, per capita",_Z,Not applicable,_Z,Not applicable,_Z,Not applicable,USD_PPP_PS,"US dollars per person, PPP converted",V,Current prices,LA,Annual levels,T0102,Table 0102 - GDP identity from the expenditure side,2024-Q3,,63281.5,,,,,,F,Free (free for publication),1,One,A,Normal value,0,Units,USD,US dollar
DATAFLOW,OECD.SDD.NAD:DSD_NAMAIN1@DF_QNA_EXPENDITURE_CAPITA(1.1),Quarterly GDP per capita,I,Q,Quarterly,Y,Calendar and seasonally adjusted,ROU,Romania,S1,Total economy,S1,Total economy,B1GQ_POP,"Gross domestic product, per capita",_Z,Not applicable,_Z,Not applicable,_Z,Not applicable,USD_PPP_PS,"US dollars per person, PPP converted",V,Current prices,LA,Annual levels,T0102,Table 0102 - GDP identity from the expenditure side,2023-Q4,,47539.6,,,,,,F,Free (free for publication),1,One,A,Normal value,0,Units,USD,US dollar
DATAFLOW,OECD.SDD.NAD:DSD_NAMAIN1@DF_QNA_EXPENDITURE_CAPITA(1.1),Quarterly GDP per capita,I,Q,Quarterly,Y,Calendar and seasonally adjusted,ROU,Romania,S1,Total economy,S1,Total economy,B1GQ_POP,"Gross domestic product, per capita",_Z,Not applicable,_Z,Not applicable,_Z,Not applicable,USD_PPP_PS,"US dollars per person, PPP converted",V,Current prices,LA,Annual levels,T0102,Table 0102 - GDP identity from the expenditure side,2023-Q3,,46808.1,,,,,,F,Free (free for publication),1,One,A,Normal value,0,Units,USD,US dollar
DATAFLOW,OECD.SDD.NAD:DSD_NAMAIN1@DF_QNA_EXPENDITURE_CAPITA(1.1),Quarterly GDP per capita,I,Q,Quarterly,Y,Calendar and seasonally adjusted,ROU,Romania,S1,Total economy,S1,Total economy,B1GQ_POP,"Gross domestic product, per capita",_Z,Not applicable,_Z,Not applicable,_Z,Not applicable,USD_PPP_PS,"US dollars per person, PPP converted",V,Current prices,LA,Annual levels,T0102,Table 0102 - GDP identity from the expenditure side,2023-Q2,,45359.3,,,,,,F,Free (free for publication),1,One,A,Normal value,0,Units,USD,US dollar
DATAFLOW,OECD.SDD.NAD:DSD_NAMAIN1@DF_QNA_EXPENDITURE_CAPITA(1.1),Quarterly GDP per capita,I,Q,Quarterly,Y,Calendar and seasonally adjusted,ROU,Romania,S1,Total economy,S1,Total economy,B1GQ_POP,"Gross domestic product, per capita",_Z,Not applicable,_Z,Not applicable,_Z,Not applicable,USD_PPP_PS,"US dollars per person, PPP converted",V,Current prices,LA,Annual levels,T0102,Table 0102 - GDP identity from the expenditure side,2023-Q1,,43856.2,,,,,,F,Free (free for publication),1,One,A,Normal value,0,Units,USD,US dollar
DATAFLOW,OECD.SDD.NAD:DSD_NAMAIN1@DF_QNA_EXPENDITURE_CAPITA(1.1),Quarterly GDP per capita,I,Q,Quarterly,Y,Calendar and seasonally adjusted,ROU,Romania,S1,Total economy,S1,Total economy,B1GQ_POP,"Gross domestic product, per capita",_Z,Not applicable,_Z,Not applicable,_Z,Not applicable,USD_PPP_PS,"US dollars per person, PPP converted",LR,Chain linked volume (rebased),LA,Annual levels,T0102,Table 0102 - GDP identity from the expenditure side,2023-Q4,,36938.8,,2020,,,,F,Free (free for publication),1,One,A,Normal value,0,Units,USD,US dollar
DATAFLOW,OECD.SDD.NAD:DSD_NAMAIN1@DF_QNA_EXPENDITURE_CAPITA(1.1),Quarterly GDP per capita,I,Q,Quarterly,Y,Calendar and seasonally adjusted,ROU,Romania,S1,Total economy,S1,Total economy,B1GQ_POP,"Gross domestic product, per capita",_Z,Not applicable,_Z,Not applicable,_Z,Not applicable,USD_PPP_PS,"US dollars per person, PPP converted",LR,Chain linked volume (rebased),LA,Annual levels,T0102,Table 0102 - GDP identity from the expenditure side,2023-Q3,,36847.8,,2020,,,,F,Free (free for publication),1,One,A,Normal value,0,Units,USD,US dollar
DATAFLOW,OECD.SDD.NAD:DSD_NAMAIN1@DF_QNA_EXPENDITURE_CAPITA(1.1),Quarterly GDP per capita,I,Q,Quarterly,Y,Calendar and seasonally adjusted,USMCA,United States - Mexico - Canada Agreement (USMCA),S1,Total economy,S1,Total economy,B1GQ_POP,"Gross domestic product, per capita",_Z,Not applicable,_Z,Not applicable,_Z,Not applicable,USD_PPP_PS,"US dollars per person, PPP converted",V,Current prices,LA,Annual levels,T0102,Table 0102 - GDP identity from the expenditure side,2025-Q3,,72776.3,,,,,,F,Free (free for publication),1,One,A,Normal value,0,Units,USD,US dollar
DATAFLOW,OECD.SDD.NAD:DSD_NAMAIN1@DF_QNA_EXPENDITURE_CAPITA(1.1),Quarterly GDP per capita,I,Q,Quarterly,Y,Calendar and seasonally adjusted,NLD,Netherlands,S1,Total economy,S1,Total economy,B1GQ_POP,"Gross domestic product, per capita",_Z,Not applicable,_Z,Not applicable,_Z,Not applicable,USD_PPP_PS,"US dollars per person, PPP converted",V,Current prices,LA,Annual levels,T0102,Table 0102 - GDP identity from the expenditure side,2023-Q1,,79957.9,,,,,,F,Free (free for publication),1,One,P,Provisional value,0,Units,USD,US dollar
DATAFLOW,OECD.SDD.NAD:DSD_NAMAIN1@DF_QNA_EXPENDITURE_CAPITA(1.1),Quarterly GDP per capita,I,Q,Quarterly,Y,Calendar and seasonally adjusted,NLD,Netherlands,S1,Total economy,S1,Total economy,B1GQ_POP,"Gross domestic product, per capita",_Z,Not applicable,_Z,Not applicable,_Z,Not applicable,USD_PPP_PS,"US dollars per person, PPP converted",V,Current prices,LA,Annual levels,T0102,Table 0102 - GDP identity from the expenditure side,2025-Q2,,87496.5,,,,,,F,Free (free for publication),1,One,P,Provisional value,0,Units,USD,US dollar
DATAFLOW,OECD.SDD.NAD:DSD_NAMAIN1@DF_QNA_EXPENDITURE_CAPITA(1.1),Quarterly GDP per capita,I,Q,Quarterly,Y,Calendar and seasonally adjusted,NLD,Netherlands,S1,Total economy,S1,Total economy,B1GQ_POP,"Gross domestic product, per capita",_Z,Not applicable,_Z,Not applicable,_Z,Not applicable,USD_PPP_PS,"US dollars per person, PPP converted",V,Current prices,LA,Annual levels,T0102,Table 0102 - GDP identity from the expenditure side,2025-Q1,,87268.9,,,,,,F,Free (free for publication),1,One,P,Provisional value,0,Units,USD,US dollar
DATAFLOW,OECD.SDD.NAD:DSD_NAMAIN1@DF_QNA_EXPENDITURE_CAPITA(1.1),Quarterly GDP per capita,I,Q,Quarterly,Y,Calendar and seasonally adjusted,NLD,Netherlands,S1,Total economy,S1,Total economy,B1GQ_POP,"Gross domestic product, per capita",_Z,Not applicable,_Z,Not applicable,_Z,Not applicable,USD_PPP_PS,"US dollars per person, PPP converted",V,Current prices,LA,Annual levels,T0102,Table 0102 - GDP identity from the expenditure side,2024-Q4,,86761.7,,,,,,F,Free (free for publication),1,One,P,Provisional value,0,Units,USD,US dollar
DATAFLOW,OECD.SDD.NAD:DSD_NAMAIN1@DF_QNA_EXPENDITURE_CAPITA(1.1),Quarterly GDP per capita,I,Q,Quarterly,Y,Calendar and seasonally adjusted,NLD,Netherlands,S1,Total economy,S1,Total economy,B1GQ_POP,"Gross domestic product, per capita",_Z,Not applicable,_Z,Not applicable,_Z,Not applicable,USD_PPP_PS,"US dollars per person, PPP converted",V,Current prices,LA,Annual levels,T0102,Table 0102 - GDP identity from the expenditure side,2024-Q3,,86151.1,,,,,,F,Free (free for publication),1,One,P,Provisional value,0,Units,USD,US dollar
DATAFLOW,OECD.SDD.NAD:DSD_NAMAIN1@DF_QNA_EXPENDITURE_CAPITA(1.1),Quarterly GDP per capita,I,Q,Quarterly,Y,Calendar and seasonally adjusted,NLD,Netherlands,S1,Total economy,S1,Total economy,B1GQ_POP,"Gross domestic product, per capita",_Z,Not applicable,_Z,Not applicable,_Z,Not applicable,USD_PPP_PS,"US dollars per person, PPP converted",V,Current prices,LA,Annual levels,T0102,Table 0102 - GDP identity from the expenditure side,2024-Q1,,82839.8,,,,,,F,Free (free for publication),1,One,P,Provisional value,0,Units,USD,US dollar
DATAFLOW,OECD.SDD.NAD:DSD_NAMAIN1@DF_QNA_EXPENDITURE_CAPITA(1.1),Quarterly GDP per capita,I,Q,Quarterly,Y,Calendar and seasonally adjusted,NLD,Netherlands,S1,Total economy,S1,Total economy,B1GQ_POP,"Gross domestic product, per capita",_Z,Not applicable,_Z,Not applicable,_Z,Not applicable,USD_PPP_PS,"US dollars per person, PPP converted",V,Current prices,LA,Annual levels,T0102,Table 0102 - GDP identity from the expenditure side,2023-Q4,,81387.9,,,,,,F,Free (free for publication),1,One,P,Provisional value,0,Units,USD,US dollar
DATAFLOW,OECD.SDD.NAD:DSD_NAMAIN1@DF_QNA_EXPENDITURE_CAPITA(1.1),Quarterly GDP per capita,I,Q,Quarterly,Y,Calendar and seasonally adjusted,NLD,Netherlands,S1,Total economy,S1,Total economy,B1GQ_POP,"Gross domestic product, per capita",_Z,Not applicable,_Z,Not applicable,_Z,Not applicable,USD_PPP_PS,"US dollars per person, PPP converted",V,Current prices,LA,Annual levels,T0102,Table 0102 - GDP identity from the expenditure side,2023-Q3,,80255.9,,,,,,F,Free (free for publication),1,One,P,Provisional value,0,Units,USD,US dollar
DATAFLOW,OECD.SDD.NAD:DSD_NAMAIN1@DF_QNA_EXPENDITURE_CAPITA(1.1),Quarterly GDP per capita,I,Q,Quarterly,Y,Calendar and seasonally adjusted,NLD,Netherlands,S1,Total economy,S1,Total economy,B1GQ_POP,"Gross domestic product, per capita",_Z,Not applicable,_Z,Not applicable,_Z,Not applicable,USD_PPP_PS,"US dollars per person, PPP converted",V,Current prices,LA,Annual levels,T0102,Table 0102 - GDP identity from the expenditure side,2023-Q2,,79950.5,,,,,,F,Free (free for publication),1,One,P,Provisional value,0,Units,USD,US dollar
DATAFLOW,OECD.SDD.NAD:DSD_NAMAIN1@DF_QNA_EXPENDITURE_CAPITA(1.1),Quarterly GDP per capita,I,Q,Quarterly,Y,Calendar and seasonally adjusted,NLD,Netherlands,S1,Total economy,S1,Total economy,B1GQ_POP,"Gross domestic product, per capita",_Z,Not applicable,_Z,Not applicable,_Z,Not applicable,USD_PPP_PS,"US dollars per person, PPP converted",V,Current prices,LA,Annual levels,T0102,Table 0102 - GDP identity from the expenditure side,2024-Q2,,85135.1,,,,,,F,Free (free for publication),1,One,P,Provisional value,0,Units,USD,US dollar
DATAFLOW,OECD.SDD.NAD:DSD_NAMAIN1@DF_QNA_EXPENDITURE_CAPITA(1.1),Quarterly GDP per capita,I,Q,Quarterly,Y,Calendar and seasonally adjusted,NLD,Netherlands,S1,Total economy,S1,Total economy,B1GQ_POP,"Gross domestic product, per capita",_Z,Not applicable,_Z,Not applicable,_Z,Not applicable,USD_PPP_PS,"US dollars per person, PPP converted",LR,Chain linked volume (rebased),LA,Annual levels,T0102,Table 0102 - GDP identity from the expenditure side,2023-Q2,,67935.4,,2020,,,,F,Free (free for publication),1,One,P,Provisional value,0,Units,USD,US dollar
DATAFLOW,OECD.SDD.NAD:DSD_NAMAIN1@DF_QNA_EXPENDITURE_CAPITA(1.1),Quarterly GDP per capita,I,Q,Quarterly,Y,Calendar and seasonally adjusted,NLD,Netherlands,S1,Total economy,S1,Total economy,B1GQ_POP,"Gross domestic product, per capita",_Z,Not applicable,_Z,Not applicable,_Z,Not applicable,USD_PPP_PS,"US dollars per person, PPP converted",LR,Chain linked volume (rebased),LA,Annual levels,T0102,Table 0102 - GDP identity from the expenditure side,2023-Q1,,68286.7,,2020,,,,F,Free (free for publication),1,One,P,Provisional value,0,Units,USD,US dollar
DATAFLOW,OECD.SDD.NAD:DSD_NAMAIN1@DF_QNA_EXPENDITURE_CAPITA(1.1),Quarterly GDP per capita,I,Q,Quarterly,Y,Calendar and seasonally adjusted,NLD,Netherlands,S1,Total economy,S1,Total economy,B1GQ_POP,"Gross domestic product, per capita",_Z,Not applicable,_Z,Not applicable,_Z,Not applicable,USD_PPP_PS,"US dollars per person, PPP converted",V,Current prices,LA,Annual levels,T0102,Table 0102 - GDP identity from the expenditure side,2025-Q4,,89343.8,,,,,,F,Free (free for publication),1,One,P,Provisional value,0,Units,USD,US dollar
DATAFLOW,OECD.SDD.NAD:DSD_NAMAIN1@DF_QNA_EXPENDITURE_CAPITA(1.1),Quarterly GDP per capita,I,Q,Quarterly,Y,Calendar and seasonally adjusted,NLD,Netherlands,S1,Total economy,S1,Total economy,B1GQ_POP,"Gross domestic product, per capita",_Z,Not applicable,_Z,Not applicable,_Z,Not applicable,USD_PPP_PS,"US dollars per person, PPP converted",LR,Chain linked volume (rebased),LA,Annual levels,T0102,Table 0102 - GDP identity from the expenditure side,2025-Q1,,68591.6,,2020,,,,F,Free (free for publication),1,One,P,Provisional value,0,Units,USD,US dollar
DATAFLOW,OECD.SDD.NAD:DSD_NAMAIN1@DF_QNA_EXPENDITURE_CAPITA(1.1),Quarterly GDP per capita,I,Q,Quarterly,Y,Calendar and seasonally adjusted,NLD,Netherlands,S1,Total economy,S1,Total economy,B1GQ_POP,"Gross domestic product, per capita",_Z,Not applicable,_Z,Not applicable,_Z,Not applicable,USD_PPP_PS,"US dollars per person, PPP converted",LR,Chain linked volume (rebased),LA,Annual levels,T0102,Table 0102 - GDP identity from the expenditure side,2024-Q4,,68384.3,,2020,,,,F,Free (free for publication),1,One,P,Provisional value,0,Units,USD,US dollar
DATAFLOW,OECD.SDD.NAD:DSD_NAMAIN1@DF_QNA_EXPENDITURE_CAPITA(1.1),Quarterly GDP per capita,I,Q,Quarterly,Y,Calendar and seasonally adjusted,NLD,Netherlands,S1,Total economy,S1,Total economy,B1GQ_POP,"Gross domestic product, per capita",_Z,Not applicable,_Z,Not applicable,_Z,Not applicable,USD_PPP_PS,"US dollars per person, PPP converted",LR,Chain linked volume (rebased),LA,Annual levels,T0102,Table 0102 - GDP identity from the expenditure side,2025-Q4,,69161,,2020,,,,F,Free (free for publication),1,One,P,Provisional value,0,Units,USD,US dollar
DATAFLOW,OECD.SDD.NAD:DSD_NAMAIN1@DF_QNA_EXPENDITURE_CAPITA(1.1),Quarterly GDP per capita,I,Q,Quarterly,Y,Calendar and seasonally adjusted,NLD,Netherlands,S1,Total economy,S1,Total economy,B1GQ_POP,"Gross domestic product, per capita",_Z,Not applicable,_Z,Not applicable,_Z,Not applicable,USD_PPP_PS,"US dollars per person, PPP converted",LR,Chain linked volume (rebased),LA,Annual levels,T0102,Table 0102 - GDP identity from the expenditure side,2024-Q3,,68264.9,,2020,,,,F,Free (free for publication),1,One,P,Provisional value,0,Units,USD,US dollar
DATAFLOW,OECD.SDD.NAD:DSD_NAMAIN1@DF_QNA_EXPENDITURE_CAPITA(1.1),Quarterly GDP per capita,I,Q,Quarterly,Y,Calendar and seasonally adjusted,NLD,Netherlands,S1,Total economy,S1,Total economy,B1GQ_POP,"Gross domestic product, per capita",_Z,Not applicable,_Z,Not applicable,_Z,Not applicable,USD_PPP_PS,"US dollars per person, PPP converted",LR,Chain linked volume (rebased),LA,Annual levels,T0102,Table 0102 - GDP identity from the expenditure side,2025-Q2,,68795.9,,2020,,,,F,Free (free for publication),1,One,P,Provisional value,0,Units,USD,US dollar
DATAFLOW,OECD.SDD.NAD:DSD_NAMAIN1@DF_QNA_EXPENDITURE_CAPITA(1.1),Quarterly GDP per capita,I,Q,Quarterly,Y,Calendar and seasonally adjusted,NLD,Netherlands,S1,Total economy,S1,Total economy,B1GQ_POP,"Gross domestic product, per capita",_Z,Not applicable,_Z,Not applicable,_Z,Not applicable,USD_PPP_PS,"US dollars per person, PPP converted",LR,Chain linked volume (rebased),LA,Annual levels,T0102,Table 0102 - GDP identity from the expenditure side,2025-Q3,,68943.6,,2020,,,,F,Free (free for publication),1,One,P,Provisional value,0,Units,USD,US dollar
DATAFLOW,OECD.SDD.NAD:DSD_NAMAIN1@DF_QNA_EXPENDITURE_CAPITA(1.1),Quarterly GDP per capita,I,Q,Quarterly,Y,Calendar and seasonally adjusted,NLD,Netherlands,S1,Total economy,S1,Total economy,B1GQ_POP,"Gross domestic product, per capita",_Z,Not applicable,_Z,Not applicable,_Z,Not applicable,USD_PPP_PS,"US dollars per person, PPP converted",LR,Chain linked volume (rebased),LA,Annual levels,T0102,Table 0102 - GDP identity from the expenditure side,2024-Q1,,67361.8,,2020,,,,F,Free (free for publication),1,One,P,Provisional value,0,Units,USD,US dollar
DATAFLOW,OECD.SDD.NAD:DSD_NAMAIN1@DF_QNA_EXPENDITURE_CAPITA(1.1),Quarterly GDP per capita,I,Q,Quarterly,Y,Calendar and seasonally adjusted,NLD,Netherlands,S1,Total economy,S1,Total economy,B1GQ_POP,"Gross domestic product, per capita",_Z,Not applicable,_Z,Not applicable,_Z,Not applicable,USD_PPP_PS,"US dollars per person, PPP converted",LR,Chain linked volume (rebased),LA,Annual levels,T0102,Table 0102 - GDP identity from the expenditure side,2023-Q4,,67341.9,,2020,,,,F,Free (free for publication),1,One,P,Provisional value,0,Units,USD,US dollar
DATAFLOW,OECD.SDD.NAD:DSD_NAMAIN1@DF_QNA_EXPENDITURE_CAPITA(1.1),Quarterly GDP per capita,I,Q,Quarterly,Y,Calendar and seasonally adjusted,NLD,Netherlands,S1,Total economy,S1,Total economy,B1GQ_POP,"Gross domestic product, per capita",_Z,Not applicable,_Z,Not applicable,_Z,Not applicable,USD_PPP_PS,"US dollars per person, PPP converted",LR,Chain linked volume (rebased),LA,Annual levels,T0102,Table 0102 - GDP identity from the expenditure side,2023-Q3,,67374.5,,2020,,,,F,Free (free for publication),1,One,P,Provisional value,0,Units,USD,US dollar
DATAFLOW,OECD.SDD.NAD:DSD_NAMAIN1@DF_QNA_EXPENDITURE_CAPITA(1.1),Quarterly GDP per capita,I,Q,Quarterly,Y,Calendar and seasonally adjusted,NLD,Netherlands,S1,Total economy,S1,Total economy,B1GQ_POP,"Gross domestic product, per capita",_Z,Not applicable,_Z,Not applicable,_Z,Not applicable,USD_PPP_PS,"US dollars per person, PPP converted",V,Current prices,LA,Annual levels,T0102,Table 0102 - GDP identity from the expenditure side,2025-Q3,,88223.7,,,,,,F,Free (free for publication),1,One,P,Provisional value,0,Units,USD,US dollar
DATAFLOW,OECD.SDD.NAD:DSD_NAMAIN1@DF_QNA_EXPENDITURE_CAPITA(1.1),Quarterly GDP per capita,I,Q,Quarterly,Y,Calendar and seasonally adjusted,MEX,Mexico,S1,Total economy,S1,Total economy,B1GQ_POP,"Gross domestic product, per capita",_Z,Not applicable,_Z,Not applicable,_Z,Not applicable,USD_PPP_PS,"US dollars per person, PPP converted",V,Current prices,LA,Annual levels,T0102,Table 0102 - GDP identity from the expenditure side,2025-Q3,,26814.7,,,,,,F,Free (free for publication),1,One,P,Provisional value,0,Units,USD,US dollar
DATAFLOW,OECD.SDD.NAD:DSD_NAMAIN1@DF_QNA_EXPENDITURE_CAPITA(1.1),Quarterly GDP per capita,I,Q,Quarterly,Y,Calendar and seasonally adjusted,MEX,Mexico,S1,Total economy,S1,Total economy,B1GQ_POP,"Gross domestic product, per capita",_Z,Not applicable,_Z,Not applicable,_Z,Not applicable,USD_PPP_PS,"US dollars per person, PPP converted",V,Current prices,LA,Annual levels,T0102,Table 0102 - GDP identity from the expenditure side,2023-Q1,,24698.7,,,,,,F,Free (free for publication),1,One,P,Provisional value,0,Units,USD,US dollar
DATAFLOW,OECD.SDD.NAD:DSD_NAMAIN1@DF_QNA_EXPENDITURE_CAPITA(1.1),Quarterly GDP per capita,I,Q,Quarterly,Y,Calendar and seasonally adjusted,MEX,Mexico,S1,Total economy,S1,Total economy,B1GQ_POP,"Gross domestic product, per capita",_Z,Not applicable,_Z,Not applicable,_Z,Not applicable,USD_PPP_PS,"US dollars per person, PPP converted",V,Current prices,LA,Annual levels,T0102,Table 0102 - GDP identity from the expenditure side,2025-Q2,,26580.9,,,,,,F,Free (free for publication),1,One,P,Provisional value,0,Units,USD,US dollar
DATAFLOW,OECD.SDD.NAD:DSD_NAMAIN1@DF_QNA_EXPENDITURE_CAPITA(1.1),Quarterly GDP per capita,I,Q,Quarterly,Y,Calendar and seasonally adjusted,MEX,Mexico,S1,Total economy,S1,Total economy,B1GQ_POP,"Gross domestic product, per capita",_Z,Not applicable,_Z,Not applicable,_Z,Not applicable,USD_PPP_PS,"US dollars per person, PPP converted",V,Current prices,LA,Annual levels,T0102,Table 0102 - GDP identity from the expenditure side,2025-Q1,,26330.1,,,,,,F,Free (free for publication),1,One,P,Provisional value,0,Units,USD,US dollar
DATAFLOW,OECD.SDD.NAD:DSD_NAMAIN1@DF_QNA_EXPENDITURE_CAPITA(1.1),Quarterly GDP per capita,I,Q,Quarterly,Y,Calendar and seasonally adjusted,MEX,Mexico,S1,Total economy,S1,Total economy,B1GQ_POP,"Gross domestic product, per capita",_Z,Not applicable,_Z,Not applicable,_Z,Not applicable,USD_PPP_PS,"US dollars per person, PPP converted",V,Current prices,LA,Annual levels,T0102,Table 0102 - GDP identity from the expenditure side,2024-Q4,,26021.4,,,,,,F,Free (free for publication),1,One,P,Provisional value,0,Units,USD,US dollar
DATAFLOW,OECD.SDD.NAD:DSD_NAMAIN1@DF_QNA_EXPENDITURE_CAPITA(1.1),Quarterly GDP per capita,I,Q,Quarterly,Y,Calendar and seasonally adjusted,MEX,Mexico,S1,Total economy,S1,Total economy,B1GQ_POP,"Gross domestic product, per capita",_Z,Not applicable,_Z,Not applicable,_Z,Not applicable,USD_PPP_PS,"US dollars per person, PPP converted",V,Current prices,LA,Annual levels,T0102,Table 0102 - GDP identity from the expenditure side,2024-Q3,,26163.3,,,,,,F,Free (free for publication),1,One,P,Provisional value,0,Units,USD,US dollar
DATAFLOW,OECD.SDD.NAD:DSD_NAMAIN1@DF_QNA_EXPENDITURE_CAPITA(1.1),Quarterly GDP per capita,I,Q,Quarterly,Y,Calendar and seasonally adjusted,MEX,Mexico,S1,Total economy,S1,Total economy,B1GQ_POP,"Gross domestic product, per capita",_Z,Not applicable,_Z,Not applicable,_Z,Not applicable,USD_PPP_PS,"US dollars per person, PPP converted",V,Current prices,LA,Annual levels,T0102,Table 0102 - GDP identity from the expenditure side,2024-Q1,,25807.7,,,,,,F,Free (free for publication),1,One,P,Provisional value,0,Units,USD,US dollar
DATAFLOW,OECD.SDD.NAD:DSD_NAMAIN1@DF_QNA_EXPENDITURE_CAPITA(1.1),Quarterly GDP per capita,I,Q,Quarterly,Y,Calendar and seasonally adjusted,MEX,Mexico,S1,Total economy,S1,Total economy,B1GQ_POP,"Gross domestic product, per capita",_Z,Not applicable,_Z,Not applicable,_Z,Not applicable,USD_PPP_PS,"US dollars per person, PPP converted",V,Current prices,LA,Annual levels,T0102,Table 0102 - GDP identity from the expenditure side,2023-Q4,,25657.6,,,,,,F,Free (free for publication),1,One,P,Provisional value,0,Units,USD,US dollar
DATAFLOW,OECD.SDD.NAD:DSD_NAMAIN1@DF_QNA_EXPENDITURE_CAPITA(1.1),Quarterly GDP per capita,I,Q,Quarterly,Y,Calendar and seasonally adjusted,ISL,Iceland,S1,Total economy,S1,Total economy,B1GQ_POP,"Gross domestic product, per capita",_Z,Not applicable,_Z,Not applicable,_Z,Not applicable,USD_PPP_PS,"US dollars per person, PPP converted",V,Current prices,LA,Annual levels,T0102,Table 0102 - GDP identity from the expenditure side,2023-Q1,,83547.1,,,,,,F,Free (free for publication),1,One,P,Provisional value,0,Units,USD,US dollar
DATAFLOW,OECD.SDD.NAD:DSD_NAMAIN1@DF_QNA_EXPENDITURE_CAPITA(1.1),Quarterly GDP per capita,I,Q,Quarterly,Y,Calendar and seasonally adjusted,ISL,Iceland,S1,Total economy,S1,Total economy,B1GQ_POP,"Gross domestic product, per capita",_Z,Not applicable,_Z,Not applicable,_Z,Not applicable,USD_PPP_PS,"US dollars per person, PPP converted",V,Current prices,LA,Annual levels,T0102,Table 0102 - GDP identity from the expenditure side,2025-Q4,,86206.8,,,,,,F,Free (free for publication),1,One,P,Provisional value,0,Units,USD,US dollar
DATAFLOW,OECD.SDD.NAD:DSD_NAMAIN1@DF_QNA_EXPENDITURE_CAPITA(1.1),Quarterly GDP per capita,I,Q,Quarterly,Y,Calendar and seasonally adjusted,ISL,Iceland,S1,Total economy,S1,Total economy,B1GQ_POP,"Gross domestic product, per capita",_Z,Not applicable,_Z,Not applicable,_Z,Not applicable,USD_PPP_PS,"US dollars per person, PPP converted",V,Current prices,LA,Annual levels,T0102,Table 0102 - GDP identity from the expenditure side,2025-Q3,,86311,,,,,,F,Free (free for publication),1,One,P,Provisional value,0,Units,USD,US dollar
DATAFLOW,OECD.SDD.NAD:DSD_NAMAIN1@DF_QNA_EXPENDITURE_CAPITA(1.1),Quarterly GDP per capita,I,Q,Quarterly,Y,Calendar and seasonally adjusted,ISL,Iceland,S1,Total economy,S1,Total economy,B1GQ_POP,"Gross domestic product, per capita",_Z,Not applicable,_Z,Not applicable,_Z,Not applicable,USD_PPP_PS,"US dollars per person, PPP converted",V,Current prices,LA,Annual levels,T0102,Table 0102 - GDP identity from the expenditure side,2025-Q2,,84768.2,,,,,,F,Free (free for publication),1,One,P,Provisional value,0,Units,USD,US dollar
DATAFLOW,OECD.SDD.NAD:DSD_NAMAIN1@DF_QNA_EXPENDITURE_CAPITA(1.1),Quarterly GDP per capita,I,Q,Quarterly,Y,Calendar and seasonally adjusted,ISL,Iceland,S1,Total economy,S1,Total economy,B1GQ_POP,"Gross domestic product, per capita",_Z,Not applicable,_Z,Not applicable,_Z,Not applicable,USD_PPP_PS,"US dollars per person, PPP converted",V,Current prices,LA,Annual levels,T0102,Table 0102 - GDP identity from the expenditure side,2025-Q1,,85601.2,,,,,,F,Free (free for publication),1,One,P,Provisional value,0,Units,USD,US dollar
DATAFLOW,OECD.SDD.NAD:DSD_NAMAIN1@DF_QNA_EXPENDITURE_CAPITA(1.1),Quarterly GDP per capita,I,Q,Quarterly,Y,Calendar and seasonally adjusted,ISL,Iceland,S1,Total economy,S1,Total economy,B1GQ_POP,"Gross domestic product, per capita",_Z,Not applicable,_Z,Not applicable,_Z,Not applicable,USD_PPP_PS,"US dollars per person, PPP converted",V,Current prices,LA,Annual levels,T0102,Table 0102 - GDP identity from the expenditure side,2024-Q4,,82691,,,,,,F,Free (free for publication),1,One,P,Provisional value,0,Units,USD,US dollar
DATAFLOW,OECD.SDD.NAD:DSD_NAMAIN1@DF_QNA_EXPENDITURE_CAPITA(1.1),Quarterly GDP per capita,I,Q,Quarterly,Y,Calendar and seasonally adjusted,ISL,Iceland,S1,Total economy,S1,Total economy,B1GQ_POP,"Gross domestic product, per capita",_Z,Not applicable,_Z,Not applicable,_Z,Not applicable,USD_PPP_PS,"US dollars per person, PPP converted",V,Current prices,LA,Annual levels,T0102,Table 0102 - GDP identity from the expenditure side,2024-Q3,,83917.5,,,,,,F,Free (free for publication),1,One,P,Provisional value,0,Units,USD,US dollar
DATAFLOW,OECD.SDD.NAD:DSD_NAMAIN1@DF_QNA_EXPENDITURE_CAPITA(1.1),Quarterly GDP per capita,I,Q,Quarterly,Y,Calendar and seasonally adjusted,ISL,Iceland,S1,Total economy,S1,Total economy,B1GQ_POP,"Gross domestic product, per capita",_Z,Not applicable,_Z,Not applicable,_Z,Not applicable,USD_PPP_PS,"US dollars per person, PPP converted",V,Current prices,LA,Annual levels,T0102,Table 0102 - GDP identity from the expenditure side,2024-Q2,,84332.1,,,,,,F,Free (free for publication),1,One,P,Provisional value,0,Units,USD,US dollar
DATAFLOW,OECD.SDD.NAD:DSD_NAMAIN1@DF_QNA_EXPENDITURE_CAPITA(1.1),Quarterly GDP per capita,I,Q,Quarterly,Y,Calendar and seasonally adjusted,ISL,Iceland,S1,Total economy,S1,Total economy,B1GQ_POP,"Gross domestic product, per capita",_Z,Not applicable,_Z,Not applicable,_Z,Not applicable,USD_PPP_PS,"US dollars per person, PPP converted",V,Current prices,LA,Annual levels,T0102,Table 0102 - GDP identity from the expenditure side,2024-Q1,,82486.1,,,,,,F,Free (free for publication),1,One,P,Provisional value,0,Units,USD,US dollar
DATAFLOW,OECD.SDD.NAD:DSD_NAMAIN1@DF_QNA_EXPENDITURE_CAPITA(1.1),Quarterly GDP per capita,I,Q,Quarterly,Y,Calendar and seasonally adjusted,ISL,Iceland,S1,Total economy,S1,Total economy,B1GQ_POP,"Gross domestic product, per capita",_Z,Not applicable,_Z,Not applicable,_Z,Not applicable,USD_PPP_PS,"US dollars per person, PPP converted",V,Current prices,LA,Annual levels,T0102,Table 0102 - GDP identity from the expenditure side,2023-Q4,,82711.5,,,,,,F,Free (free for publication),1,One,P,Provisional value,0,Units,USD,US dollar
DATAFLOW,OECD.SDD.NAD:DSD_NAMAIN1@DF_QNA_EXPENDITURE_CAPITA(1.1),Quarterly GDP per capita,I,Q,Quarterly,Y,Calendar and seasonally adjusted,ISL,Iceland,S1,Total economy,S1,Total economy,B1GQ_POP,"Gross domestic product, per capita",_Z,Not applicable,_Z,Not applicable,_Z,Not applicable,USD_PPP_PS,"US dollars per person, PPP converted",LR,Chain linked volume (rebased),LA,Annual levels,T0102,Table 0102 - GDP identity from the expenditure side,2025-Q1,,64388.6,,2020,,,,F,Free (free for publication),1,One,P,Provisional value,0,Units,USD,US dollar
DATAFLOW,OECD.SDD.NAD:DSD_NAMAIN1@DF_QNA_EXPENDITURE_CAPITA(1.1),Quarterly GDP per capita,I,Q,Quarterly,Y,Calendar and seasonally adjusted,ISL,Iceland,S1,Total economy,S1,Total economy,B1GQ_POP,"Gross domestic product, per capita",_Z,Not applicable,_Z,Not applicable,_Z,Not applicable,USD_PPP_PS,"US dollars per person, PPP converted",LR,Chain linked volume (rebased),LA,Annual levels,T0102,Table 0102 - GDP identity from the expenditure side,2024-Q4,,62573.8,,2020,,,,F,Free (free for publication),1,One,P,Provisional value,0,Units,USD,US dollar
DATAFLOW,OECD.SDD.NAD:DSD_NAMAIN1@DF_QNA_EXPENDITURE_CAPITA(1.1),Quarterly GDP per capita,I,Q,Quarterly,Y,Calendar and seasonally adjusted,ISL,Iceland,S1,Total economy,S1,Total economy,B1GQ_POP,"Gross domestic product, per capita",_Z,Not applicable,_Z,Not applicable,_Z,Not applicable,USD_PPP_PS,"US dollars per person, PPP converted",LR,Chain linked volume (rebased),LA,Annual levels,T0102,Table 0102 - GDP identity from the expenditure side,2024-Q3,,64058.1,,2020,,,,F,Free (free for publication),1,One,P,Provisional value,0,Units,USD,US dollar
DATAFLOW,OECD.SDD.NAD:DSD_NAMAIN1@DF_QNA_EXPENDITURE_CAPITA(1.1),Quarterly GDP per capita,I,Q,Quarterly,Y,Calendar and seasonally adjusted,ISL,Iceland,S1,Total economy,S1,Total economy,B1GQ_POP,"Gross domestic product, per capita",_Z,Not applicable,_Z,Not applicable,_Z,Not applicable,USD_PPP_PS,"US dollars per person, PPP converted",LR,Chain linked volume (rebased),LA,Annual levels,T0102,Table 0102 - GDP identity from the expenditure side,2024-Q2,,64783,,2020,,,,F,Free (free for publication),1,One,P,Provisional value,0,Units,USD,US dollar
DATAFLOW,OECD.SDD.NAD:DSD_NAMAIN1@DF_QNA_EXPENDITURE_CAPITA(1.1),Quarterly GDP per capita,I,Q,Quarterly,Y,Calendar and seasonally adjusted,ISL,Iceland,S1,Total economy,S1,Total economy,B1GQ_POP,"Gross domestic product, per capita",_Z,Not applicable,_Z,Not applicable,_Z,Not applicable,USD_PPP_PS,"US dollars per person, PPP converted",LR,Chain linked volume (rebased),LA,Annual levels,T0102,Table 0102 - GDP identity from the expenditure side,2024-Q1,,63870.7,,2020,,,,F,Free (free for publication),1,One,P,Provisional value,0,Units,USD,US dollar
DATAFLOW,OECD.SDD.NAD:DSD_NAMAIN1@DF_QNA_EXPENDITURE_CAPITA(1.1),Quarterly GDP per capita,I,Q,Quarterly,Y,Calendar and seasonally adjusted,ISL,Iceland,S1,Total economy,S1,Total economy,B1GQ_POP,"Gross domestic product, per capita",_Z,Not applicable,_Z,Not applicable,_Z,Not applicable,USD_PPP_PS,"US dollars per person, PPP converted",LR,Chain linked volume (rebased),LA,Annual levels,T0102,Table 0102 - GDP identity from the expenditure side,2023-Q4,,64843.5,,2020,,,,F,Free (free for publication),1,One,P,Provisional value,0,Units,USD,US dollar
DATAFLOW,OECD.SDD.NAD:DSD_NAMAIN1@DF_QNA_EXPENDITURE_CAPITA(1.1),Quarterly GDP per capita,I,Q,Quarterly,Y,Calendar and seasonally adjusted,ISL,Iceland,S1,Total economy,S1,Total economy,B1GQ_POP,"Gross domestic product, per capita",_Z,Not applicable,_Z,Not applicable,_Z,Not applicable,USD_PPP_PS,"US dollars per person, PPP converted",LR,Chain linked volume (rebased),LA,Annual levels,T0102,Table 0102 - GDP identity from the expenditure side,2023-Q3,,64683.6,,2020,,,,F,Free (free for publication),1,One,P,Provisional value,0,Units,USD,US dollar
DATAFLOW,OECD.SDD.NAD:DSD_NAMAIN1@DF_QNA_EXPENDITURE_CAPITA(1.1),Quarterly GDP per capita,I,Q,Quarterly,Y,Calendar and seasonally adjusted,LUX,Luxembourg,S1,Total economy,S1,Total economy,B1GQ_POP,"Gross domestic product, per capita",_Z,Not applicable,_Z,Not applicable,_Z,Not applicable,USD_PPP_PS,"US dollars per person, PPP converted",V,Current prices,LA,Annual levels,T0102,Table 0102 - GDP identity from the expenditure side,2025-Q1,,156031.3,,,,,,F,Free (free for publication),1,One,P,Provisional value,0,Units,USD,US dollar
DATAFLOW,OECD.SDD.NAD:DSD_NAMAIN1@DF_QNA_EXPENDITURE_CAPITA(1.1),Quarterly GDP per capita,I,Q,Quarterly,Y,Calendar and seasonally adjusted,LUX,Luxembourg,S1,Total economy,S1,Total economy,B1GQ_POP,"Gross domestic product, per capita",_Z,Not applicable,_Z,Not applicable,_Z,Not applicable,USD_PPP_PS,"US dollars per person, PPP converted",LR,Chain linked volume (rebased),LA,Annual levels,T0102,Table 0102 - GDP identity from the expenditure side,2025-Q4,,119951.6,,2020,,,,F,Free (free for publication),1,One,P,Provisional value,0,Units,USD,US dollar
DATAFLOW,OECD.SDD.NAD:DSD_NAMAIN1@DF_QNA_EXPENDITURE_CAPITA(1.1),Quarterly GDP per capita,I,Q,Quarterly,Y,Calendar and seasonally adjusted,LUX,Luxembourg,S1,Total economy,S1,Total economy,B1GQ_POP,"Gross domestic product, per capita",_Z,Not applicable,_Z,Not applicable,_Z,Not applicable,USD_PPP_PS,"US dollars per person, PPP converted",LR,Chain linked volume (rebased),LA,Annual levels,T0102,Table 0102 - GDP identity from the expenditure side,2025-Q3,,120448.7,,2020,,,,F,Free (free for publication),1,One,P,Provisional value,0,Units,USD,US dollar
DATAFLOW,OECD.SDD.NAD:DSD_NAMAIN1@DF_QNA_EXPENDITURE_CAPITA(1.1),Quarterly GDP per capita,I,Q,Quarterly,Y,Calendar and seasonally adjusted,LUX,Luxembourg,S1,Total economy,S1,Total economy,B1GQ_POP,"Gross domestic product, per capita",_Z,Not applicable,_Z,Not applicable,_Z,Not applicable,USD_PPP_PS,"US dollars per person, PPP converted",V,Current prices,LA,Annual levels,T0102,Table 0102 - GDP identity from the expenditure side,2025-Q4,,158396.6,,,,,,F,Free (free for publication),1,One,P,Provisional value,0,Units,USD,US dollar
DATAFLOW,OECD.SDD.NAD:DSD_NAMAIN1@DF_QNA_EXPENDITURE_CAPITA(1.1),Quarterly GDP per capita,I,Q,Quarterly,Y,Calendar and seasonally adjusted,JPN,Japan,S1,Total economy,S1,Total economy,B1GQ_POP,"Gross domestic product, per capita",_Z,Not applicable,_Z,Not applicable,_Z,Not applicable,USD_PPP_PS,"US dollars per person, PPP converted",LR,Chain linked volume (rebased),LA,Annual levels,T0102,Table 0102 - GDP identity from the expenditure side,2024-Q3,,46992.6,,2020,,,,F,Free (free for publication),1,One,P,Provisional value,0,Units,USD,US dollar
DATAFLOW,OECD.SDD.NAD:DSD_NAMAIN1@DF_QNA_EXPENDITURE_CAPITA(1.1),Quarterly GDP per capita,I,Q,Quarterly,Y,Calendar and seasonally adjusted,JPN,Japan,S1,Total economy,S1,Total economy,B1GQ_POP,"Gross domestic product, per capita",_Z,Not applicable,_Z,Not applicable,_Z,Not applicable,USD_PPP_PS,"US dollars per person, PPP converted",LR,Chain linked volume (rebased),LA,Annual levels,T0102,Table 0102 - GDP identity from the expenditure side,2025-Q2,,47691.2,,2020,,,,F,Free (free for publication),1,One,P,Provisional value,0,Units,USD,US dollar
DATAFLOW,OECD.SDD.NAD:DSD_NAMAIN1@DF_QNA_EXPENDITURE_CAPITA(1.1),Quarterly GDP per capita,I,Q,Quarterly,Y,Calendar and seasonally adjusted,JPN,Japan,S1,Total economy,S1,Total economy,B1GQ_POP,"Gross domestic product, per capita",_Z,Not applicable,_Z,Not applicable,_Z,Not applicable,USD_PPP_PS,"US dollars per person, PPP converted",LR,Chain linked volume (rebased),LA,Annual levels,T0102,Table 0102 - GDP identity from the expenditure side,2025-Q1,,47551,,2020,,,,F,Free (free for publication),1,One,P,Provisional value,0,Units,USD,US dollar
DATAFLOW,OECD.SDD.NAD:DSD_NAMAIN1@DF_QNA_EXPENDITURE_CAPITA(1.1),Quarterly GDP per capita,I,Q,Quarterly,Y,Calendar and seasonally adjusted,OECDE,OECD Europe,S1,Total economy,S1,Total economy,B1GQ_POP,"Gross domestic product, per capita",_Z,Not applicable,_Z,Not applicable,_Z,Not applicable,USD_PPP_PS,"US dollars per person, PPP converted",LR,Chain linked volume (rebased),LA,Annual levels,T0102,Table 0102 - GDP identity from the expenditure side,2025-Q2,,52489.3,,2020,,,,F,Free (free for publication),1,One,A,Normal value,0,Units,USD,US dollar
DATAFLOW,OECD.SDD.NAD:DSD_NAMAIN1@DF_QNA_EXPENDITURE_CAPITA(1.1),Quarterly GDP per capita,I,Q,Quarterly,Y,Calendar and seasonally adjusted,OECDE,OECD Europe,S1,Total economy,S1,Total economy,B1GQ_POP,"Gross domestic product, per capita",_Z,Not applicable,_Z,Not applicable,_Z,Not applicable,USD_PPP_PS,"US dollars per person, PPP converted",LR,Chain linked volume (rebased),LA,Annual levels,T0102,Table 0102 - GDP identity from the expenditure side,2025-Q1,,52342.8,,2020,,,,F,Free (free for publication),1,One,A,Normal value,0,Units,USD,US dollar
DATAFLOW,OECD.SDD.NAD:DSD_NAMAIN1@DF_QNA_EXPENDITURE_CAPITA(1.1),Quarterly GDP per capita,I,Q,Quarterly,Y,Calendar and seasonally adjusted,OECDE,OECD Europe,S1,Total economy,S1,Total economy,B1GQ_POP,"Gross domestic product, per capita",_Z,Not applicable,_Z,Not applicable,_Z,Not applicable,USD_PPP_PS,"US dollars per person, PPP converted",LR,Chain linked volume (rebased),LA,Annual levels,T0102,Table 0102 - GDP identity from the expenditure side,2024-Q4,,52072.9,,2020,,,,F,Free (free for publication),1,One,A,Normal value,0,Units,USD,US dollar
DATAFLOW,OECD.SDD.NAD:DSD_NAMAIN1@DF_QNA_EXPENDITURE_CAPITA(1.1),Quarterly GDP per capita,I,Q,Quarterly,Y,Calendar and seasonally adjusted,OECDE,OECD Europe,S1,Total economy,S1,Total economy,B1GQ_POP,"Gross domestic product, per capita",_Z,Not applicable,_Z,Not applicable,_Z,Not applicable,USD_PPP_PS,"US dollars per person, PPP converted",LR,Chain linked volume (rebased),LA,Annual levels,T0102,Table 0102 - GDP identity from the expenditure side,2024-Q3,,51838.1,,2020,,,,F,Free (free for publication),1,One,A,Normal value,0,Units,USD,US dollar
DATAFLOW,OECD.SDD.NAD:DSD_NAMAIN1@DF_QNA_EXPENDITURE_CAPITA(1.1),Quarterly GDP per capita,I,Q,Quarterly,Y,Calendar and seasonally adjusted,KOR,Korea,S1,Total economy,S1,Total economy,B1GQ_POP,"Gross domestic product, per capita",_Z,Not applicable,_Z,Not applicable,_Z,Not applicable,USD_PPP_PS,"US dollars per person, PPP converted",V,Current prices,LA,Annual levels,T0102,Table 0102 - GDP identity from the expenditure side,2025-Q3,,64649.1,,,,,,F,Free (free for publication),1,One,E,Estimated value,0,Units,USD,US dollar
DATAFLOW,OECD.SDD.NAD:DSD_NAMAIN1@DF_QNA_EXPENDITURE_CAPITA(1.1),Quarterly GDP per capita,I,Q,Quarterly,Y,Calendar and seasonally adjusted,KOR,Korea,S1,Total economy,S1,Total economy,B1GQ_POP,"Gross domestic product, per capita",_Z,Not applicable,_Z,Not applicable,_Z,Not applicable,USD_PPP_PS,"US dollars per person, PPP converted",LR,Chain linked volume (rebased),LA,Annual levels,T0102,Table 0102 - GDP identity from the expenditure side,2024-Q4,,53714.9,,2020,,,,F,Free (free for publication),1,One,E,Estimated value,0,Units,USD,US dollar
DATAFLOW,OECD.SDD.NAD:DSD_NAMAIN1@DF_QNA_EXPENDITURE_CAPITA(1.1),Quarterly GDP per capita,I,Q,Quarterly,Y,Calendar and seasonally adjusted,KOR,Korea,S1,Total economy,S1,Total economy,B1GQ_POP,"Gross domestic product, per capita",_Z,Not applicable,_Z,Not applicable,_Z,Not applicable,USD_PPP_PS,"US dollars per person, PPP converted",LR,Chain linked volume (rebased),LA,Annual levels,T0102,Table 0102 - GDP identity from the expenditure side,2024-Q3,,53554.3,,2020,,,,F,Free (free for publication),1,One,E,Estimated value,0,Units,USD,US dollar
DATAFLOW,OECD.SDD.NAD:DSD_NAMAIN1@DF_QNA_EXPENDITURE_CAPITA(1.1),Quarterly GDP per capita,I,Q,Quarterly,Y,Calendar and seasonally adjusted,KOR,Korea,S1,Total economy,S1,Total economy,B1GQ_POP,"Gross domestic product, per capita",_Z,Not applicable,_Z,Not applicable,_Z,Not applicable,USD_PPP_PS,"US dollars per person, PPP converted",LR,Chain linked volume (rebased),LA,Annual levels,T0102,Table 0102 - GDP identity from the expenditure side,2024-Q2,,53508.2,,2020,,,,F,Free (free for publication),1,One,E,Estimated value,0,Units,USD,US dollar
DATAFLOW,OECD.SDD.NAD:DSD_NAMAIN1@DF_QNA_EXPENDITURE_CAPITA(1.1),Quarterly GDP per capita,I,Q,Quarterly,Y,Calendar and seasonally adjusted,KOR,Korea,S1,Total economy,S1,Total economy,B1GQ_POP,"Gross domestic product, per capita",_Z,Not applicable,_Z,Not applicable,_Z,Not applicable,USD_PPP_PS,"US dollars per person, PPP converted",V,Current prices,LA,Annual levels,T0102,Table 0102 - GDP identity from the expenditure side,2023-Q1,,56315.4,,,,,,F,Free (free for publication),1,One,E,Estimated value,0,Units,USD,US dollar
DATAFLOW,OECD.SDD.NAD:DSD_NAMAIN1@DF_QNA_EXPENDITURE_CAPITA(1.1),Quarterly GDP per capita,I,Q,Quarterly,Y,Calendar and seasonally adjusted,KOR,Korea,S1,Total economy,S1,Total economy,B1GQ_POP,"Gross domestic product, per capita",_Z,Not applicable,_Z,Not applicable,_Z,Not applicable,USD_PPP_PS,"US dollars per person, PPP converted",V,Current prices,LA,Annual levels,T0102,Table 0102 - GDP identity from the expenditure side,2024-Q4,,61844.6,,,,,,F,Free (free for publication),1,One,E,Estimated value,0,Units,USD,US dollar
DATAFLOW,OECD.SDD.NAD:DSD_NAMAIN1@DF_QNA_EXPENDITURE_CAPITA(1.1),Quarterly GDP per capita,I,Q,Quarterly,Y,Calendar and seasonally adjusted,KOR,Korea,S1,Total economy,S1,Total economy,B1GQ_POP,"Gross domestic product, per capita",_Z,Not applicable,_Z,Not applicable,_Z,Not applicable,USD_PPP_PS,"US dollars per person, PPP converted",V,Current prices,LA,Annual levels,T0102,Table 0102 - GDP identity from the expenditure side,2024-Q3,,61628.9,,,,,,F,Free (free for publication),1,One,E,Estimated value,0,Units,USD,US dollar
DATAFLOW,OECD.SDD.NAD:DSD_NAMAIN1@DF_QNA_EXPENDITURE_CAPITA(1.1),Quarterly GDP per capita,I,Q,Quarterly,Y,Calendar and seasonally adjusted,KOR,Korea,S1,Total economy,S1,Total economy,B1GQ_POP,"Gross domestic product, per capita",_Z,Not applicable,_Z,Not applicable,_Z,Not applicable,USD_PPP_PS,"US dollars per person, PPP converted",V,Current prices,LA,Annual levels,T0102,Table 0102 - GDP identity from the expenditure side,2024-Q2,,60971.4,,,,,,F,Free (free for publication),1,One,E,Estimated value,0,Units,USD,US dollar
DATAFLOW,OECD.SDD.NAD:DSD_NAMAIN1@DF_QNA_EXPENDITURE_CAPITA(1.1),Quarterly GDP per capita,I,Q,Quarterly,Y,Calendar and seasonally adjusted,KOR,Korea,S1,Total economy,S1,Total economy,B1GQ_POP,"Gross domestic product, per capita",_Z,Not applicable,_Z,Not applicable,_Z,Not applicable,USD_PPP_PS,"US dollars per person, PPP converted",V,Current prices,LA,Annual levels,T0102,Table 0102 - GDP identity from the expenditure side,2024-Q1,,60467.9,,,,,,F,Free (free for publication),1,One,E,Estimated value,0,Units,USD,US dollar
DATAFLOW,OECD.SDD.NAD:DSD_NAMAIN1@DF_QNA_EXPENDITURE_CAPITA(1.1),Quarterly GDP per capita,I,Q,Quarterly,Y,Calendar and seasonally adjusted,KOR,Korea,S1,Total economy,S1,Total economy,B1GQ_POP,"Gross domestic product, per capita",_Z,Not applicable,_Z,Not applicable,_Z,Not applicable,USD_PPP_PS,"US dollars per person, PPP converted",V,Current prices,LA,Annual levels,T0102,Table 0102 - GDP identity from the expenditure side,2023-Q4,,58622.9,,,,,,F,Free (free for publication),1,One,E,Estimated value,0,Units,USD,US dollar
DATAFLOW,OECD.SDD.NAD:DSD_NAMAIN1@DF_QNA_EXPENDITURE_CAPITA(1.1),Quarterly GDP per capita,I,Q,Quarterly,Y,Calendar and seasonally adjusted,KOR,Korea,S1,Total economy,S1,Total economy,B1GQ_POP,"Gross domestic product, per capita",_Z,Not applicable,_Z,Not applicable,_Z,Not applicable,USD_PPP_PS,"US dollars per person, PPP converted",V,Current prices,LA,Annual levels,T0102,Table 0102 - GDP identity from the expenditure side,2023-Q3,,57893.5,,,,,,F,Free (free for publication),1,One,E,Estimated value,0,Units,USD,US dollar
DATAFLOW,OECD.SDD.NAD:DSD_NAMAIN1@DF_QNA_EXPENDITURE_CAPITA(1.1),Quarterly GDP per capita,I,Q,Quarterly,Y,Calendar and seasonally adjusted,KOR,Korea,S1,Total economy,S1,Total economy,B1GQ_POP,"Gross domestic product, per capita",_Z,Not applicable,_Z,Not applicable,_Z,Not applicable,USD_PPP_PS,"US dollars per person, PPP converted",V,Current prices,LA,Annual levels,T0102,Table 0102 - GDP identity from the expenditure side,2023-Q2,,56772.1,,,,,,F,Free (free for publication),1,One,E,Estimated value,0,Units,USD,US dollar
DATAFLOW,OECD.SDD.NAD:DSD_NAMAIN1@DF_QNA_EXPENDITURE_CAPITA(1.1),Quarterly GDP per capita,I,Q,Quarterly,Y,Calendar and seasonally adjusted,KOR,Korea,S1,Total economy,S1,Total economy,B1GQ_POP,"Gross domestic product, per capita",_Z,Not applicable,_Z,Not applicable,_Z,Not applicable,USD_PPP_PS,"US dollars per person, PPP converted",LR,Chain linked volume (rebased),LA,Annual levels,T0102,Table 0102 - GDP identity from the expenditure side,2025-Q2,,54049,,2020,,,,F,Free (free for publication),1,One,E,Estimated value,0,Units,USD,US dollar
DATAFLOW,OECD.SDD.NAD:DSD_NAMAIN1@DF_QNA_EXPENDITURE_CAPITA(1.1),Quarterly GDP per capita,I,Q,Quarterly,Y,Calendar and seasonally adjusted,KOR,Korea,S1,Total economy,S1,Total economy,B1GQ_POP,"Gross domestic product, per capita",_Z,Not applicable,_Z,Not applicable,_Z,Not applicable,USD_PPP_PS,"US dollars per person, PPP converted",LR,Chain linked volume (rebased),LA,Annual levels,T0102,Table 0102 - GDP identity from the expenditure side,2024-Q1,,53580.6,,2020,,,,F,Free (free for publication),1,One,E,Estimated value,0,Units,USD,US dollar
DATAFLOW,OECD.SDD.NAD:DSD_NAMAIN1@DF_QNA_EXPENDITURE_CAPITA(1.1),Quarterly GDP per capita,I,Q,Quarterly,Y,Calendar and seasonally adjusted,KOR,Korea,S1,Total economy,S1,Total economy,B1GQ_POP,"Gross domestic product, per capita",_Z,Not applicable,_Z,Not applicable,_Z,Not applicable,USD_PPP_PS,"US dollars per person, PPP converted",LR,Chain linked volume (rebased),LA,Annual levels,T0102,Table 0102 - GDP identity from the expenditure side,2023-Q4,,53067.6,,2020,,,,F,Free (free for publication),1,One,E,Estimated value,0,Units,USD,US dollar
DATAFLOW,OECD.SDD.NAD:DSD_NAMAIN1@DF_QNA_EXPENDITURE_CAPITA(1.1),Quarterly GDP per capita,I,Q,Quarterly,Y,Calendar and seasonally adjusted,KOR,Korea,S1,Total economy,S1,Total economy,B1GQ_POP,"Gross domestic product, per capita",_Z,Not applicable,_Z,Not applicable,_Z,Not applicable,USD_PPP_PS,"US dollars per person, PPP converted",LR,Chain linked volume (rebased),LA,Annual levels,T0102,Table 0102 - GDP identity from the expenditure side,2023-Q3,,52716.8,,2020,,,,F,Free (free for publication),1,One,E,Estimated value,0,Units,USD,US dollar
DATAFLOW,OECD.SDD.NAD:DSD_NAMAIN1@DF_QNA_EXPENDITURE_CAPITA(1.1),Quarterly GDP per capita,I,Q,Quarterly,Y,Calendar and seasonally adjusted,KOR,Korea,S1,Total economy,S1,Total economy,B1GQ_POP,"Gross domestic product, per capita",_Z,Not applicable,_Z,Not applicable,_Z,Not applicable,USD_PPP_PS,"US dollars per person, PPP converted",LR,Chain linked volume (rebased),LA,Annual levels,T0102,Table 0102 - GDP identity from the expenditure side,2023-Q2,,52236.6,,2020,,,,F,Free (free for publication),1,One,E,Estimated value,0,Units,USD,US dollar
DATAFLOW,OECD.SDD.NAD:DSD_NAMAIN1@DF_QNA_EXPENDITURE_CAPITA(1.1),Quarterly GDP per capita,I,Q,Quarterly,Y,Calendar and seasonally adjusted,KOR,Korea,S1,Total economy,S1,Total economy,B1GQ_POP,"Gross domestic product, per capita",_Z,Not applicable,_Z,Not applicable,_Z,Not applicable,USD_PPP_PS,"US dollars per person, PPP converted",LR,Chain linked volume (rebased),LA,Annual levels,T0102,Table 0102 - GDP identity from the expenditure side,2023-Q1,,51889.9,,2020,,,,F,Free (free for publication),1,One,E,Estimated value,0,Units,USD,US dollar
DATAFLOW,OECD.SDD.NAD:DSD_NAMAIN1@DF_QNA_EXPENDITURE_CAPITA(1.1),Quarterly GDP per capita,I,Q,Quarterly,Y,Calendar and seasonally adjusted,KOR,Korea,S1,Total economy,S1,Total economy,B1GQ_POP,"Gross domestic product, per capita",_Z,Not applicable,_Z,Not applicable,_Z,Not applicable,USD_PPP_PS,"US dollars per person, PPP converted",LR,Chain linked volume (rebased),LA,Annual levels,T0102,Table 0102 - GDP identity from the expenditure side,2025-Q4,,54712.9,,2020,,,,F,Free (free for publication),1,One,E,Estimated value,0,Units,USD,US dollar
DATAFLOW,OECD.SDD.NAD:DSD_NAMAIN1@DF_QNA_EXPENDITURE_CAPITA(1.1),Quarterly GDP per capita,I,Q,Quarterly,Y,Calendar and seasonally adjusted,KOR,Korea,S1,Total economy,S1,Total economy,B1GQ_POP,"Gross domestic product, per capita",_Z,Not applicable,_Z,Not applicable,_Z,Not applicable,USD_PPP_PS,"US dollars per person, PPP converted",V,Current prices,LA,Annual levels,T0102,Table 0102 - GDP identity from the expenditure side,2025-Q2,,63063.5,,,,,,F,Free (free for publication),1,One,E,Estimated value,0,Units,USD,US dollar
DATAFLOW,OECD.SDD.NAD:DSD_NAMAIN1@DF_QNA_EXPENDITURE_CAPITA(1.1),Quarterly GDP per capita,I,Q,Quarterly,Y,Calendar and seasonally adjusted,KOR,Korea,S1,Total economy,S1,Total economy,B1GQ_POP,"Gross domestic product, per capita",_Z,Not applicable,_Z,Not applicable,_Z,Not applicable,USD_PPP_PS,"US dollars per person, PPP converted",V,Current prices,LA,Annual levels,T0102,Table 0102 - GDP identity from the expenditure side,2025-Q1,,62637.7,,,,,,F,Free (free for publication),1,One,E,Estimated value,0,Units,USD,US dollar
DATAFLOW,OECD.SDD.NAD:DSD_NAMAIN1@DF_QNA_EXPENDITURE_CAPITA(1.1),Quarterly GDP per capita,I,Q,Quarterly,Y,Calendar and seasonally adjusted,KOR,Korea,S1,Total economy,S1,Total economy,B1GQ_POP,"Gross domestic product, per capita",_Z,Not applicable,_Z,Not applicable,_Z,Not applicable,USD_PPP_PS,"US dollars per person, PPP converted",LR,Chain linked volume (rebased),LA,Annual levels,T0102,Table 0102 - GDP identity from the expenditure side,2025-Q1,,53665.2,,2020,,,,F,Free (free for publication),1,One,E,Estimated value,0,Units,USD,US dollar
DATAFLOW,OECD.SDD.NAD:DSD_NAMAIN1@DF_QNA_EXPENDITURE_CAPITA(1.1),Quarterly GDP per capita,I,Q,Quarterly,Y,Calendar and seasonally adjusted,KOR,Korea,S1,Total economy,S1,Total economy,B1GQ_POP,"Gross domestic product, per capita",_Z,Not applicable,_Z,Not applicable,_Z,Not applicable,USD_PPP_PS,"US dollars per person, PPP converted",LR,Chain linked volume (rebased),LA,Annual levels,T0102,Table 0102 - GDP identity from the expenditure side,2025-Q3,,54796.4,,2020,,,,F,Free (free for publication),1,One,E,Estimated value,0,Units,USD,US dollar
DATAFLOW,OECD.SDD.NAD:DSD_NAMAIN1@DF_QNA_EXPENDITURE_CAPITA(1.1),Quarterly GDP per capita,I,Q,Quarterly,Y,Calendar and seasonally adjusted,HRV,Croatia,S1,Total economy,S1,Total economy,B1GQ_POP,"Gross domestic product, per capita",_Z,Not applicable,_Z,Not applicable,_Z,Not applicable,USD_PPP_PS,"US dollars per person, PPP converted",V,Current prices,LA,Annual levels,T0102,Table 0102 - GDP identity from the expenditure side,2024-Q1,,49236.509955947,,,,,,F,Free (free for publication),1,One,P,Provisional value,0,Units,USD,US dollar
DATAFLOW,OECD.SDD.NAD:DSD_NAMAIN1@DF_QNA_EXPENDITURE_CAPITA(1.1),Quarterly GDP per capita,I,Q,Quarterly,Y,Calendar and seasonally adjusted,HRV,Croatia,S1,Total economy,S1,Total economy,B1GQ_POP,"Gross domestic product, per capita",_Z,Not applicable,_Z,Not applicable,_Z,Not applicable,USD_PPP_PS,"US dollars per person, PPP converted",LR,Chain linked volume (rebased),LA,Annual levels,T0102,Table 0102 - GDP identity from the expenditure side,2024-Q4,,39625.260218661,,2020,,,,F,Free (free for publication),1,One,P,Provisional value,0,Units,USD,US dollar
DATAFLOW,OECD.SDD.NAD:DSD_NAMAIN1@DF_QNA_EXPENDITURE_CAPITA(1.1),Quarterly GDP per capita,I,Q,Quarterly,Y,Calendar and seasonally adjusted,HRV,Croatia,S1,Total economy,S1,Total economy,B1GQ_POP,"Gross domestic product, per capita",_Z,Not applicable,_Z,Not applicable,_Z,Not applicable,USD_PPP_PS,"US dollars per person, PPP converted",LR,Chain linked volume (rebased),LA,Annual levels,T0102,Table 0102 - GDP identity from the expenditure side,2024-Q3,,39388.391564438,,2020,,,,F,Free (free for publication),1,One,P,Provisional value,0,Units,USD,US dollar
DATAFLOW,OECD.SDD.NAD:DSD_NAMAIN1@DF_QNA_EXPENDITURE_CAPITA(1.1),Quarterly GDP per capita,I,Q,Quarterly,Y,Calendar and seasonally adjusted,HRV,Croatia,S1,Total economy,S1,Total economy,B1GQ_POP,"Gross domestic product, per capita",_Z,Not applicable,_Z,Not applicable,_Z,Not applicable,USD_PPP_PS,"US dollars per person, PPP converted",LR,Chain linked volume (rebased),LA,Annual levels,T0102,Table 0102 - GDP identity from the expenditure side,2024-Q2,,38998.220613159,,2020,,,,F,Free (free for publication),1,One,P,Provisional value,0,Units,USD,US dollar
DATAFLOW,OECD.SDD.NAD:DSD_NAMAIN1@DF_QNA_EXPENDITURE_CAPITA(1.1),Quarterly GDP per capita,I,Q,Quarterly,Y,Calendar and seasonally adjusted,HRV,Croatia,S1,Total economy,S1,Total economy,B1GQ_POP,"Gross domestic product, per capita",_Z,Not applicable,_Z,Not applicable,_Z,Not applicable,USD_PPP_PS,"US dollars per person, PPP converted",LR,Chain linked volume (rebased),LA,Annual levels,T0102,Table 0102 - GDP identity from the expenditure side,2025-Q1,,39981.583606851,,2020,,,,F,Free (free for publication),1,One,P,Provisional value,0,Units,USD,US dollar
DATAFLOW,OECD.SDD.NAD:DSD_NAMAIN1@DF_QNA_EXPENDITURE_CAPITA(1.1),Quarterly GDP per capita,I,Q,Quarterly,Y,Calendar and seasonally adjusted,HRV,Croatia,S1,Total economy,S1,Total economy,B1GQ_POP,"Gross domestic product, per capita",_Z,Not applicable,_Z,Not applicable,_Z,Not applicable,USD_PPP_PS,"US dollars per person, PPP converted",V,Current prices,LA,Annual levels,T0102,Table 0102 - GDP identity from the expenditure side,2025-Q3,,51460.102245578,,,,,,F,Free (free for publication),1,One,P,Provisional value,0,Units,USD,US dollar
DATAFLOW,OECD.SDD.NAD:DSD_NAMAIN1@DF_QNA_EXPENDITURE_CAPITA(1.1),Quarterly GDP per capita,I,Q,Quarterly,Y,Calendar and seasonally adjusted,HRV,Croatia,S1,Total economy,S1,Total economy,B1GQ_POP,"Gross domestic product, per capita",_Z,Not applicable,_Z,Not applicable,_Z,Not applicable,USD_PPP_PS,"US dollars per person, PPP converted",V,Current prices,LA,Annual levels,T0102,Table 0102 - GDP identity from the expenditure side,2025-Q2,,50845.98642205,,,,,,F,Free (free for publication),1,One,P,Provisional value,0,Units,USD,US dollar
DATAFLOW,OECD.SDD.NAD:DSD_NAMAIN1@DF_QNA_EXPENDITURE_CAPITA(1.1),Quarterly GDP per capita,I,Q,Quarterly,Y,Calendar and seasonally adjusted,HRV,Croatia,S1,Total economy,S1,Total economy,B1GQ_POP,"Gross domestic product, per capita",_Z,Not applicable,_Z,Not applicable,_Z,Not applicable,USD_PPP_PS,"US dollars per person, PPP converted",LR,Chain linked volume (rebased),LA,Annual levels,T0102,Table 0102 - GDP identity from the expenditure side,2024-Q1,,38597.924349456,,2020,,,,F,Free (free for publication),1,One,P,Provisional value,0,Units,USD,US dollar
DATAFLOW,OECD.SDD.NAD:DSD_NAMAIN1@DF_QNA_EXPENDITURE_CAPITA(1.1),Quarterly GDP per capita,I,Q,Quarterly,Y,Calendar and seasonally adjusted,HRV,Croatia,S1,Total economy,S1,Total economy,B1GQ_POP,"Gross domestic product, per capita",_Z,Not applicable,_Z,Not applicable,_Z,Not applicable,USD_PPP_PS,"US dollars per person, PPP converted",LR,Chain linked volume (rebased),LA,Annual levels,T0102,Table 0102 - GDP identity from the expenditure side,2025-Q4,,40850.897090627,,2020,,,,F,Free (free for publication),1,One,P,Provisional value,0,Units,USD,US dollar
DATAFLOW,OECD.SDD.NAD:DSD_NAMAIN1@DF_QNA_EXPENDITURE_CAPITA(1.1),Quarterly GDP per capita,I,Q,Quarterly,Y,Calendar and seasonally adjusted,HRV,Croatia,S1,Total economy,S1,Total economy,B1GQ_POP,"Gross domestic product, per capita",_Z,Not applicable,_Z,Not applicable,_Z,Not applicable,USD_PPP_PS,"US dollars per person, PPP converted",LR,Chain linked volume (rebased),LA,Annual levels,T0102,Table 0102 - GDP identity from the expenditure side,2025-Q3,,40387.431570291,,2020,,,,F,Free (free for publication),1,One,P,Provisional value,0,Units,USD,US dollar
DATAFLOW,OECD.SDD.NAD:DSD_NAMAIN1@DF_QNA_EXPENDITURE_CAPITA(1.1),Quarterly GDP per capita,I,Q,Quarterly,Y,Calendar and seasonally adjusted,HRV,Croatia,S1,Total economy,S1,Total economy,B1GQ_POP,"Gross domestic product, per capita",_Z,Not applicable,_Z,Not applicable,_Z,Not applicable,USD_PPP_PS,"US dollars per person, PPP converted",LR,Chain linked volume (rebased),LA,Annual levels,T0102,Table 0102 - GDP identity from the expenditure side,2025-Q2,,40228.971042541,,2020,,,,F,Free (free for publication),1,One,P,Provisional value,0,Units,USD,US dollar
DATAFLOW,OECD.SDD.NAD:DSD_NAMAIN1@DF_QNA_EXPENDITURE_CAPITA(1.1),Quarterly GDP per capita,I,Q,Quarterly,Y,Calendar and seasonally adjusted,HRV,Croatia,S1,Total economy,S1,Total economy,B1GQ_POP,"Gross domestic product, per capita",_Z,Not applicable,_Z,Not applicable,_Z,Not applicable,USD_PPP_PS,"US dollars per person, PPP converted",V,Current prices,LA,Annual levels,T0102,Table 0102 - GDP identity from the expenditure side,2025-Q1,,50178.921213508,,,,,,F,Free (free for publication),1,One,P,Provisional value,0,Units,USD,US dollar
DATAFLOW,OECD.SDD.NAD:DSD_NAMAIN1@DF_QNA_EXPENDITURE_CAPITA(1.1),Quarterly GDP per capita,I,Q,Quarterly,Y,Calendar and seasonally adjusted,BGR,Bulgaria,S1,Total economy,S1,Total economy,B1GQ_POP,"Gross domestic product, per capita",_Z,Not applicable,_Z,Not applicable,_Z,Not applicable,USD_PPP_PS,"US dollars per person, PPP converted",V,Current prices,LA,Annual levels,T0102,Table 0102 - GDP identity from the expenditure side,2025-Q2,,44368.5,,,,,,F,Free (free for publication),1,One,P,Provisional value,0,Units,USD,US dollar
DATAFLOW,OECD.SDD.NAD:DSD_NAMAIN1@DF_QNA_EXPENDITURE_CAPITA(1.1),Quarterly GDP per capita,I,Q,Quarterly,Y,Calendar and seasonally adjusted,BGR,Bulgaria,S1,Total economy,S1,Total economy,B1GQ_POP,"Gross domestic product, per capita",_Z,Not applicable,_Z,Not applicable,_Z,Not applicable,USD_PPP_PS,"US dollars per person, PPP converted",V,Current prices,LA,Annual levels,T0102,Table 0102 - GDP identity from the expenditure side,2025-Q1,,44108.3,,,,,,F,Free (free for publication),1,One,P,Provisional value,0,Units,USD,US dollar
DATAFLOW,OECD.SDD.NAD:DSD_NAMAIN1@DF_QNA_EXPENDITURE_CAPITA(1.1),Quarterly GDP per capita,I,Q,Quarterly,Y,Calendar and seasonally adjusted,ESP,Spain,S1,Total economy,S1,Total economy,B1GQ_POP,"Gross domestic product, per capita",_Z,Not applicable,_Z,Not applicable,_Z,Not applicable,USD_PPP_PS,"US dollars per person, PPP converted",V,Current prices,LA,Annual levels,T0102,Table 0102 - GDP identity from the expenditure side,2023-Q1,,54544.9,,,,,,F,Free (free for publication),1,One,P,Provisional value,0,Units,USD,US dollar
DATAFLOW,OECD.SDD.NAD:DSD_NAMAIN1@DF_QNA_EXPENDITURE_CAPITA(1.1),Quarterly GDP per capita,I,Q,Quarterly,Y,Calendar and seasonally adjusted,ESP,Spain,S1,Total economy,S1,Total economy,B1GQ_POP,"Gross domestic product, per capita",_Z,Not applicable,_Z,Not applicable,_Z,Not applicable,USD_PPP_PS,"US dollars per person, PPP converted",V,Current prices,LA,Annual levels,T0102,Table 0102 - GDP identity from the expenditure side,2025-Q2,,60002.8,,,,,,F,Free (free for publication),1,One,P,Provisional value,0,Units,USD,US dollar
DATAFLOW,OECD.SDD.NAD:DSD_NAMAIN1@DF_QNA_EXPENDITURE_CAPITA(1.1),Quarterly GDP per capita,I,Q,Quarterly,Y,Calendar and seasonally adjusted,ESP,Spain,S1,Total economy,S1,Total economy,B1GQ_POP,"Gross domestic product, per capita",_Z,Not applicable,_Z,Not applicable,_Z,Not applicable,USD_PPP_PS,"US dollars per person, PPP converted",V,Current prices,LA,Annual levels,T0102,Table 0102 - GDP identity from the expenditure side,2025-Q1,,59447,,,,,,F,Free (free for publication),1,One,P,Provisional value,0,Units,USD,US dollar
DATAFLOW,OECD.SDD.NAD:DSD_NAMAIN1@DF_QNA_EXPENDITURE_CAPITA(1.1),Quarterly GDP per capita,I,Q,Quarterly,Y,Calendar and seasonally adjusted,ESP,Spain,S1,Total economy,S1,Total economy,B1GQ_POP,"Gross domestic product, per capita",_Z,Not applicable,_Z,Not applicable,_Z,Not applicable,USD_PPP_PS,"US dollars per person, PPP converted",V,Current prices,LA,Annual levels,T0102,Table 0102 - GDP identity from the expenditure side,2024-Q4,,58769.8,,,,,,F,Free (free for publication),1,One,P,Provisional value,0,Units,USD,US dollar
DATAFLOW,OECD.SDD.NAD:DSD_NAMAIN1@DF_QNA_EXPENDITURE_CAPITA(1.1),Quarterly GDP per capita,I,Q,Quarterly,Y,Calendar and seasonally adjusted,ESP,Spain,S1,Total economy,S1,Total economy,B1GQ_POP,"Gross domestic product, per capita",_Z,Not applicable,_Z,Not applicable,_Z,Not applicable,USD_PPP_PS,"US dollars per person, PPP converted",V,Current prices,LA,Annual levels,T0102,Table 0102 - GDP identity from the expenditure side,2024-Q3,,58275.5,,,,,,F,Free (free for publication),1,One,P,Provisional value,0,Units,USD,US dollar
DATAFLOW,OECD.SDD.NAD:DSD_NAMAIN1@DF_QNA_EXPENDITURE_CAPITA(1.1),Quarterly GDP per capita,I,Q,Quarterly,Y,Calendar and seasonally adjusted,ESP,Spain,S1,Total economy,S1,Total economy,B1GQ_POP,"Gross domestic product, per capita",_Z,Not applicable,_Z,Not applicable,_Z,Not applicable,USD_PPP_PS,"US dollars per person, PPP converted",V,Current prices,LA,Annual levels,T0102,Table 0102 - GDP identity from the expenditure side,2024-Q1,,57260.8,,,,,,F,Free (free for publication),1,One,P,Provisional value,0,Units,USD,US dollar
DATAFLOW,OECD.SDD.NAD:DSD_NAMAIN1@DF_QNA_EXPENDITURE_CAPITA(1.1),Quarterly GDP per capita,I,Q,Quarterly,Y,Calendar and seasonally adjusted,ESP,Spain,S1,Total economy,S1,Total economy,B1GQ_POP,"Gross domestic product, per capita",_Z,Not applicable,_Z,Not applicable,_Z,Not applicable,USD_PPP_PS,"US dollars per person, PPP converted",V,Current prices,LA,Annual levels,T0102,Table 0102 - GDP identity from the expenditure side,2023-Q4,,56556.5,,,,,,F,Free (free for publication),1,One,P,Provisional value,0,Units,USD,US dollar
DATAFLOW,OECD.SDD.NAD:DSD_NAMAIN1@DF_QNA_EXPENDITURE_CAPITA(1.1),Quarterly GDP per capita,I,Q,Quarterly,Y,Calendar and seasonally adjusted,ESP,Spain,S1,Total economy,S1,Total economy,B1GQ_POP,"Gross domestic product, per capita",_Z,Not applicable,_Z,Not applicable,_Z,Not applicable,USD_PPP_PS,"US dollars per person, PPP converted",V,Current prices,LA,Annual levels,T0102,Table 0102 - GDP identity from the expenditure side,2023-Q3,,56266.8,,,,,,F,Free (free for publication),1,One,P,Provisional value,0,Units,USD,US dollar
DATAFLOW,OECD.SDD.NAD:DSD_NAMAIN1@DF_QNA_EXPENDITURE_CAPITA(1.1),Quarterly GDP per capita,I,Q,Quarterly,Y,Calendar and seasonally adjusted,ESP,Spain,S1,Total economy,S1,Total economy,B1GQ_POP,"Gross domestic product, per capita",_Z,Not applicable,_Z,Not applicable,_Z,Not applicable,USD_PPP_PS,"US dollars per person, PPP converted",V,Current prices,LA,Annual levels,T0102,Table 0102 - GDP identity from the expenditure side,2023-Q2,,55278.9,,,,,,F,Free (free for publication),1,One,P,Provisional value,0,Units,USD,US dollar
DATAFLOW,OECD.SDD.NAD:DSD_NAMAIN1@DF_QNA_EXPENDITURE_CAPITA(1.1),Quarterly GDP per capita,I,Q,Quarterly,Y,Calendar and seasonally adjusted,ESP,Spain,S1,Total economy,S1,Total economy,B1GQ_POP,"Gross domestic product, per capita",_Z,Not applicable,_Z,Not applicable,_Z,Not applicable,USD_PPP_PS,"US dollars per person, PPP converted",V,Current prices,LA,Annual levels,T0102,Table 0102 - GDP identity from the expenditure side,2024-Q2,,57897.6,,,,,,F,Free (free for publication),1,One,P,Provisional value,0,Units,USD,US dollar
DATAFLOW,OECD.SDD.NAD:DSD_NAMAIN1@DF_QNA_EXPENDITURE_CAPITA(1.1),Quarterly GDP per capita,I,Q,Quarterly,Y,Calendar and seasonally adjusted,ESP,Spain,S1,Total economy,S1,Total economy,B1GQ_POP,"Gross domestic product, per capita",_Z,Not applicable,_Z,Not applicable,_Z,Not applicable,USD_PPP_PS,"US dollars per person, PPP converted",LR,Chain linked volume (rebased),LA,Annual levels,T0102,Table 0102 - GDP identity from the expenditure side,2023-Q3,,44840.1,,2020,,,,F,Free (free for publication),1,One,P,Provisional value,0,Units,USD,US dollar
DATAFLOW,OECD.SDD.NAD:DSD_NAMAIN1@DF_QNA_EXPENDITURE_CAPITA(1.1),Quarterly GDP per capita,I,Q,Quarterly,Y,Calendar and seasonally adjusted,ESP,Spain,S1,Total economy,S1,Total economy,B1GQ_POP,"Gross domestic product, per capita",_Z,Not applicable,_Z,Not applicable,_Z,Not applicable,USD_PPP_PS,"US dollars per person, PPP converted",LR,Chain linked volume (rebased),LA,Annual levels,T0102,Table 0102 - GDP identity from the expenditure side,2023-Q2,,44618.6,,2020,,,,F,Free (free for publication),1,One,P,Provisional value,0,Units,USD,US dollar
DATAFLOW,OECD.SDD.NAD:DSD_NAMAIN1@DF_QNA_EXPENDITURE_CAPITA(1.1),Quarterly GDP per capita,I,Q,Quarterly,Y,Calendar and seasonally adjusted,ESP,Spain,S1,Total economy,S1,Total economy,B1GQ_POP,"Gross domestic product, per capita",_Z,Not applicable,_Z,Not applicable,_Z,Not applicable,USD_PPP_PS,"US dollars per person, PPP converted",LR,Chain linked volume (rebased),LA,Annual levels,T0102,Table 0102 - GDP identity from the expenditure side,2023-Q1,,44641.2,,2020,,,,F,Free (free for publication),1,One,P,Provisional value,0,Units,USD,US dollar
DATAFLOW,OECD.SDD.NAD:DSD_NAMAIN1@DF_QNA_EXPENDITURE_CAPITA(1.1),Quarterly GDP per capita,I,Q,Quarterly,Y,Calendar and seasonally adjusted,ESP,Spain,S1,Total economy,S1,Total economy,B1GQ_POP,"Gross domestic product, per capita",_Z,Not applicable,_Z,Not applicable,_Z,Not applicable,USD_PPP_PS,"US dollars per person, PPP converted",LR,Chain linked volume (rebased),LA,Annual levels,T0102,Table 0102 - GDP identity from the expenditure side,2025-Q2,,46627.1,,2020,,,,F,Free (free for publication),1,One,P,Provisional value,0,Units,USD,US dollar
DATAFLOW,OECD.SDD.NAD:DSD_NAMAIN1@DF_QNA_EXPENDITURE_CAPITA(1.1),Quarterly GDP per capita,I,Q,Quarterly,Y,Calendar and seasonally adjusted,ESP,Spain,S1,Total economy,S1,Total economy,B1GQ_POP,"Gross domestic product, per capita",_Z,Not applicable,_Z,Not applicable,_Z,Not applicable,USD_PPP_PS,"US dollars per person, PPP converted",V,Current prices,LA,Annual levels,T0102,Table 0102 - GDP identity from the expenditure side,2025-Q4,,61504.5,,,,,,F,Free (free for publication),1,One,P,Provisional value,0,Units,USD,US dollar
DATAFLOW,OECD.SDD.NAD:DSD_NAMAIN1@DF_QNA_EXPENDITURE_CAPITA(1.1),Quarterly GDP per capita,I,Q,Quarterly,Y,Calendar and seasonally adjusted,ESP,Spain,S1,Total economy,S1,Total economy,B1GQ_POP,"Gross domestic product, per capita",_Z,Not applicable,_Z,Not applicable,_Z,Not applicable,USD_PPP_PS,"US dollars per person, PPP converted",LR,Chain linked volume (rebased),LA,Annual levels,T0102,Table 0102 - GDP identity from the expenditure side,2024-Q4,,46242.8,,2020,,,,F,Free (free for publication),1,One,P,Provisional value,0,Units,USD,US dollar
DATAFLOW,OECD.SDD.NAD:DSD_NAMAIN1@DF_QNA_EXPENDITURE_CAPITA(1.1),Quarterly GDP per capita,I,Q,Quarterly,Y,Calendar and seasonally adjusted,ESP,Spain,S1,Total economy,S1,Total economy,B1GQ_POP,"Gross domestic product, per capita",_Z,Not applicable,_Z,Not applicable,_Z,Not applicable,USD_PPP_PS,"US dollars per person, PPP converted",LR,Chain linked volume (rebased),LA,Annual levels,T0102,Table 0102 - GDP identity from the expenditure side,2025-Q1,,46396.1,,2020,,,,F,Free (free for publication),1,One,P,Provisional value,0,Units,USD,US dollar
DATAFLOW,OECD.SDD.NAD:DSD_NAMAIN1@DF_QNA_EXPENDITURE_CAPITA(1.1),Quarterly GDP per capita,I,Q,Quarterly,Y,Calendar and seasonally adjusted,ESP,Spain,S1,Total economy,S1,Total economy,B1GQ_POP,"Gross domestic product, per capita",_Z,Not applicable,_Z,Not applicable,_Z,Not applicable,USD_PPP_PS,"US dollars per person, PPP converted",LR,Chain linked volume (rebased),LA,Annual levels,T0102,Table 0102 - GDP identity from the expenditure side,2025-Q4,,47028.1,,2020,,,,F,Free (free for publication),1,One,P,Provisional value,0,Units,USD,US dollar
DATAFLOW,OECD.SDD.NAD:DSD_NAMAIN1@DF_QNA_EXPENDITURE_CAPITA(1.1),Quarterly GDP per capita,I,Q,Quarterly,Y,Calendar and seasonally adjusted,ESP,Spain,S1,Total economy,S1,Total economy,B1GQ_POP,"Gross domestic product, per capita",_Z,Not applicable,_Z,Not applicable,_Z,Not applicable,USD_PPP_PS,"US dollars per person, PPP converted",LR,Chain linked volume (rebased),LA,Annual levels,T0102,Table 0102 - GDP identity from the expenditure side,2024-Q3,,45994.1,,2020,,,,F,Free (free for publication),1,One,P,Provisional value,0,Units,USD,US dollar
DATAFLOW,OECD.SDD.NAD:DSD_NAMAIN1@DF_QNA_EXPENDITURE_CAPITA(1.1),Quarterly GDP per capita,I,Q,Quarterly,Y,Calendar and seasonally adjusted,ESP,Spain,S1,Total economy,S1,Total economy,B1GQ_POP,"Gross domestic product, per capita",_Z,Not applicable,_Z,Not applicable,_Z,Not applicable,USD_PPP_PS,"US dollars per person, PPP converted",LR,Chain linked volume (rebased),LA,Annual levels,T0102,Table 0102 - GDP identity from the expenditure side,2024-Q2,,45757.3,,2020,,,,F,Free (free for publication),1,One,P,Provisional value,0,Units,USD,US dollar
DATAFLOW,OECD.SDD.NAD:DSD_NAMAIN1@DF_QNA_EXPENDITURE_CAPITA(1.1),Quarterly GDP per capita,I,Q,Quarterly,Y,Calendar and seasonally adjusted,ESP,Spain,S1,Total economy,S1,Total economy,B1GQ_POP,"Gross domestic product, per capita",_Z,Not applicable,_Z,Not applicable,_Z,Not applicable,USD_PPP_PS,"US dollars per person, PPP converted",LR,Chain linked volume (rebased),LA,Annual levels,T0102,Table 0102 - GDP identity from the expenditure side,2024-Q1,,45432.5,,2020,,,,F,Free (free for publication),1,One,P,Provisional value,0,Units,USD,US dollar
DATAFLOW,OECD.SDD.NAD:DSD_NAMAIN1@DF_QNA_EXPENDITURE_CAPITA(1.1),Quarterly GDP per capita,I,Q,Quarterly,Y,Calendar and seasonally adjusted,ESP,Spain,S1,Total economy,S1,Total economy,B1GQ_POP,"Gross domestic product, per capita",_Z,Not applicable,_Z,Not applicable,_Z,Not applicable,USD_PPP_PS,"US dollars per person, PPP converted",LR,Chain linked volume (rebased),LA,Annual levels,T0102,Table 0102 - GDP identity from the expenditure side,2023-Q4,,45050.2,,2020,,,,F,Free (free for publication),1,One,P,Provisional value,0,Units,USD,US dollar
DATAFLOW,OECD.SDD.NAD:DSD_NAMAIN1@DF_QNA_EXPENDITURE_CAPITA(1.1),Quarterly GDP per capita,I,Q,Quarterly,Y,Calendar and seasonally adjusted,ESP,Spain,S1,Total economy,S1,Total economy,B1GQ_POP,"Gross domestic product, per capita",_Z,Not applicable,_Z,Not applicable,_Z,Not applicable,USD_PPP_PS,"US dollars per person, PPP converted",LR,Chain linked volume (rebased),LA,Annual levels,T0102,Table 0102 - GDP identity from the expenditure side,2025-Q3,,46814.7,,2020,,,,F,Free (free for publication),1,One,P,Provisional value,0,Units,USD,US dollar
DATAFLOW,OECD.SDD.NAD:DSD_NAMAIN1@DF_QNA_EXPENDITURE_CAPITA(1.1),Quarterly GDP per capita,I,Q,Quarterly,Y,Calendar and seasonally adjusted,POL,Poland,S1,Total economy,S1,Total economy,B1GQ_POP,"Gross domestic product, per capita",_Z,Not applicable,_Z,Not applicable,_Z,Not applicable,USD_PPP_PS,"US dollars per person, PPP converted",LR,Chain linked volume (rebased),LA,Annual levels,T0102,Table 0102 - GDP identity from the expenditure side,2025-Q2,,44579.7,,2020,,,,F,Free (free for publication),1,One,P,Provisional value,0,Units,USD,US dollar
DATAFLOW,OECD.SDD.NAD:DSD_NAMAIN1@DF_QNA_EXPENDITURE_CAPITA(1.1),Quarterly GDP per capita,I,Q,Quarterly,Y,Calendar and seasonally adjusted,POL,Poland,S1,Total economy,S1,Total economy,B1GQ_POP,"Gross domestic product, per capita",_Z,Not applicable,_Z,Not applicable,_Z,Not applicable,USD_PPP_PS,"US dollars per person, PPP converted",LR,Chain linked volume (rebased),LA,Annual levels,T0102,Table 0102 - GDP identity from the expenditure side,2025-Q1,,44182,,2020,,,,F,Free (free for publication),1,One,P,Provisional value,0,Units,USD,US dollar
DATAFLOW,OECD.SDD.NAD:DSD_NAMAIN1@DF_QNA_EXPENDITURE_CAPITA(1.1),Quarterly GDP per capita,I,Q,Quarterly,Y,Calendar and seasonally adjusted,POL,Poland,S1,Total economy,S1,Total economy,B1GQ_POP,"Gross domestic product, per capita",_Z,Not applicable,_Z,Not applicable,_Z,Not applicable,USD_PPP_PS,"US dollars per person, PPP converted",V,Current prices,LA,Annual levels,T0102,Table 0102 - GDP identity from the expenditure side,2025-Q4,,54935.5,,,,,,F,Free (free for publication),1,One,P,Provisional value,0,Units,USD,US dollar
DATAFLOW,OECD.SDD.NAD:DSD_NAMAIN1@DF_QNA_EXPENDITURE_CAPITA(1.1),Quarterly GDP per capita,I,Q,Quarterly,Y,Calendar and seasonally adjusted,POL,Poland,S1,Total economy,S1,Total economy,B1GQ_POP,"Gross domestic product, per capita",_Z,Not applicable,_Z,Not applicable,_Z,Not applicable,USD_PPP_PS,"US dollars per person, PPP converted",V,Current prices,LA,Annual levels,T0102,Table 0102 - GDP identity from the expenditure side,2025-Q3,,53889.4,,,,,,F,Free (free for publication),1,One,P,Provisional value,0,Units,USD,US dollar
DATAFLOW,OECD.SDD.NAD:DSD_NAMAIN1@DF_QNA_EXPENDITURE_CAPITA(1.1),Quarterly GDP per capita,I,Q,Quarterly,Y,Calendar and seasonally adjusted,POL,Poland,S1,Total economy,S1,Total economy,B1GQ_POP,"Gross domestic product, per capita",_Z,Not applicable,_Z,Not applicable,_Z,Not applicable,USD_PPP_PS,"US dollars per person, PPP converted",V,Current prices,LA,Annual levels,T0102,Table 0102 - GDP identity from the expenditure side,2025-Q2,,52913.5,,,,,,F,Free (free for publication),1,One,P,Provisional value,0,Units,USD,US dollar
DATAFLOW,OECD.SDD.NAD:DSD_NAMAIN1@DF_QNA_EXPENDITURE_CAPITA(1.1),Quarterly GDP per capita,I,Q,Quarterly,Y,Calendar and seasonally adjusted,POL,Poland,S1,Total economy,S1,Total economy,B1GQ_POP,"Gross domestic product, per capita",_Z,Not applicable,_Z,Not applicable,_Z,Not applicable,USD_PPP_PS,"US dollars per person, PPP converted",LR,Chain linked volume (rebased),LA,Annual levels,T0102,Table 0102 - GDP identity from the expenditure side,2025-Q4,,45593.1,,2020,,,,F,Free (free for publication),1,One,P,Provisional value,0,Units,USD,US dollar
DATAFLOW,OECD.SDD.NAD:DSD_NAMAIN1@DF_QNA_EXPENDITURE_CAPITA(1.1),Quarterly GDP per capita,I,Q,Quarterly,Y,Calendar and seasonally adjusted,POL,Poland,S1,Total economy,S1,Total economy,B1GQ_POP,"Gross domestic product, per capita",_Z,Not applicable,_Z,Not applicable,_Z,Not applicable,USD_PPP_PS,"US dollars per person, PPP converted",LR,Chain linked volume (rebased),LA,Annual levels,T0102,Table 0102 - GDP identity from the expenditure side,2025-Q3,,45099.4,,2020,,,,F,Free (free for publication),1,One,P,Provisional value,0,Units,USD,US dollar
DATAFLOW,OECD.SDD.NAD:DSD_NAMAIN1@DF_QNA_EXPENDITURE_CAPITA(1.1),Quarterly GDP per capita,I,Q,Quarterly,Y,Calendar and seasonally adjusted,MEX,Mexico,S1,Total economy,S1,Total economy,B1GQ_POP,"Gross domestic product, per capita",_Z,Not applicable,_Z,Not applicable,_Z,Not applicable,USD_PPP_PS,"US dollars per person, PPP converted",V,Current prices,LA,Annual levels,T0102,Table 0102 - GDP identity from the expenditure side,2023-Q3,,25585.1,,,,,,F,Free (free for publication),1,One,P,Provisional value,0,Units,USD,US dollar
DATAFLOW,OECD.SDD.NAD:DSD_NAMAIN1@DF_QNA_EXPENDITURE_CAPITA(1.1),Quarterly GDP per capita,I,Q,Quarterly,Y,Calendar and seasonally adjusted,MEX,Mexico,S1,Total economy,S1,Total economy,B1GQ_POP,"Gross domestic product, per capita",_Z,Not applicable,_Z,Not applicable,_Z,Not applicable,USD_PPP_PS,"US dollars per person, PPP converted",V,Current prices,LA,Annual levels,T0102,Table 0102 - GDP identity from the expenditure side,2023-Q2,,25141.9,,,,,,F,Free (free for publication),1,One,P,Provisional value,0,Units,USD,US dollar
DATAFLOW,OECD.SDD.NAD:DSD_NAMAIN1@DF_QNA_EXPENDITURE_CAPITA(1.1),Quarterly GDP per capita,I,Q,Quarterly,Y,Calendar and seasonally adjusted,MEX,Mexico,S1,Total economy,S1,Total economy,B1GQ_POP,"Gross domestic product, per capita",_Z,Not applicable,_Z,Not applicable,_Z,Not applicable,USD_PPP_PS,"US dollars per person, PPP converted",LR,Chain linked volume (rebased),LA,Annual levels,T0102,Table 0102 - GDP identity from the expenditure side,2025-Q2,,21728.4,,2020,,,,F,Free (free for publication),1,One,P,Provisional value,0,Units,USD,US dollar
DATAFLOW,OECD.SDD.NAD:DSD_NAMAIN1@DF_QNA_EXPENDITURE_CAPITA(1.1),Quarterly GDP per capita,I,Q,Quarterly,Y,Calendar and seasonally adjusted,MEX,Mexico,S1,Total economy,S1,Total economy,B1GQ_POP,"Gross domestic product, per capita",_Z,Not applicable,_Z,Not applicable,_Z,Not applicable,USD_PPP_PS,"US dollars per person, PPP converted",LR,Chain linked volume (rebased),LA,Annual levels,T0102,Table 0102 - GDP identity from the expenditure side,2025-Q1,,21680.9,,2020,,,,F,Free (free for publication),1,One,P,Provisional value,0,Units,USD,US dollar
DATAFLOW,OECD.SDD.NAD:DSD_NAMAIN1@DF_QNA_EXPENDITURE_CAPITA(1.1),Quarterly GDP per capita,I,Q,Quarterly,Y,Calendar and seasonally adjusted,MEX,Mexico,S1,Total economy,S1,Total economy,B1GQ_POP,"Gross domestic product, per capita",_Z,Not applicable,_Z,Not applicable,_Z,Not applicable,USD_PPP_PS,"US dollars per person, PPP converted",LR,Chain linked volume (rebased),LA,Annual levels,T0102,Table 0102 - GDP identity from the expenditure side,2024-Q4,,21569.7,,2020,,,,F,Free (free for publication),1,One,P,Provisional value,0,Units,USD,US dollar
DATAFLOW,OECD.SDD.NAD:DSD_NAMAIN1@DF_QNA_EXPENDITURE_CAPITA(1.1),Quarterly GDP per capita,I,Q,Quarterly,Y,Calendar and seasonally adjusted,MEX,Mexico,S1,Total economy,S1,Total economy,B1GQ_POP,"Gross domestic product, per capita",_Z,Not applicable,_Z,Not applicable,_Z,Not applicable,USD_PPP_PS,"US dollars per person, PPP converted",LR,Chain linked volume (rebased),LA,Annual levels,T0102,Table 0102 - GDP identity from the expenditure side,2024-Q3,,21834.4,,2020,,,,F,Free (free for publication),1,One,P,Provisional value,0,Units,USD,US dollar
DATAFLOW,OECD.SDD.NAD:DSD_NAMAIN1@DF_QNA_EXPENDITURE_CAPITA(1.1),Quarterly GDP per capita,I,Q,Quarterly,Y,Calendar and seasonally adjusted,MEX,Mexico,S1,Total economy,S1,Total economy,B1GQ_POP,"Gross domestic product, per capita",_Z,Not applicable,_Z,Not applicable,_Z,Not applicable,USD_PPP_PS,"US dollars per person, PPP converted",LR,Chain linked volume (rebased),LA,Annual levels,T0102,Table 0102 - GDP identity from the expenditure side,2024-Q2,,21626.2,,2020,,,,F,Free (free for publication),1,One,P,Provisional value,0,Units,USD,US dollar
DATAFLOW,OECD.SDD.NAD:DSD_NAMAIN1@DF_QNA_EXPENDITURE_CAPITA(1.1),Quarterly GDP per capita,I,Q,Quarterly,Y,Calendar and seasonally adjusted,MEX,Mexico,S1,Total economy,S1,Total economy,B1GQ_POP,"Gross domestic product, per capita",_Z,Not applicable,_Z,Not applicable,_Z,Not applicable,USD_PPP_PS,"US dollars per person, PPP converted",LR,Chain linked volume (rebased),LA,Annual levels,T0102,Table 0102 - GDP identity from the expenditure side,2024-Q1,,21674.6,,2020,,,,F,Free (free for publication),1,One,P,Provisional value,0,Units,USD,US dollar
DATAFLOW,OECD.SDD.NAD:DSD_NAMAIN1@DF_QNA_EXPENDITURE_CAPITA(1.1),Quarterly GDP per capita,I,Q,Quarterly,Y,Calendar and seasonally adjusted,GRC,Greece,S1,Total economy,S1,Total economy,B1GQ_POP,"Gross domestic product, per capita",_Z,Not applicable,_Z,Not applicable,_Z,Not applicable,USD_PPP_PS,"US dollars per person, PPP converted",LR,Chain linked volume (rebased),LA,Annual levels,T0102,Table 0102 - GDP identity from the expenditure side,2025-Q3,,36630.5,,2020,,,,F,Free (free for publication),1,One,P,Provisional value,0,Units,USD,US dollar
DATAFLOW,OECD.SDD.NAD:DSD_NAMAIN1@DF_QNA_EXPENDITURE_CAPITA(1.1),Quarterly GDP per capita,I,Q,Quarterly,Y,Calendar and seasonally adjusted,GRC,Greece,S1,Total economy,S1,Total economy,B1GQ_POP,"Gross domestic product, per capita",_Z,Not applicable,_Z,Not applicable,_Z,Not applicable,USD_PPP_PS,"US dollars per person, PPP converted",LR,Chain linked volume (rebased),LA,Annual levels,T0102,Table 0102 - GDP identity from the expenditure side,2025-Q2,,36432.1,,2020,,,,F,Free (free for publication),1,One,P,Provisional value,0,Units,USD,US dollar
DATAFLOW,OECD.SDD.NAD:DSD_NAMAIN1@DF_QNA_EXPENDITURE_CAPITA(1.1),Quarterly GDP per capita,I,Q,Quarterly,Y,Calendar and seasonally adjusted,GRC,Greece,S1,Total economy,S1,Total economy,B1GQ_POP,"Gross domestic product, per capita",_Z,Not applicable,_Z,Not applicable,_Z,Not applicable,USD_PPP_PS,"US dollars per person, PPP converted",V,Current prices,LA,Annual levels,T0102,Table 0102 - GDP identity from the expenditure side,2023-Q4,,42551.6,,,,,,F,Free (free for publication),1,One,P,Provisional value,0,Units,USD,US dollar
DATAFLOW,OECD.SDD.NAD:DSD_NAMAIN1@DF_QNA_EXPENDITURE_CAPITA(1.1),Quarterly GDP per capita,I,Q,Quarterly,Y,Calendar and seasonally adjusted,DEU,Germany,S1,Total economy,S1,Total economy,B1GQ_POP,"Gross domestic product, per capita",_Z,Not applicable,_Z,Not applicable,_Z,Not applicable,USD_PPP_PS,"US dollars per person, PPP converted",V,Current prices,LA,Annual levels,T0102,Table 0102 - GDP identity from the expenditure side,2023-Q1,,71644.3,,,,,,F,Free (free for publication),1,One,P,Provisional value,0,Units,USD,US dollar
DATAFLOW,OECD.SDD.NAD:DSD_NAMAIN1@DF_QNA_EXPENDITURE_CAPITA(1.1),Quarterly GDP per capita,I,Q,Quarterly,Y,Calendar and seasonally adjusted,DEU,Germany,S1,Total economy,S1,Total economy,B1GQ_POP,"Gross domestic product, per capita",_Z,Not applicable,_Z,Not applicable,_Z,Not applicable,USD_PPP_PS,"US dollars per person, PPP converted",V,Current prices,LA,Annual levels,T0102,Table 0102 - GDP identity from the expenditure side,2025-Q2,,75520.8,,,,,,F,Free (free for publication),1,One,P,Provisional value,0,Units,USD,US dollar
DATAFLOW,OECD.SDD.NAD:DSD_NAMAIN1@DF_QNA_EXPENDITURE_CAPITA(1.1),Quarterly GDP per capita,I,Q,Quarterly,Y,Calendar and seasonally adjusted,DEU,Germany,S1,Total economy,S1,Total economy,B1GQ_POP,"Gross domestic product, per capita",_Z,Not applicable,_Z,Not applicable,_Z,Not applicable,USD_PPP_PS,"US dollars per person, PPP converted",V,Current prices,LA,Annual levels,T0102,Table 0102 - GDP identity from the expenditure side,2025-Q1,,75400.7,,,,,,F,Free (free for publication),1,One,P,Provisional value,0,Units,USD,US dollar
DATAFLOW,OECD.SDD.NAD:DSD_NAMAIN1@DF_QNA_EXPENDITURE_CAPITA(1.1),Quarterly GDP per capita,I,Q,Quarterly,Y,Calendar and seasonally adjusted,DEU,Germany,S1,Total economy,S1,Total economy,B1GQ_POP,"Gross domestic product, per capita",_Z,Not applicable,_Z,Not applicable,_Z,Not applicable,USD_PPP_PS,"US dollars per person, PPP converted",V,Current prices,LA,Annual levels,T0102,Table 0102 - GDP identity from the expenditure side,2024-Q4,,74590.5,,,,,,F,Free (free for publication),1,One,P,Provisional value,0,Units,USD,US dollar
DATAFLOW,OECD.SDD.NAD:DSD_NAMAIN1@DF_QNA_EXPENDITURE_CAPITA(1.1),Quarterly GDP per capita,I,Q,Quarterly,Y,Calendar and seasonally adjusted,DEU,Germany,S1,Total economy,S1,Total economy,B1GQ_POP,"Gross domestic product, per capita",_Z,Not applicable,_Z,Not applicable,_Z,Not applicable,USD_PPP_PS,"US dollars per person, PPP converted",V,Current prices,LA,Annual levels,T0102,Table 0102 - GDP identity from the expenditure side,2024-Q3,,74123.2,,,,,,F,Free (free for publication),1,One,P,Provisional value,0,Units,USD,US dollar
DATAFLOW,OECD.SDD.NAD:DSD_NAMAIN1@DF_QNA_EXPENDITURE_CAPITA(1.1),Quarterly GDP per capita,I,Q,Quarterly,Y,Calendar and seasonally adjusted,DEU,Germany,S1,Total economy,S1,Total economy,B1GQ_POP,"Gross domestic product, per capita",_Z,Not applicable,_Z,Not applicable,_Z,Not applicable,USD_PPP_PS,"US dollars per person, PPP converted",V,Current prices,LA,Annual levels,T0102,Table 0102 - GDP identity from the expenditure side,2024-Q1,,73469.4,,,,,,F,Free (free for publication),1,One,P,Provisional value,0,Units,USD,US dollar
DATAFLOW,OECD.SDD.NAD:DSD_NAMAIN1@DF_QNA_EXPENDITURE_CAPITA(1.1),Quarterly GDP per capita,I,Q,Quarterly,Y,Calendar and seasonally adjusted,DEU,Germany,S1,Total economy,S1,Total economy,B1GQ_POP,"Gross domestic product, per capita",_Z,Not applicable,_Z,Not applicable,_Z,Not applicable,USD_PPP_PS,"US dollars per person, PPP converted",V,Current prices,LA,Annual levels,T0102,Table 0102 - GDP identity from the expenditure side,2023-Q4,,72784.8,,,,,,F,Free (free for publication),1,One,P,Provisional value,0,Units,USD,US dollar
DATAFLOW,OECD.SDD.NAD:DSD_NAMAIN1@DF_QNA_EXPENDITURE_CAPITA(1.1),Quarterly GDP per capita,I,Q,Quarterly,Y,Calendar and seasonally adjusted,DEU,Germany,S1,Total economy,S1,Total economy,B1GQ_POP,"Gross domestic product, per capita",_Z,Not applicable,_Z,Not applicable,_Z,Not applicable,USD_PPP_PS,"US dollars per person, PPP converted",V,Current prices,LA,Annual levels,T0102,Table 0102 - GDP identity from the expenditure side,2023-Q3,,72693.1,,,,,,F,Free (free for publication),1,One,P,Provisional value,0,Units,USD,US dollar
DATAFLOW,OECD.SDD.NAD:DSD_NAMAIN1@DF_QNA_EXPENDITURE_CAPITA(1.1),Quarterly GDP per capita,I,Q,Quarterly,Y,Calendar and seasonally adjusted,DEU,Germany,S1,Total economy,S1,Total economy,B1GQ_POP,"Gross domestic product, per capita",_Z,Not applicable,_Z,Not applicable,_Z,Not applicable,USD_PPP_PS,"US dollars per person, PPP converted",V,Current prices,LA,Annual levels,T0102,Table 0102 - GDP identity from the expenditure side,2023-Q2,,72020.6,,,,,,F,Free (free for publication),1,One,P,Provisional value,0,Units,USD,US dollar
DATAFLOW,OECD.SDD.NAD:DSD_NAMAIN1@DF_QNA_EXPENDITURE_CAPITA(1.1),Quarterly GDP per capita,I,Q,Quarterly,Y,Calendar and seasonally adjusted,PRT,Portugal,S1,Total economy,S1,Total economy,B1GQ_POP,"Gross domestic product, per capita",_Z,Not applicable,_Z,Not applicable,_Z,Not applicable,USD_PPP_PS,"US dollars per person, PPP converted",LR,Chain linked volume (rebased),LA,Annual levels,T0102,Table 0102 - GDP identity from the expenditure side,2024-Q3,,41128.2,,2020,,,,F,Free (free for publication),1,One,P,Provisional value,0,Units,USD,US dollar
DATAFLOW,OECD.SDD.NAD:DSD_NAMAIN1@DF_QNA_EXPENDITURE_CAPITA(1.1),Quarterly GDP per capita,I,Q,Quarterly,Y,Calendar and seasonally adjusted,PRT,Portugal,S1,Total economy,S1,Total economy,B1GQ_POP,"Gross domestic product, per capita",_Z,Not applicable,_Z,Not applicable,_Z,Not applicable,USD_PPP_PS,"US dollars per person, PPP converted",V,Current prices,LA,Annual levels,T0102,Table 0102 - GDP identity from the expenditure side,2025-Q4,,54425.7,,,,,,F,Free (free for publication),1,One,P,Provisional value,0,Units,USD,US dollar
DATAFLOW,OECD.SDD.NAD:DSD_NAMAIN1@DF_QNA_EXPENDITURE_CAPITA(1.1),Quarterly GDP per capita,I,Q,Quarterly,Y,Calendar and seasonally adjusted,PRT,Portugal,S1,Total economy,S1,Total economy,B1GQ_POP,"Gross domestic product, per capita",_Z,Not applicable,_Z,Not applicable,_Z,Not applicable,USD_PPP_PS,"US dollars per person, PPP converted",V,Current prices,LA,Annual levels,T0102,Table 0102 - GDP identity from the expenditure side,2025-Q1,,53083.8,,,,,,F,Free (free for publication),1,One,P,Provisional value,0,Units,USD,US dollar
DATAFLOW,OECD.SDD.NAD:DSD_NAMAIN1@DF_QNA_EXPENDITURE_CAPITA(1.1),Quarterly GDP per capita,I,Q,Quarterly,Y,Calendar and seasonally adjusted,PRT,Portugal,S1,Total economy,S1,Total economy,B1GQ_POP,"Gross domestic product, per capita",_Z,Not applicable,_Z,Not applicable,_Z,Not applicable,USD_PPP_PS,"US dollars per person, PPP converted",V,Current prices,LA,Annual levels,T0102,Table 0102 - GDP identity from the expenditure side,2024-Q4,,53155,,,,,,F,Free (free for publication),1,One,P,Provisional value,0,Units,USD,US dollar
DATAFLOW,OECD.SDD.NAD:DSD_NAMAIN1@DF_QNA_EXPENDITURE_CAPITA(1.1),Quarterly GDP per capita,I,Q,Quarterly,Y,Calendar and seasonally adjusted,PRT,Portugal,S1,Total economy,S1,Total economy,B1GQ_POP,"Gross domestic product, per capita",_Z,Not applicable,_Z,Not applicable,_Z,Not applicable,USD_PPP_PS,"US dollars per person, PPP converted",V,Current prices,LA,Annual levels,T0102,Table 0102 - GDP identity from the expenditure side,2024-Q3,,52544.4,,,,,,F,Free (free for publication),1,One,P,Provisional value,0,Units,USD,US dollar
DATAFLOW,OECD.SDD.NAD:DSD_NAMAIN1@DF_QNA_EXPENDITURE_CAPITA(1.1),Quarterly GDP per capita,I,Q,Quarterly,Y,Calendar and seasonally adjusted,PRT,Portugal,S1,Total economy,S1,Total economy,B1GQ_POP,"Gross domestic product, per capita",_Z,Not applicable,_Z,Not applicable,_Z,Not applicable,USD_PPP_PS,"US dollars per person, PPP converted",V,Current prices,LA,Annual levels,T0102,Table 0102 - GDP identity from the expenditure side,2024-Q2,,52481.5,,,,,,F,Free (free for publication),1,One,P,Provisional value,0,Units,USD,US dollar
DATAFLOW,OECD.SDD.NAD:DSD_NAMAIN1@DF_QNA_EXPENDITURE_CAPITA(1.1),Quarterly GDP per capita,I,Q,Quarterly,Y,Calendar and seasonally adjusted,PRT,Portugal,S1,Total economy,S1,Total economy,B1GQ_POP,"Gross domestic product, per capita",_Z,Not applicable,_Z,Not applicable,_Z,Not applicable,USD_PPP_PS,"US dollars per person, PPP converted",V,Current prices,LA,Annual levels,T0102,Table 0102 - GDP identity from the expenditure side,2024-Q1,,51855.3,,,,,,F,Free (free for publication),1,One,P,Provisional value,0,Units,USD,US dollar
DATAFLOW,OECD.SDD.NAD:DSD_NAMAIN1@DF_QNA_EXPENDITURE_CAPITA(1.1),Quarterly GDP per capita,I,Q,Quarterly,Y,Calendar and seasonally adjusted,PRT,Portugal,S1,Total economy,S1,Total economy,B1GQ_POP,"Gross domestic product, per capita",_Z,Not applicable,_Z,Not applicable,_Z,Not applicable,USD_PPP_PS,"US dollars per person, PPP converted",LR,Chain linked volume (rebased),LA,Annual levels,T0102,Table 0102 - GDP identity from the expenditure side,2025-Q1,,41350.3,,2020,,,,F,Free (free for publication),1,One,P,Provisional value,0,Units,USD,US dollar
DATAFLOW,OECD.SDD.NAD:DSD_NAMAIN1@DF_QNA_EXPENDITURE_CAPITA(1.1),Quarterly GDP per capita,I,Q,Quarterly,Y,Calendar and seasonally adjusted,PRT,Portugal,S1,Total economy,S1,Total economy,B1GQ_POP,"Gross domestic product, per capita",_Z,Not applicable,_Z,Not applicable,_Z,Not applicable,USD_PPP_PS,"US dollars per person, PPP converted",LR,Chain linked volume (rebased),LA,Annual levels,T0102,Table 0102 - GDP identity from the expenditure side,2024-Q2,,41172.3,,2020,,,,F,Free (free for publication),1,One,P,Provisional value,0,Units,USD,US dollar
DATAFLOW,OECD.SDD.NAD:DSD_NAMAIN1@DF_QNA_EXPENDITURE_CAPITA(1.1),Quarterly GDP per capita,I,Q,Quarterly,Y,Calendar and seasonally adjusted,PRT,Portugal,S1,Total economy,S1,Total economy,B1GQ_POP,"Gross domestic product, per capita",_Z,Not applicable,_Z,Not applicable,_Z,Not applicable,USD_PPP_PS,"US dollars per person, PPP converted",LR,Chain linked volume (rebased),LA,Annual levels,T0102,Table 0102 - GDP identity from the expenditure side,2024-Q1,,41062.6,,2020,,,,F,Free (free for publication),1,One,P,Provisional value,0,Units,USD,US dollar
DATAFLOW,OECD.SDD.NAD:DSD_NAMAIN1@DF_QNA_EXPENDITURE_CAPITA(1.1),Quarterly GDP per capita,I,Q,Quarterly,Y,Calendar and seasonally adjusted,PRT,Portugal,S1,Total economy,S1,Total economy,B1GQ_POP,"Gross domestic product, per capita",_Z,Not applicable,_Z,Not applicable,_Z,Not applicable,USD_PPP_PS,"US dollars per person, PPP converted",LR,Chain linked volume (rebased),LA,Annual levels,T0102,Table 0102 - GDP identity from the expenditure side,2024-Q4,,41489.2,,2020,,,,F,Free (free for publication),1,One,P,Provisional value,0,Units,USD,US dollar
DATAFLOW,OECD.SDD.NAD:DSD_NAMAIN1@DF_QNA_EXPENDITURE_CAPITA(1.1),Quarterly GDP per capita,I,Q,Quarterly,Y,Calendar and seasonally adjusted,PRT,Portugal,S1,Total economy,S1,Total economy,B1GQ_POP,"Gross domestic product, per capita",_Z,Not applicable,_Z,Not applicable,_Z,Not applicable,USD_PPP_PS,"US dollars per person, PPP converted",V,Current prices,LA,Annual levels,T0102,Table 0102 - GDP identity from the expenditure side,2025-Q3,,53588.3,,,,,,F,Free (free for publication),1,One,P,Provisional value,0,Units,USD,US dollar
DATAFLOW,OECD.SDD.NAD:DSD_NAMAIN1@DF_QNA_EXPENDITURE_CAPITA(1.1),Quarterly GDP per capita,I,Q,Quarterly,Y,Calendar and seasonally adjusted,PRT,Portugal,S1,Total economy,S1,Total economy,B1GQ_POP,"Gross domestic product, per capita",_Z,Not applicable,_Z,Not applicable,_Z,Not applicable,USD_PPP_PS,"US dollars per person, PPP converted",LR,Chain linked volume (rebased),LA,Annual levels,T0102,Table 0102 - GDP identity from the expenditure side,2025-Q4,,41872.4,,2020,,,,F,Free (free for publication),1,One,P,Provisional value,0,Units,USD,US dollar
DATAFLOW,OECD.SDD.NAD:DSD_NAMAIN1@DF_QNA_EXPENDITURE_CAPITA(1.1),Quarterly GDP per capita,I,Q,Quarterly,Y,Calendar and seasonally adjusted,PRT,Portugal,S1,Total economy,S1,Total economy,B1GQ_POP,"Gross domestic product, per capita",_Z,Not applicable,_Z,Not applicable,_Z,Not applicable,USD_PPP_PS,"US dollars per person, PPP converted",LR,Chain linked volume (rebased),LA,Annual levels,T0102,Table 0102 - GDP identity from the expenditure side,2025-Q3,,41570.3,,2020,,,,F,Free (free for publication),1,One,P,Provisional value,0,Units,USD,US dollar
DATAFLOW,OECD.SDD.NAD:DSD_NAMAIN1@DF_QNA_EXPENDITURE_CAPITA(1.1),Quarterly GDP per capita,I,Q,Quarterly,Y,Calendar and seasonally adjusted,PRT,Portugal,S1,Total economy,S1,Total economy,B1GQ_POP,"Gross domestic product, per capita",_Z,Not applicable,_Z,Not applicable,_Z,Not applicable,USD_PPP_PS,"US dollars per person, PPP converted",LR,Chain linked volume (rebased),LA,Annual levels,T0102,Table 0102 - GDP identity from the expenditure side,2025-Q2,,41425.1,,2020,,,,F,Free (free for publication),1,One,P,Provisional value,0,Units,USD,US dollar
DATAFLOW,OECD.SDD.NAD:DSD_NAMAIN1@DF_QNA_EXPENDITURE_CAPITA(1.1),Quarterly GDP per capita,I,Q,Quarterly,Y,Calendar and seasonally adjusted,PRT,Portugal,S1,Total economy,S1,Total economy,B1GQ_POP,"Gross domestic product, per capita",_Z,Not applicable,_Z,Not applicable,_Z,Not applicable,USD_PPP_PS,"US dollars per person, PPP converted",V,Current prices,LA,Annual levels,T0102,Table 0102 - GDP identity from the expenditure side,2025-Q2,,53150.5,,,,,,F,Free (free for publication),1,One,P,Provisional value,0,Units,USD,US dollar
DATAFLOW,OECD.SDD.NAD:DSD_NAMAIN1@DF_QNA_EXPENDITURE_CAPITA(1.1),Quarterly GDP per capita,I,Q,Quarterly,Y,Calendar and seasonally adjusted,POL,Poland,S1,Total economy,S1,Total economy,B1GQ_POP,"Gross domestic product, per capita",_Z,Not applicable,_Z,Not applicable,_Z,Not applicable,USD_PPP_PS,"US dollars per person, PPP converted",V,Current prices,LA,Annual levels,T0102,Table 0102 - GDP identity from the expenditure side,2025-Q1,,52143.8,,,,,,F,Free (free for publication),1,One,P,Provisional value,0,Units,USD,US dollar
DATAFLOW,OECD.SDD.NAD:DSD_NAMAIN1@DF_QNA_EXPENDITURE_CAPITA(1.1),Quarterly GDP per capita,I,Q,Quarterly,Y,Calendar and seasonally adjusted,JPN,Japan,S1,Total economy,S1,Total economy,B1GQ_POP,"Gross domestic product, per capita",_Z,Not applicable,_Z,Not applicable,_Z,Not applicable,USD_PPP_PS,"US dollars per person, PPP converted",V,Current prices,LA,Annual levels,T0102,Table 0102 - GDP identity from the expenditure side,2024-Q3,,54497.2,,,,,,F,Free (free for publication),1,One,P,Provisional value,0,Units,USD,US dollar
DATAFLOW,OECD.SDD.NAD:DSD_NAMAIN1@DF_QNA_EXPENDITURE_CAPITA(1.1),Quarterly GDP per capita,I,Q,Quarterly,Y,Calendar and seasonally adjusted,MEX,Mexico,S1,Total economy,S1,Total economy,B1GQ_POP,"Gross domestic product, per capita",_Z,Not applicable,_Z,Not applicable,_Z,Not applicable,USD_PPP_PS,"US dollars per person, PPP converted",LR,Chain linked volume (rebased),LA,Annual levels,T0102,Table 0102 - GDP identity from the expenditure side,2023-Q3,,21642.6,,2020,,,,F,Free (free for publication),1,One,P,Provisional value,0,Units,USD,US dollar
DATAFLOW,OECD.SDD.NAD:DSD_NAMAIN1@DF_QNA_EXPENDITURE_CAPITA(1.1),Quarterly GDP per capita,I,Q,Quarterly,Y,Calendar and seasonally adjusted,MEX,Mexico,S1,Total economy,S1,Total economy,B1GQ_POP,"Gross domestic product, per capita",_Z,Not applicable,_Z,Not applicable,_Z,Not applicable,USD_PPP_PS,"US dollars per person, PPP converted",LR,Chain linked volume (rebased),LA,Annual levels,T0102,Table 0102 - GDP identity from the expenditure side,2023-Q2,,21509.8,,2020,,,,F,Free (free for publication),1,One,P,Provisional value,0,Units,USD,US dollar
DATAFLOW,OECD.SDD.NAD:DSD_NAMAIN1@DF_QNA_EXPENDITURE_CAPITA(1.1),Quarterly GDP per capita,I,Q,Quarterly,Y,Calendar and seasonally adjusted,MEX,Mexico,S1,Total economy,S1,Total economy,B1GQ_POP,"Gross domestic product, per capita",_Z,Not applicable,_Z,Not applicable,_Z,Not applicable,USD_PPP_PS,"US dollars per person, PPP converted",V,Current prices,LA,Annual levels,T0102,Table 0102 - GDP identity from the expenditure side,2024-Q2,,25832.6,,,,,,F,Free (free for publication),1,One,P,Provisional value,0,Units,USD,US dollar
DATAFLOW,OECD.SDD.NAD:DSD_NAMAIN1@DF_QNA_EXPENDITURE_CAPITA(1.1),Quarterly GDP per capita,I,Q,Quarterly,Y,Calendar and seasonally adjusted,MEX,Mexico,S1,Total economy,S1,Total economy,B1GQ_POP,"Gross domestic product, per capita",_Z,Not applicable,_Z,Not applicable,_Z,Not applicable,USD_PPP_PS,"US dollars per person, PPP converted",LR,Chain linked volume (rebased),LA,Annual levels,T0102,Table 0102 - GDP identity from the expenditure side,2025-Q4,,21799.1,,2020,,,,F,Free (free for publication),1,One,P,Provisional value,0,Units,USD,US dollar
DATAFLOW,OECD.SDD.NAD:DSD_NAMAIN1@DF_QNA_EXPENDITURE_CAPITA(1.1),Quarterly GDP per capita,I,Q,Quarterly,Y,Calendar and seasonally adjusted,MEX,Mexico,S1,Total economy,S1,Total economy,B1GQ_POP,"Gross domestic product, per capita",_Z,Not applicable,_Z,Not applicable,_Z,Not applicable,USD_PPP_PS,"US dollars per person, PPP converted",LR,Chain linked volume (rebased),LA,Annual levels,T0102,Table 0102 - GDP identity from the expenditure side,2025-Q3,,21683.4,,2020,,,,F,Free (free for publication),1,One,P,Provisional value,0,Units,USD,US dollar
DATAFLOW,OECD.SDD.NAD:DSD_NAMAIN1@DF_QNA_EXPENDITURE_CAPITA(1.1),Quarterly GDP per capita,I,Q,Quarterly,Y,Calendar and seasonally adjusted,MEX,Mexico,S1,Total economy,S1,Total economy,B1GQ_POP,"Gross domestic product, per capita",_Z,Not applicable,_Z,Not applicable,_Z,Not applicable,USD_PPP_PS,"US dollars per person, PPP converted",LR,Chain linked volume (rebased),LA,Annual levels,T0102,Table 0102 - GDP identity from the expenditure side,2023-Q1,,21372.4,,2020,,,,F,Free (free for publication),1,One,P,Provisional value,0,Units,USD,US dollar
DATAFLOW,OECD.SDD.NAD:DSD_NAMAIN1@DF_QNA_EXPENDITURE_CAPITA(1.1),Quarterly GDP per capita,I,Q,Quarterly,Y,Calendar and seasonally adjusted,LUX,Luxembourg,S1,Total economy,S1,Total economy,B1GQ_POP,"Gross domestic product, per capita",_Z,Not applicable,_Z,Not applicable,_Z,Not applicable,USD_PPP_PS,"US dollars per person, PPP converted",V,Current prices,LA,Annual levels,T0102,Table 0102 - GDP identity from the expenditure side,2025-Q2,,156142.9,,,,,,F,Free (free for publication),1,One,P,Provisional value,0,Units,USD,US dollar
DATAFLOW,OECD.SDD.NAD:DSD_NAMAIN1@DF_QNA_EXPENDITURE_CAPITA(1.1),Quarterly GDP per capita,I,Q,Quarterly,Y,Calendar and seasonally adjusted,LUX,Luxembourg,S1,Total economy,S1,Total economy,B1GQ_POP,"Gross domestic product, per capita",_Z,Not applicable,_Z,Not applicable,_Z,Not applicable,USD_PPP_PS,"US dollars per person, PPP converted",LR,Chain linked volume (rebased),LA,Annual levels,T0102,Table 0102 - GDP identity from the expenditure side,2025-Q1,,119162.5,,2020,,,,F,Free (free for publication),1,One,P,Provisional value,0,Units,USD,US dollar
DATAFLOW,OECD.SDD.NAD:DSD_NAMAIN1@DF_QNA_EXPENDITURE_CAPITA(1.1),Quarterly GDP per capita,I,Q,Quarterly,Y,Calendar and seasonally adjusted,LUX,Luxembourg,S1,Total economy,S1,Total economy,B1GQ_POP,"Gross domestic product, per capita",_Z,Not applicable,_Z,Not applicable,_Z,Not applicable,USD_PPP_PS,"US dollars per person, PPP converted",LR,Chain linked volume (rebased),LA,Annual levels,T0102,Table 0102 - GDP identity from the expenditure side,2025-Q2,,119477.2,,2020,,,,F,Free (free for publication),1,One,P,Provisional value,0,Units,USD,US dollar
DATAFLOW,OECD.SDD.NAD:DSD_NAMAIN1@DF_QNA_EXPENDITURE_CAPITA(1.1),Quarterly GDP per capita,I,Q,Quarterly,Y,Calendar and seasonally adjusted,BGR,Bulgaria,S1,Total economy,S1,Total economy,B1GQ_POP,"Gross domestic product, per capita",_Z,Not applicable,_Z,Not applicable,_Z,Not applicable,USD_PPP_PS,"US dollars per person, PPP converted",LR,Chain linked volume (rebased),LA,Annual levels,T0102,Table 0102 - GDP identity from the expenditure side,2025-Q1,,31446.3,,2020,,,,F,Free (free for publication),1,One,P,Provisional value,0,Units,USD,US dollar
DATAFLOW,OECD.SDD.NAD:DSD_NAMAIN1@DF_QNA_EXPENDITURE_CAPITA(1.1),Quarterly GDP per capita,I,Q,Quarterly,Y,Calendar and seasonally adjusted,BGR,Bulgaria,S1,Total economy,S1,Total economy,B1GQ_POP,"Gross domestic product, per capita",_Z,Not applicable,_Z,Not applicable,_Z,Not applicable,USD_PPP_PS,"US dollars per person, PPP converted",V,Current prices,LA,Annual levels,T0102,Table 0102 - GDP identity from the expenditure side,2025-Q4,,45566.7,,,,,,F,Free (free for publication),1,One,P,Provisional value,0,Units,USD,US dollar
DATAFLOW,OECD.SDD.NAD:DSD_NAMAIN1@DF_QNA_EXPENDITURE_CAPITA(1.1),Quarterly GDP per capita,I,Q,Quarterly,Y,Calendar and seasonally adjusted,BGR,Bulgaria,S1,Total economy,S1,Total economy,B1GQ_POP,"Gross domestic product, per capita",_Z,Not applicable,_Z,Not applicable,_Z,Not applicable,USD_PPP_PS,"US dollars per person, PPP converted",V,Current prices,LA,Annual levels,T0102,Table 0102 - GDP identity from the expenditure side,2025-Q3,,44642,,,,,,F,Free (free for publication),1,One,P,Provisional value,0,Units,USD,US dollar
DATAFLOW,OECD.SDD.NAD:DSD_NAMAIN1@DF_QNA_EXPENDITURE_CAPITA(1.1),Quarterly GDP per capita,I,Q,Quarterly,Y,Calendar and seasonally adjusted,BGR,Bulgaria,S1,Total economy,S1,Total economy,B1GQ_POP,"Gross domestic product, per capita",_Z,Not applicable,_Z,Not applicable,_Z,Not applicable,USD_PPP_PS,"US dollars per person, PPP converted",LR,Chain linked volume (rebased),LA,Annual levels,T0102,Table 0102 - GDP identity from the expenditure side,2025-Q4,,32265.8,,2020,,,,F,Free (free for publication),1,One,P,Provisional value,0,Units,USD,US dollar
DATAFLOW,OECD.SDD.NAD:DSD_NAMAIN1@DF_QNA_EXPENDITURE_CAPITA(1.1),Quarterly GDP per capita,I,Q,Quarterly,Y,Calendar and seasonally adjusted,BGR,Bulgaria,S1,Total economy,S1,Total economy,B1GQ_POP,"Gross domestic product, per capita",_Z,Not applicable,_Z,Not applicable,_Z,Not applicable,USD_PPP_PS,"US dollars per person, PPP converted",LR,Chain linked volume (rebased),LA,Annual levels,T0102,Table 0102 - GDP identity from the expenditure side,2025-Q3,,31984.2,,2020,,,,F,Free (free for publication),1,One,P,Provisional value,0,Units,USD,US dollar
DATAFLOW,OECD.SDD.NAD:DSD_NAMAIN1@DF_QNA_EXPENDITURE_CAPITA(1.1),Quarterly GDP per capita,I,Q,Quarterly,Y,Calendar and seasonally adjusted,BGR,Bulgaria,S1,Total economy,S1,Total economy,B1GQ_POP,"Gross domestic product, per capita",_Z,Not applicable,_Z,Not applicable,_Z,Not applicable,USD_PPP_PS,"US dollars per person, PPP converted",LR,Chain linked volume (rebased),LA,Annual levels,T0102,Table 0102 - GDP identity from the expenditure side,2025-Q2,,31737.8,,2020,,,,F,Free (free for publication),1,One,P,Provisional value,0,Units,USD,US dollar
DATAFLOW,OECD.SDD.NAD:DSD_NAMAIN1@DF_QNA_EXPENDITURE_CAPITA(1.1),Quarterly GDP per capita,I,Q,Quarterly,Y,Calendar and seasonally adjusted,ROU,Romania,S1,Total economy,S1,Total economy,B1GQ_POP,"Gross domestic product, per capita",_Z,Not applicable,_Z,Not applicable,_Z,Not applicable,USD_PPP_PS,"US dollars per person, PPP converted",LR,Chain linked volume (rebased),LA,Annual levels,T0102,Table 0102 - GDP identity from the expenditure side,2024-Q1,,36889.7,,2020,,,,F,Free (free for publication),1,One,P,Provisional value,0,Units,USD,US dollar
DATAFLOW,OECD.SDD.NAD:DSD_NAMAIN1@DF_QNA_EXPENDITURE_CAPITA(1.1),Quarterly GDP per capita,I,Q,Quarterly,Y,Calendar and seasonally adjusted,HRV,Croatia,S1,Total economy,S1,Total economy,B1GQ_POP,"Gross domestic product, per capita",_Z,Not applicable,_Z,Not applicable,_Z,Not applicable,USD_PPP_PS,"US dollars per person, PPP converted",V,Current prices,LA,Annual levels,T0102,Table 0102 - GDP identity from the expenditure side,2025-Q4,,52654.535015236,,,,,,F,Free (free for publication),1,One,P,Provisional value,0,Units,USD,US dollar
DATAFLOW,OECD.SDD.NAD:DSD_NAMAIN1@DF_QNA_EXPENDITURE_CAPITA(1.1),Quarterly GDP per capita,I,Q,Quarterly,Y,Calendar and seasonally adjusted,ESP,Spain,S1,Total economy,S1,Total economy,B1GQ_POP,"Gross domestic product, per capita",_Z,Not applicable,_Z,Not applicable,_Z,Not applicable,USD_PPP_PS,"US dollars per person, PPP converted",V,Current prices,LA,Annual levels,T0102,Table 0102 - GDP identity from the expenditure side,2025-Q3,,60795.8,,,,,,F,Free (free for publication),1,One,P,Provisional value,0,Units,USD,US dollar
DATAFLOW,OECD.SDD.NAD:DSD_NAMAIN1@DF_QNA_EXPENDITURE_CAPITA(1.1),Quarterly GDP per capita,I,Q,Quarterly,Y,Calendar and seasonally adjusted,OECDE,OECD Europe,S1,Total economy,S1,Total economy,B1GQ_POP,"Gross domestic product, per capita",_Z,Not applicable,_Z,Not applicable,_Z,Not applicable,USD_PPP_PS,"US dollars per person, PPP converted",LR,Chain linked volume (rebased),LA,Annual levels,T0102,Table 0102 - GDP identity from the expenditure side,2024-Q2,,51688.3,,2020,,,,F,Free (free for publication),1,One,A,Normal value,0,Units,USD,US dollar
DATAFLOW,OECD.SDD.NAD:DSD_NAMAIN1@DF_QNA_EXPENDITURE_CAPITA(1.1),Quarterly GDP per capita,I,Q,Quarterly,Y,Calendar and seasonally adjusted,KOR,Korea,S1,Total economy,S1,Total economy,B1GQ_POP,"Gross domestic product, per capita",_Z,Not applicable,_Z,Not applicable,_Z,Not applicable,USD_PPP_PS,"US dollars per person, PPP converted",V,Current prices,LA,Annual levels,T0102,Table 0102 - GDP identity from the expenditure side,2025-Q4,,65064.6,,,,,,F,Free (free for publication),1,One,E,Estimated value,0,Units,USD,US dollar
DATAFLOW,OECD.SDD.NAD:DSD_NAMAIN1@DF_QNA_EXPENDITURE_CAPITA(1.1),Quarterly GDP per capita,I,Q,Quarterly,Y,Calendar and seasonally adjusted,NLD,Netherlands,S1,Total economy,S1,Total economy,B1GQ_POP,"Gross domestic product, per capita",_Z,Not applicable,_Z,Not applicable,_Z,Not applicable,USD_PPP_PS,"US dollars per person, PPP converted",LR,Chain linked volume (rebased),LA,Annual levels,T0102,Table 0102 - GDP identity from the expenditure side,2024-Q2,,68025.2,,2020,,,,F,Free (free for publication),1,One,P,Provisional value,0,Units,USD,US dollar
DATAFLOW,OECD.SDD.NAD:DSD_NAMAIN1@DF_QNA_EXPENDITURE_CAPITA(1.1),Quarterly GDP per capita,I,Q,Quarterly,Y,Calendar and seasonally adjusted,JPN,Japan,S1,Total economy,S1,Total economy,B1GQ_POP,"Gross domestic product, per capita",_Z,Not applicable,_Z,Not applicable,_Z,Not applicable,USD_PPP_PS,"US dollars per person, PPP converted",V,Current prices,LA,Annual levels,T0102,Table 0102 - GDP identity from the expenditure side,2025-Q2,,56426.3,,,,,,F,Free (free for publication),1,One,P,Provisional value,0,Units,USD,US dollar
DATAFLOW,OECD.SDD.NAD:DSD_NAMAIN1@DF_QNA_EXPENDITURE_CAPITA(1.1),Quarterly GDP per capita,I,Q,Quarterly,Y,Calendar and seasonally adjusted,ISL,Iceland,S1,Total economy,S1,Total economy,B1GQ_POP,"Gross domestic product, per capita",_Z,Not applicable,_Z,Not applicable,_Z,Not applicable,USD_PPP_PS,"US dollars per person, PPP converted",LR,Chain linked volume (rebased),LA,Annual levels,T0102,Table 0102 - GDP identity from the expenditure side,2023-Q2,,67387.8,,2020,,,,F,Free (free for publication),1,One,P,Provisional value,0,Units,USD,US dollar
DATAFLOW,OECD.SDD.NAD:DSD_NAMAIN1@DF_QNA_EXPENDITURE_CAPITA(1.1),Quarterly GDP per capita,I,Q,Quarterly,Y,Calendar and seasonally adjusted,ISL,Iceland,S1,Total economy,S1,Total economy,B1GQ_POP,"Gross domestic product, per capita",_Z,Not applicable,_Z,Not applicable,_Z,Not applicable,USD_PPP_PS,"US dollars per person, PPP converted",LR,Chain linked volume (rebased),LA,Annual levels,T0102,Table 0102 - GDP identity from the expenditure side,2023-Q1,,66198.4,,2020,,,,F,Free (free for publication),1,One,P,Provisional value,0,Units,USD,US dollar
DATAFLOW,OECD.SDD.NAD:DSD_NAMAIN1@DF_QNA_EXPENDITURE_CAPITA(1.1),Quarterly GDP per capita,I,Q,Quarterly,Y,Calendar and seasonally adjusted,ISL,Iceland,S1,Total economy,S1,Total economy,B1GQ_POP,"Gross domestic product, per capita",_Z,Not applicable,_Z,Not applicable,_Z,Not applicable,USD_PPP_PS,"US dollars per person, PPP converted",LR,Chain linked volume (rebased),LA,Annual levels,T0102,Table 0102 - GDP identity from the expenditure side,2025-Q4,,63373.2,,2020,,,,F,Free (free for publication),1,One,P,Provisional value,0,Units,USD,US dollar
DATAFLOW,OECD.SDD.NAD:DSD_NAMAIN1@DF_QNA_EXPENDITURE_CAPITA(1.1),Quarterly GDP per capita,I,Q,Quarterly,Y,Calendar and seasonally adjusted,ISL,Iceland,S1,Total economy,S1,Total economy,B1GQ_POP,"Gross domestic product, per capita",_Z,Not applicable,_Z,Not applicable,_Z,Not applicable,USD_PPP_PS,"US dollars per person, PPP converted",LR,Chain linked volume (rebased),LA,Annual levels,T0102,Table 0102 - GDP identity from the expenditure side,2025-Q3,,64083.1,,2020,,,,F,Free (free for publication),1,One,P,Provisional value,0,Units,USD,US dollar
DATAFLOW,OECD.SDD.NAD:DSD_NAMAIN1@DF_QNA_EXPENDITURE_CAPITA(1.1),Quarterly GDP per capita,I,Q,Quarterly,Y,Calendar and seasonally adjusted,ISL,Iceland,S1,Total economy,S1,Total economy,B1GQ_POP,"Gross domestic product, per capita",_Z,Not applicable,_Z,Not applicable,_Z,Not applicable,USD_PPP_PS,"US dollars per person, PPP converted",LR,Chain linked volume (rebased),LA,Annual levels,T0102,Table 0102 - GDP identity from the expenditure side,2025-Q2,,63475.9,,2020,,,,F,Free (free for publication),1,One,P,Provisional value,0,Units,USD,US dollar
DATAFLOW,OECD.SDD.NAD:DSD_NAMAIN1@DF_QNA_EXPENDITURE_CAPITA(1.1),Quarterly GDP per capita,I,Q,Quarterly,Y,Calendar and seasonally adjusted,ISL,Iceland,S1,Total economy,S1,Total economy,B1GQ_POP,"Gross domestic product, per capita",_Z,Not applicable,_Z,Not applicable,_Z,Not applicable,USD_PPP_PS,"US dollars per person, PPP converted",V,Current prices,LA,Annual levels,T0102,Table 0102 - GDP identity from the expenditure side,2023-Q3,,82096.4,,,,,,F,Free (free for publication),1,One,P,Provisional value,0,Units,USD,US dollar
DATAFLOW,OECD.SDD.NAD:DSD_NAMAIN1@DF_QNA_EXPENDITURE_CAPITA(1.1),Quarterly GDP per capita,I,Q,Quarterly,Y,Calendar and seasonally adjusted,LUX,Luxembourg,S1,Total economy,S1,Total economy,B1GQ_POP,"Gross domestic product, per capita",_Z,Not applicable,_Z,Not applicable,_Z,Not applicable,USD_PPP_PS,"US dollars per person, PPP converted",V,Current prices,LA,Annual levels,T0102,Table 0102 - GDP identity from the expenditure side,2025-Q3,,158919,,,,,,F,Free (free for publication),1,One,P,Provisional value,0,Units,USD,US dollar
DATAFLOW,OECD.SDD.NAD:DSD_NAMAIN1@DF_QNA_EXPENDITURE_CAPITA(1.1),Quarterly GDP per capita,I,Q,Quarterly,Y,Calendar and seasonally adjusted,JPN,Japan,S1,Total economy,S1,Total economy,B1GQ_POP,"Gross domestic product, per capita",_Z,Not applicable,_Z,Not applicable,_Z,Not applicable,USD_PPP_PS,"US dollars per person, PPP converted",V,Current prices,LA,Annual levels,T0102,Table 0102 - GDP identity from the expenditure side,2025-Q1,,55900.5,,,,,,F,Free (free for publication),1,One,P,Provisional value,0,Units,USD,US dollar
DATAFLOW,OECD.SDD.NAD:DSD_NAMAIN1@DF_QNA_EXPENDITURE_CAPITA(1.1),Quarterly GDP per capita,I,Q,Quarterly,Y,Calendar and seasonally adjusted,ISL,Iceland,S1,Total economy,S1,Total economy,B1GQ_POP,"Gross domestic product, per capita",_Z,Not applicable,_Z,Not applicable,_Z,Not applicable,USD_PPP_PS,"US dollars per person, PPP converted",V,Current prices,LA,Annual levels,T0102,Table 0102 - GDP identity from the expenditure side,2023-Q2,,84872.5,,,,,,F,Free (free for publication),1,One,P,Provisional value,0,Units,USD,US dollar
DATAFLOW,OECD.SDD.NAD:DSD_NAMAIN1@DF_QNA_EXPENDITURE_CAPITA(1.1),Quarterly GDP per capita,I,Q,Quarterly,Y,Calendar and seasonally adjusted,HUN,Hungary,S1,Total economy,S1,Total economy,B1GQ_POP,"Gross domestic product, per capita",_Z,Not applicable,_Z,Not applicable,_Z,Not applicable,USD_PPP_PS,"US dollars per person, PPP converted",V,Current prices,LA,Annual levels,T0102,Table 0102 - GDP identity from the expenditure side,2025-Q2,,49901.6,,,,,,F,Free (free for publication),1,One,P,Provisional value,0,Units,USD,US dollar
DATAFLOW,OECD.SDD.NAD:DSD_NAMAIN1@DF_QNA_EXPENDITURE_CAPITA(1.1),Quarterly GDP per capita,I,Q,Quarterly,Y,Calendar and seasonally adjusted,GRC,Greece,S1,Total economy,S1,Total economy,B1GQ_POP,"Gross domestic product, per capita",_Z,Not applicable,_Z,Not applicable,_Z,Not applicable,USD_PPP_PS,"US dollars per person, PPP converted",V,Current prices,LA,Annual levels,T0102,Table 0102 - GDP identity from the expenditure side,2023-Q3,,42165,,,,,,F,Free (free for publication),1,One,P,Provisional value,0,Units,USD,US dollar
DATAFLOW,OECD.SDD.NAD:DSD_NAMAIN1@DF_QNA_EXPENDITURE_CAPITA(1.1),Quarterly GDP per capita,I,Q,Quarterly,Y,Calendar and seasonally adjusted,DEU,Germany,S1,Total economy,S1,Total economy,B1GQ_POP,"Gross domestic product, per capita",_Z,Not applicable,_Z,Not applicable,_Z,Not applicable,USD_PPP_PS,"US dollars per person, PPP converted",LR,Chain linked volume (rebased),LA,Annual levels,T0102,Table 0102 - GDP identity from the expenditure side,2024-Q2,,60960.5,,2020,,,,F,Free (free for publication),1,One,P,Provisional value,0,Units,USD,US dollar
DATAFLOW,OECD.SDD.NAD:DSD_NAMAIN1@DF_QNA_EXPENDITURE_CAPITA(1.1),Quarterly GDP per capita,I,Q,Quarterly,Y,Calendar and seasonally adjusted,BEL,Belgium,S1,Total economy,S1,Total economy,B1GQ_POP,"Gross domestic product, per capita",_Z,Not applicable,_Z,Not applicable,_Z,Not applicable,USD_PPP_PS,"US dollars per person, PPP converted",LR,Chain linked volume (rebased),LA,Annual levels,T0102,Table 0102 - GDP identity from the expenditure side,2025-Q3,,62406.5,,2020,,,,F,Free (free for publication),1,One,P,Provisional value,0,Units,USD,US dollar
DATAFLOW,OECD.SDD.NAD:DSD_NAMAIN1@DF_QNA_EXPENDITURE_CAPITA(1.1),Quarterly GDP per capita,I,Q,Quarterly,Y,Calendar and seasonally adjusted,ROU,Romania,S1,Total economy,S1,Total economy,B1GQ_POP,"Gross domestic product, per capita",_Z,Not applicable,_Z,Not applicable,_Z,Not applicable,USD_PPP_PS,"US dollars per person, PPP converted",LR,Chain linked volume (rebased),LA,Annual levels,T0102,Table 0102 - GDP identity from the expenditure side,2024-Q2,,36712.9,,2020,,,,F,Free (free for publication),1,One,P,Provisional value,0,Units,USD,US dollar
DATAFLOW,OECD.SDD.NAD:DSD_NAMAIN1@DF_QNA_EXPENDITURE_CAPITA(1.1),Quarterly GDP per capita,I,Q,Quarterly,Y,Calendar and seasonally adjusted,ROU,Romania,S1,Total economy,S1,Total economy,B1GQ_POP,"Gross domestic product, per capita",_Z,Not applicable,_Z,Not applicable,_Z,Not applicable,USD_PPP_PS,"US dollars per person, PPP converted",V,Current prices,LA,Annual levels,T0102,Table 0102 - GDP identity from the expenditure side,2025-Q1,,50744.4,,,,,,F,Free (free for publication),1,One,P,Provisional value,0,Units,USD,US dollar
DATAFLOW,OECD.SDD.NAD:DSD_NAMAIN1@DF_QNA_EXPENDITURE_CAPITA(1.1),Quarterly GDP per capita,I,Q,Quarterly,Y,Calendar and seasonally adjusted,ROU,Romania,S1,Total economy,S1,Total economy,B1GQ_POP,"Gross domestic product, per capita",_Z,Not applicable,_Z,Not applicable,_Z,Not applicable,USD_PPP_PS,"US dollars per person, PPP converted",V,Current prices,LA,Annual levels,T0102,Table 0102 - GDP identity from the expenditure side,2024-Q4,,49972.2,,,,,,F,Free (free for publication),1,One,P,Provisional value,0,Units,USD,US dollar
DATAFLOW,OECD.SDD.NAD:DSD_NAMAIN1@DF_QNA_EXPENDITURE_CAPITA(1.1),Quarterly GDP per capita,I,Q,Quarterly,Y,Calendar and seasonally adjusted,ROU,Romania,S1,Total economy,S1,Total economy,B1GQ_POP,"Gross domestic product, per capita",_Z,Not applicable,_Z,Not applicable,_Z,Not applicable,USD_PPP_PS,"US dollars per person, PPP converted",V,Current prices,LA,Annual levels,T0102,Table 0102 - GDP identity from the expenditure side,2024-Q3,,49199.2,,,,,,F,Free (free for publication),1,One,P,Provisional value,0,Units,USD,US dollar
DATAFLOW,OECD.SDD.NAD:DSD_NAMAIN1@DF_QNA_EXPENDITURE_CAPITA(1.1),Quarterly GDP per capita,I,Q,Quarterly,Y,Calendar and seasonally adjusted,ROU,Romania,S1,Total economy,S1,Total economy,B1GQ_POP,"Gross domestic product, per capita",_Z,Not applicable,_Z,Not applicable,_Z,Not applicable,USD_PPP_PS,"US dollars per person, PPP converted",V,Current prices,LA,Annual levels,T0102,Table 0102 - GDP identity from the expenditure side,2024-Q2,,48572,,,,,,F,Free (free for publication),1,One,P,Provisional value,0,Units,USD,US dollar
DATAFLOW,OECD.SDD.NAD:DSD_NAMAIN1@DF_QNA_EXPENDITURE_CAPITA(1.1),Quarterly GDP per capita,I,Q,Quarterly,Y,Calendar and seasonally adjusted,ROU,Romania,S1,Total economy,S1,Total economy,B1GQ_POP,"Gross domestic product, per capita",_Z,Not applicable,_Z,Not applicable,_Z,Not applicable,USD_PPP_PS,"US dollars per person, PPP converted",V,Current prices,LA,Annual levels,T0102,Table 0102 - GDP identity from the expenditure side,2024-Q1,,48283.5,,,,,,F,Free (free for publication),1,One,P,Provisional value,0,Units,USD,US dollar
DATAFLOW,OECD.SDD.NAD:DSD_NAMAIN1@DF_QNA_EXPENDITURE_CAPITA(1.1),Quarterly GDP per capita,I,Q,Quarterly,Y,Calendar and seasonally adjusted,ROU,Romania,S1,Total economy,S1,Total economy,B1GQ_POP,"Gross domestic product, per capita",_Z,Not applicable,_Z,Not applicable,_Z,Not applicable,USD_PPP_PS,"US dollars per person, PPP converted",LR,Chain linked volume (rebased),LA,Annual levels,T0102,Table 0102 - GDP identity from the expenditure side,2025-Q1,,37188,,2020,,,,F,Free (free for publication),1,One,P,Provisional value,0,Units,USD,US dollar
DATAFLOW,OECD.SDD.NAD:DSD_NAMAIN1@DF_QNA_EXPENDITURE_CAPITA(1.1),Quarterly GDP per capita,I,Q,Quarterly,Y,Calendar and seasonally adjusted,ROU,Romania,S1,Total economy,S1,Total economy,B1GQ_POP,"Gross domestic product, per capita",_Z,Not applicable,_Z,Not applicable,_Z,Not applicable,USD_PPP_PS,"US dollars per person, PPP converted",LR,Chain linked volume (rebased),LA,Annual levels,T0102,Table 0102 - GDP identity from the expenditure side,2024-Q4,,37296.7,,2020,,,,F,Free (free for publication),1,One,P,Provisional value,0,Units,USD,US dollar
DATAFLOW,OECD.SDD.NAD:DSD_NAMAIN1@DF_QNA_EXPENDITURE_CAPITA(1.1),Quarterly GDP per capita,I,Q,Quarterly,Y,Calendar and seasonally adjusted,ROU,Romania,S1,Total economy,S1,Total economy,B1GQ_POP,"Gross domestic product, per capita",_Z,Not applicable,_Z,Not applicable,_Z,Not applicable,USD_PPP_PS,"US dollars per person, PPP converted",LR,Chain linked volume (rebased),LA,Annual levels,T0102,Table 0102 - GDP identity from the expenditure side,2024-Q3,,36953.8,,2020,,,,F,Free (free for publication),1,One,P,Provisional value,0,Units,USD,US dollar
DATAFLOW,OECD.SDD.NAD:DSD_NAMAIN1@DF_QNA_EXPENDITURE_CAPITA(1.1),Quarterly GDP per capita,I,Q,Quarterly,Y,Calendar and seasonally adjusted,ROU,Romania,S1,Total economy,S1,Total economy,B1GQ_POP,"Gross domestic product, per capita",_Z,Not applicable,_Z,Not applicable,_Z,Not applicable,USD_PPP_PS,"US dollars per person, PPP converted",V,Current prices,LA,Annual levels,T0102,Table 0102 - GDP identity from the expenditure side,2025-Q4,,51701.5,,,,,,F,Free (free for publication),1,One,P,Provisional value,0,Units,USD,US dollar
DATAFLOW,OECD.SDD.NAD:DSD_NAMAIN1@DF_QNA_EXPENDITURE_CAPITA(1.1),Quarterly GDP per capita,I,Q,Quarterly,Y,Calendar and seasonally adjusted,ROU,Romania,S1,Total economy,S1,Total economy,B1GQ_POP,"Gross domestic product, per capita",_Z,Not applicable,_Z,Not applicable,_Z,Not applicable,USD_PPP_PS,"US dollars per person, PPP converted",V,Current prices,LA,Annual levels,T0102,Table 0102 - GDP identity from the expenditure side,2025-Q3,,52086.4,,,,,,F,Free (free for publication),1,One,P,Provisional value,0,Units,USD,US dollar
DATAFLOW,OECD.SDD.NAD:DSD_NAMAIN1@DF_QNA_EXPENDITURE_CAPITA(1.1),Quarterly GDP per capita,I,Q,Quarterly,Y,Calendar and seasonally adjusted,ROU,Romania,S1,Total economy,S1,Total economy,B1GQ_POP,"Gross domestic product, per capita",_Z,Not applicable,_Z,Not applicable,_Z,Not applicable,USD_PPP_PS,"US dollars per person, PPP converted",LR,Chain linked volume (rebased),LA,Annual levels,T0102,Table 0102 - GDP identity from the expenditure side,2025-Q4,,36774.1,,2020,,,,F,Free (free for publication),1,One,P,Provisional value,0,Units,USD,US dollar
DATAFLOW,OECD.SDD.NAD:DSD_NAMAIN1@DF_QNA_EXPENDITURE_CAPITA(1.1),Quarterly GDP per capita,I,Q,Quarterly,Y,Calendar and seasonally adjusted,ROU,Romania,S1,Total economy,S1,Total economy,B1GQ_POP,"Gross domestic product, per capita",_Z,Not applicable,_Z,Not applicable,_Z,Not applicable,USD_PPP_PS,"US dollars per person, PPP converted",LR,Chain linked volume (rebased),LA,Annual levels,T0102,Table 0102 - GDP identity from the expenditure side,2025-Q3,,37502.5,,2020,,,,F,Free (free for publication),1,One,P,Provisional value,0,Units,USD,US dollar
DATAFLOW,OECD.SDD.NAD:DSD_NAMAIN1@DF_QNA_EXPENDITURE_CAPITA(1.1),Quarterly GDP per capita,I,Q,Quarterly,Y,Calendar and seasonally adjusted,ROU,Romania,S1,Total economy,S1,Total economy,B1GQ_POP,"Gross domestic product, per capita",_Z,Not applicable,_Z,Not applicable,_Z,Not applicable,USD_PPP_PS,"US dollars per person, PPP converted",LR,Chain linked volume (rebased),LA,Annual levels,T0102,Table 0102 - GDP identity from the expenditure side,2025-Q2,,37517.6,,2020,,,,F,Free (free for publication),1,One,P,Provisional value,0,Units,USD,US dollar
DATAFLOW,OECD.SDD.NAD:DSD_NAMAIN1@DF_QNA_EXPENDITURE_CAPITA(1.1),Quarterly GDP per capita,I,Q,Quarterly,Y,Calendar and seasonally adjusted,ROU,Romania,S1,Total economy,S1,Total economy,B1GQ_POP,"Gross domestic product, per capita",_Z,Not applicable,_Z,Not applicable,_Z,Not applicable,USD_PPP_PS,"US dollars per person, PPP converted",V,Current prices,LA,Annual levels,T0102,Table 0102 - GDP identity from the expenditure side,2025-Q2,,51508.4,,,,,,F,Free (free for publication),1,One,P,Provisional value,0,Units,USD,US dollar
DATAFLOW,OECD.SDD.NAD:DSD_NAMAIN1@DF_QNA_EXPENDITURE_CAPITA(1.1),Quarterly GDP per capita,I,Q,Quarterly,Y,Calendar and seasonally adjusted,HRV,Croatia,S1,Total economy,S1,Total economy,B1GQ_POP,"Gross domestic product, per capita",_Z,Not applicable,_Z,Not applicable,_Z,Not applicable,USD_PPP_PS,"US dollars per person, PPP converted",V,Current prices,LA,Annual levels,T0102,Table 0102 - GDP identity from the expenditure side,2024-Q4,,49593.019782807,,,,,,F,Free (free for publication),1,One,P,Provisional value,0,Units,USD,US dollar
DATAFLOW,OECD.SDD.NAD:DSD_NAMAIN1@DF_QNA_EXPENDITURE_CAPITA(1.1),Quarterly GDP per capita,I,Q,Quarterly,Y,Calendar and seasonally adjusted,HRV,Croatia,S1,Total economy,S1,Total economy,B1GQ_POP,"Gross domestic product, per capita",_Z,Not applicable,_Z,Not applicable,_Z,Not applicable,USD_PPP_PS,"US dollars per person, PPP converted",V,Current prices,LA,Annual levels,T0102,Table 0102 - GDP identity from the expenditure side,2024-Q3,,49480.669497483,,,,,,F,Free (free for publication),1,One,P,Provisional value,0,Units,USD,US dollar
